image_id,mode,iou0,iou1,iou,ari,used_inversion,num_pred_masks,pred_source,pred_paths,gt_path
rwtd_1,non_aggregated,0.17509460449192032,0.8249053955065538,0.8249053955065538,0.0,1,1,single,/home/galoren/rwtd_partition_nonsam/outputs/rwtd/stage2_ade_rwtd_watershed/masks/rwtd_1.png,/home/galoren/rwtd_partition_nonsam/data/rwtd_kaust256/labels/rwtd_1.png
rwtd_101,non_aggregated,0.2654507750879361,0.5243868658231778,0.5243868658231778,0.10153973228921384,1,1,single,/home/galoren/rwtd_partition_nonsam/outputs/rwtd/stage2_ade_rwtd_watershed/masks/rwtd_101.png,/home/galoren/rwtd_partition_nonsam/data/rwtd_kaust256/labels/rwtd_101.png
rwtd_102,non_aggregated,0.8416595458971532,0.1552210003979612,0.8416595458971532,-0.005900667683244199,0,1,single,/home/galoren/rwtd_partition_nonsam/outputs/rwtd/stage2_ade_rwtd_watershed/masks/rwtd_102.png,/home/galoren/rwtd_partition_nonsam/data/rwtd_kaust256/labels/rwtd_102.png
rwtd_103,non_aggregated,0.2867889404292499,0.7132110595692243,0.7132110595692243,0.0,1,1,single,/home/galoren/rwtd_partition_nonsam/outputs/rwtd/stage2_ade_rwtd_watershed/masks/rwtd_103.png,/home/galoren/rwtd_partition_nonsam/data/rwtd_kaust256/labels/rwtd_103.png
rwtd_104,non_aggregated,0.04007035252727679,0.9577178955063511,0.9577178955063511,-0.004183080451728416,1,1,single,/home/galoren/rwtd_partition_nonsam/outputs/rwtd/stage2_ade_rwtd_watershed/masks/rwtd_104.png,/home/galoren/rwtd_partition_nonsam/data/rwtd_kaust256/labels/rwtd_104.png
rwtd_106,non_aggregated,0.13698483551403787,0.8601287659403917,0.8601287659403917,0.08370673960200468,1,1,single,/home/galoren/rwtd_partition_nonsam/outputs/rwtd/stage2_ade_rwtd_watershed/masks/rwtd_106.png,/home/galoren/rwtd_partition_nonsam/data/rwtd_kaust256/labels/rwtd_106.png
rwtd_107,non_aggregated,0.5451972214563707,0.4535675048821204,0.5451972214563707,0.0010701557587361743,0,1,single,/home/galoren/rwtd_partition_nonsam/outputs/rwtd/stage2_ade_rwtd_watershed/masks/rwtd_107.png,/home/galoren/rwtd_partition_nonsam/data/rwtd_kaust256/labels/rwtd_107.png
rwtd_109,non_aggregated,0.33335876464792885,0.6662338059144063,0.6662338059144063,0.002418563866490442,1,1,single,/home/galoren/rwtd_partition_nonsam/outputs/rwtd/stage2_ade_rwtd_watershed/masks/rwtd_109.png,/home/galoren/rwtd_partition_nonsam/data/rwtd_kaust256/labels/rwtd_109.png
rwtd_118,non_aggregated,0.13333435072545158,0.8665466308580527,0.8665466308580527,-0.00023219395710964342,1,1,single,/home/galoren/rwtd_partition_nonsam/outputs/rwtd/stage2_ade_rwtd_watershed/masks/rwtd_118.png,/home/galoren/rwtd_partition_nonsam/data/rwtd_kaust256/labels/rwtd_118.png
rwtd_12,non_aggregated,0.4825310861065992,0.48238821284773475,0.4825310861065992,-0.0011541516992491397,0,1,single,/home/galoren/rwtd_partition_nonsam/outputs/rwtd/stage2_ade_rwtd_watershed/masks/rwtd_12.png,/home/galoren/rwtd_partition_nonsam/data/rwtd_kaust256/labels/rwtd_12.png
rwtd_121,non_aggregated,0.8763427734361628,0.12077279894655506,0.8763427734361628,-0.005522213472114333,0,1,single,/home/galoren/rwtd_partition_nonsam/outputs/rwtd/stage2_ade_rwtd_watershed/masks/rwtd_121.png,/home/galoren/rwtd_partition_nonsam/data/rwtd_kaust256/labels/rwtd_121.png
rwtd_122,non_aggregated,0.5024108886711084,0.4975891113273657,0.5024108886711084,0.0,0,1,single,/home/galoren/rwtd_partition_nonsam/outputs/rwtd/stage2_ade_rwtd_watershed/masks/rwtd_122.png,/home/galoren/rwtd_partition_nonsam/data/rwtd_kaust256/labels/rwtd_122.png
rwtd_125,non_aggregated,0.30575561523390843,0.6939969152288472,0.6939969152288472,0.0020425357740068606,1,1,single,/home/galoren/rwtd_partition_nonsam/outputs/rwtd/stage2_ade_rwtd_watershed/masks/rwtd_125.png,/home/galoren/rwtd_partition_nonsam/data/rwtd_kaust256/labels/rwtd_125.png
rwtd_128,non_aggregated,0.7147827148426593,0.2852172851558148,0.7147827148426593,0.0,0,1,single,/home/galoren/rwtd_partition_nonsam/outputs/rwtd/stage2_ade_rwtd_watershed/masks/rwtd_128.png,/home/galoren/rwtd_partition_nonsam/data/rwtd_kaust256/labels/rwtd_128.png
rwtd_129,non_aggregated,0.396475367275898,0.6030273437490798,0.6030273437490798,-0.0005640846904986847,1,1,single,/home/galoren/rwtd_partition_nonsam/outputs/rwtd/stage2_ade_rwtd_watershed/masks/rwtd_129.png,/home/galoren/rwtd_partition_nonsam/data/rwtd_kaust256/labels/rwtd_129.png
rwtd_13,non_aggregated,0.5290679931632551,0.4709320068352189,0.5290679931632551,0.0,0,1,single,/home/galoren/rwtd_partition_nonsam/outputs/rwtd/stage2_ade_rwtd_watershed/masks/rwtd_13.png,/home/galoren/rwtd_partition_nonsam/data/rwtd_kaust256/labels/rwtd_13.png
rwtd_134,non_aggregated,0.4995634549415348,0.46963376528547013,0.4995634549415348,-0.0018384642963641996,0,1,single,/home/galoren/rwtd_partition_nonsam/outputs/rwtd/stage2_ade_rwtd_watershed/masks/rwtd_134.png,/home/galoren/rwtd_partition_nonsam/data/rwtd_kaust256/labels/rwtd_134.png
rwtd_139,non_aggregated,0.28445826678946884,0.5757475021689553,0.5757475021689553,0.08565746576360411,1,1,single,/home/galoren/rwtd_partition_nonsam/outputs/rwtd/stage2_ade_rwtd_watershed/masks/rwtd_139.png,/home/galoren/rwtd_partition_nonsam/data/rwtd_kaust256/labels/rwtd_139.png
rwtd_14,non_aggregated,0.540265175815629,0.4592437744133617,0.540265175815629,0.0003728600515668074,0,1,single,/home/galoren/rwtd_partition_nonsam/outputs/rwtd/stage2_ade_rwtd_watershed/masks/rwtd_14.png,/home/galoren/rwtd_partition_nonsam/data/rwtd_kaust256/labels/rwtd_14.png
rwtd_142,non_aggregated,0.043184949403703765,0.9173679194984617,0.9173679194984617,0.4919567426832332,1,1,single,/home/galoren/rwtd_partition_nonsam/outputs/rwtd/stage2_ade_rwtd_watershed/masks/rwtd_142.png,/home/galoren/rwtd_partition_nonsam/data/rwtd_kaust256/labels/rwtd_142.png
rwtd_149,non_aggregated,0.5815015793300696,0.36803565743335237,0.5815015793300696,0.024820292242349166,0,1,single,/home/galoren/rwtd_partition_nonsam/outputs/rwtd/stage2_ade_rwtd_watershed/masks/rwtd_149.png,/home/galoren/rwtd_partition_nonsam/data/rwtd_kaust256/labels/rwtd_149.png
rwtd_15,non_aggregated,0.8993939208877465,0.10052797021378135,0.8993939208877465,0.007870925000582096,0,1,single,/home/galoren/rwtd_partition_nonsam/outputs/rwtd/stage2_ade_rwtd_watershed/masks/rwtd_15.png,/home/galoren/rwtd_partition_nonsam/data/rwtd_kaust256/labels/rwtd_15.png
rwtd_16,non_aggregated,0.6463489153671763,0.353240966796336,0.6463489153671763,0.0019102067543127275,0,1,single,/home/galoren/rwtd_partition_nonsam/outputs/rwtd/stage2_ade_rwtd_watershed/masks/rwtd_16.png,/home/galoren/rwtd_partition_nonsam/data/rwtd_kaust256/labels/rwtd_16.png
rwtd_17,non_aggregated,0.7426063058237383,0.2572326660152325,0.7426063058237383,0.0023496438179656733,0,1,single,/home/galoren/rwtd_partition_nonsam/outputs/rwtd/stage2_ade_rwtd_watershed/masks/rwtd_17.png,/home/galoren/rwtd_partition_nonsam/data/rwtd_kaust256/labels/rwtd_17.png
rwtd_175,non_aggregated,0.34079073958074496,0.6586761474599324,0.6586761474599324,-0.0007794429443529916,1,1,single,/home/galoren/rwtd_partition_nonsam/outputs/rwtd/stage2_ade_rwtd_watershed/masks/rwtd_175.png,/home/galoren/rwtd_partition_nonsam/data/rwtd_kaust256/labels/rwtd_175.png
rwtd_176,non_aggregated,0.2030334472653152,0.7969665527331589,0.7969665527331589,0.0,1,1,single,/home/galoren/rwtd_partition_nonsam/outputs/rwtd/stage2_ade_rwtd_watershed/masks/rwtd_176.png,/home/galoren/rwtd_partition_nonsam/data/rwtd_kaust256/labels/rwtd_176.png
rwtd_178,non_aggregated,0.4243011474602901,0.5754008245524883,0.5754008245524883,0.0004973339119154164,1,1,single,/home/galoren/rwtd_partition_nonsam/outputs/rwtd/stage2_ade_rwtd_watershed/masks/rwtd_178.png,/home/galoren/rwtd_partition_nonsam/data/rwtd_kaust256/labels/rwtd_178.png
rwtd_18,non_aggregated,0.24743448781343927,0.7519683837879151,0.7519683837879151,-0.0010620796851634115,1,1,single,/home/galoren/rwtd_partition_nonsam/outputs/rwtd/stage2_ade_rwtd_watershed/masks/rwtd_18.png,/home/galoren/rwtd_partition_nonsam/data/rwtd_kaust256/labels/rwtd_18.png
rwtd_180,non_aggregated,0.4746208013190239,0.5241653296653309,0.5241653296653309,8.965709365295437e-05,1,1,single,/home/galoren/rwtd_partition_nonsam/outputs/rwtd/stage2_ade_rwtd_watershed/masks/rwtd_180.png,/home/galoren/rwtd_partition_nonsam/data/rwtd_kaust256/labels/rwtd_180.png
rwtd_181,non_aggregated,0.9860074769192249,0.0,0.9860074769192249,0.0021154061299486653,0,1,single,/home/galoren/rwtd_partition_nonsam/outputs/rwtd/stage2_ade_rwtd_watershed/masks/rwtd_181.png,/home/galoren/rwtd_partition_nonsam/data/rwtd_kaust256/labels/rwtd_181.png
rwtd_182,non_aggregated,0.5166931152335866,0.4830544699552958,0.5166931152335866,-6.396116174557149e-05,0,1,single,/home/galoren/rwtd_partition_nonsam/outputs/rwtd/stage2_ade_rwtd_watershed/masks/rwtd_182.png,/home/galoren/rwtd_partition_nonsam/data/rwtd_kaust256/labels/rwtd_182.png
rwtd_183,non_aggregated,0.5493011474600993,0.449842589478788,0.5493011474600993,-0.0005651416387974794,0,1,single,/home/galoren/rwtd_partition_nonsam/outputs/rwtd/stage2_ade_rwtd_watershed/masks/rwtd_183.png,/home/galoren/rwtd_partition_nonsam/data/rwtd_kaust256/labels/rwtd_183.png
rwtd_184,non_aggregated,0.9999847412094116,1.5258789062476717e-05,0.9999847412094116,0.0,0,1,single,/home/galoren/rwtd_partition_nonsam/outputs/rwtd/stage2_ade_rwtd_watershed/masks/rwtd_184.png,/home/galoren/rwtd_partition_nonsam/data/rwtd_kaust256/labels/rwtd_184.png
rwtd_185,non_aggregated,0.412200927733746,0.587799072264728,0.587799072264728,0.0,1,1,single,/home/galoren/rwtd_partition_nonsam/outputs/rwtd/stage2_ade_rwtd_watershed/masks/rwtd_185.png,/home/galoren/rwtd_partition_nonsam/data/rwtd_kaust256/labels/rwtd_185.png
rwtd_186,non_aggregated,0.3940582275384612,0.6059417724600129,0.6059417724600129,0.0,1,1,single,/home/galoren/rwtd_partition_nonsam/outputs/rwtd/stage2_ade_rwtd_watershed/masks/rwtd_186.png,/home/galoren/rwtd_partition_nonsam/data/rwtd_kaust256/labels/rwtd_186.png
rwtd_188,non_aggregated,0.49468994140549516,0.505310058592979,0.505310058592979,0.0,1,1,single,/home/galoren/rwtd_partition_nonsam/outputs/rwtd/stage2_ade_rwtd_watershed/masks/rwtd_188.png,/home/galoren/rwtd_partition_nonsam/data/rwtd_kaust256/labels/rwtd_188.png
rwtd_189,non_aggregated,0.0618385081783499,0.9373168945298198,0.9373168945298198,-0.0016590083104151838,1,1,single,/home/galoren/rwtd_partition_nonsam/outputs/rwtd/stage2_ade_rwtd_watershed/masks/rwtd_189.png,/home/galoren/rwtd_partition_nonsam/data/rwtd_kaust256/labels/rwtd_189.png
rwtd_194,non_aggregated,0.506662189593085,0.4925671856133522,0.506662189593085,-5.738753818609433e-05,0,1,single,/home/galoren/rwtd_partition_nonsam/outputs/rwtd/stage2_ade_rwtd_watershed/masks/rwtd_194.png,/home/galoren/rwtd_partition_nonsam/data/rwtd_kaust256/labels/rwtd_194.png
rwtd_197,non_aggregated,0.5922088623037839,0.4077911376946903,0.5922088623037839,0.0,0,1,single,/home/galoren/rwtd_partition_nonsam/outputs/rwtd/stage2_ade_rwtd_watershed/masks/rwtd_197.png,/home/galoren/rwtd_partition_nonsam/data/rwtd_kaust256/labels/rwtd_197.png
rwtd_2,non_aggregated,0.45023508579036114,0.5495300292960364,0.5495300292960364,-0.00015453477094991313,1,1,single,/home/galoren/rwtd_partition_nonsam/outputs/rwtd/stage2_ade_rwtd_watershed/masks/rwtd_2.png,/home/galoren/rwtd_partition_nonsam/data/rwtd_kaust256/labels/rwtd_2.png
rwtd_200,non_aggregated,0.30497741699172215,0.695022583006752,0.695022583006752,0.0,1,1,single,/home/galoren/rwtd_partition_nonsam/outputs/rwtd/stage2_ade_rwtd_watershed/masks/rwtd_200.png,/home/galoren/rwtd_partition_nonsam/data/rwtd_kaust256/labels/rwtd_200.png
rwtd_201,non_aggregated,0.5129994338084546,0.48404426282124363,0.5129994338084546,-1.6768827298569014e-06,0,1,single,/home/galoren/rwtd_partition_nonsam/outputs/rwtd/stage2_ade_rwtd_watershed/masks/rwtd_201.png,/home/galoren/rwtd_partition_nonsam/data/rwtd_kaust256/labels/rwtd_201.png
rwtd_202,non_aggregated,0.31201283814716185,0.6868743896473894,0.6868743896473894,-0.0017590013296649495,1,1,single,/home/galoren/rwtd_partition_nonsam/outputs/rwtd/stage2_ade_rwtd_watershed/masks/rwtd_202.png,/home/galoren/rwtd_partition_nonsam/data/rwtd_kaust256/labels/rwtd_202.png
rwtd_205,non_aggregated,0.45263671874930933,0.5473632812491648,0.5473632812491648,0.0,1,1,single,/home/galoren/rwtd_partition_nonsam/outputs/rwtd/stage2_ade_rwtd_watershed/masks/rwtd_205.png,/home/galoren/rwtd_partition_nonsam/data/rwtd_kaust256/labels/rwtd_205.png
rwtd_207,non_aggregated,0.5204620361320184,0.4790371603554457,0.5204620361320184,-0.0001543466502487687,0,1,single,/home/galoren/rwtd_partition_nonsam/outputs/rwtd/stage2_ade_rwtd_watershed/masks/rwtd_207.png,/home/galoren/rwtd_partition_nonsam/data/rwtd_kaust256/labels/rwtd_207.png
rwtd_210,non_aggregated,0.45828379720785906,0.49546634149314406,0.49546634149314406,-0.005752248026702946,1,1,single,/home/galoren/rwtd_partition_nonsam/outputs/rwtd/stage2_ade_rwtd_watershed/masks/rwtd_210.png,/home/galoren/rwtd_partition_nonsam/data/rwtd_kaust256/labels/rwtd_210.png
rwtd_213,non_aggregated,0.4299796732429124,0.568679262573401,0.568679262573401,-0.00014057950105187837,1,1,single,/home/galoren/rwtd_partition_nonsam/outputs/rwtd/stage2_ade_rwtd_watershed/masks/rwtd_213.png,/home/galoren/rwtd_partition_nonsam/data/rwtd_kaust256/labels/rwtd_213.png
rwtd_214,non_aggregated,0.4523315429680598,0.5476684570304143,0.5476684570304143,0.0,1,1,single,/home/galoren/rwtd_partition_nonsam/outputs/rwtd/stage2_ade_rwtd_watershed/masks/rwtd_214.png,/home/galoren/rwtd_partition_nonsam/data/rwtd_kaust256/labels/rwtd_214.png
rwtd_215,non_aggregated,0.4030567752391979,0.5879098679089543,0.5879098679089543,0.01322099739655623,1,1,single,/home/galoren/rwtd_partition_nonsam/outputs/rwtd/stage2_ade_rwtd_watershed/masks/rwtd_215.png,/home/galoren/rwtd_partition_nonsam/data/rwtd_kaust256/labels/rwtd_215.png
rwtd_216,non_aggregated,0.5327064283198243,0.4670867919914748,0.5327064283198243,0.00012368618240436794,0,1,single,/home/galoren/rwtd_partition_nonsam/outputs/rwtd/stage2_ade_rwtd_watershed/masks/rwtd_216.png,/home/galoren/rwtd_partition_nonsam/data/rwtd_kaust256/labels/rwtd_216.png
rwtd_219,non_aggregated,0.46244812011648184,0.5375518798819923,0.5375518798819923,0.0,1,1,single,/home/galoren/rwtd_partition_nonsam/outputs/rwtd/stage2_ade_rwtd_watershed/masks/rwtd_219.png,/home/galoren/rwtd_partition_nonsam/data/rwtd_kaust256/labels/rwtd_219.png
rwtd_22,non_aggregated,0.45054626464775,0.5494537353507241,0.5494537353507241,0.0,1,1,single,/home/galoren/rwtd_partition_nonsam/outputs/rwtd/stage2_ade_rwtd_watershed/masks/rwtd_22.png,/home/galoren/rwtd_partition_nonsam/data/rwtd_kaust256/labels/rwtd_22.png
rwtd_221,non_aggregated,0.5194244384757699,0.4805755615227042,0.5194244384757699,0.0,0,1,single,/home/galoren/rwtd_partition_nonsam/outputs/rwtd/stage2_ade_rwtd_watershed/masks/rwtd_221.png,/home/galoren/rwtd_partition_nonsam/data/rwtd_kaust256/labels/rwtd_221.png
rwtd_222,non_aggregated,0.24369812011681563,0.7563018798816584,0.7563018798816584,0.0,1,1,single,/home/galoren/rwtd_partition_nonsam/outputs/rwtd/stage2_ade_rwtd_watershed/masks/rwtd_222.png,/home/galoren/rwtd_partition_nonsam/data/rwtd_kaust256/labels/rwtd_222.png
rwtd_224,non_aggregated,0.4934844970695595,0.5065155029289146,0.5065155029289146,0.0,1,1,single,/home/galoren/rwtd_partition_nonsam/outputs/rwtd/stage2_ade_rwtd_watershed/masks/rwtd_224.png,/home/galoren/rwtd_partition_nonsam/data/rwtd_kaust256/labels/rwtd_224.png
rwtd_228,non_aggregated,0.991577148435987,0.008422851562487147,0.991577148435987,0.0,0,1,single,/home/galoren/rwtd_partition_nonsam/outputs/rwtd/stage2_ade_rwtd_watershed/masks/rwtd_228.png,/home/galoren/rwtd_partition_nonsam/data/rwtd_kaust256/labels/rwtd_228.png
rwtd_229,non_aggregated,0.4171142578118635,0.582158906788875,0.582158906788875,0.001359745250229775,1,1,single,/home/galoren/rwtd_partition_nonsam/outputs/rwtd/stage2_ade_rwtd_watershed/masks/rwtd_229.png,/home/galoren/rwtd_partition_nonsam/data/rwtd_kaust256/labels/rwtd_229.png
rwtd_236,non_aggregated,0.531784057616376,0.46821594238209807,0.531784057616376,0.0,0,1,single,/home/galoren/rwtd_partition_nonsam/outputs/rwtd/stage2_ade_rwtd_watershed/masks/rwtd_236.png,/home/galoren/rwtd_partition_nonsam/data/rwtd_kaust256/labels/rwtd_236.png
rwtd_237,non_aggregated,0.5176544189445226,0.4823455810539515,0.5176544189445226,0.0,0,1,single,/home/galoren/rwtd_partition_nonsam/outputs/rwtd/stage2_ade_rwtd_watershed/masks/rwtd_237.png,/home/galoren/rwtd_partition_nonsam/data/rwtd_kaust256/labels/rwtd_237.png
rwtd_238,non_aggregated,0.4501647949211881,0.549835205077286,0.549835205077286,0.0,1,1,single,/home/galoren/rwtd_partition_nonsam/outputs/rwtd/stage2_ade_rwtd_watershed/masks/rwtd_238.png,/home/galoren/rwtd_partition_nonsam/data/rwtd_kaust256/labels/rwtd_238.png
rwtd_24,non_aggregated,0.17083740234348932,0.8291625976549848,0.8291625976549848,0.0,1,1,single,/home/galoren/rwtd_partition_nonsam/outputs/rwtd/stage2_ade_rwtd_watershed/masks/rwtd_24.png,/home/galoren/rwtd_partition_nonsam/data/rwtd_kaust256/labels/rwtd_24.png
rwtd_240,non_aggregated,0.5797576904288029,0.42024230956967124,0.5797576904288029,0.0,0,1,single,/home/galoren/rwtd_partition_nonsam/outputs/rwtd/stage2_ade_rwtd_watershed/masks/rwtd_240.png,/home/galoren/rwtd_partition_nonsam/data/rwtd_kaust256/labels/rwtd_240.png
rwtd_243,non_aggregated,0.0703861216496292,0.9272308349595226,0.9272308349595226,-0.004581115846897933,1,1,single,/home/galoren/rwtd_partition_nonsam/outputs/rwtd/stage2_ade_rwtd_watershed/masks/rwtd_243.png,/home/galoren/rwtd_partition_nonsam/data/rwtd_kaust256/labels/rwtd_243.png
rwtd_244,non_aggregated,0.24703979492149805,0.752960205076976,0.752960205076976,0.0,1,1,single,/home/galoren/rwtd_partition_nonsam/outputs/rwtd/stage2_ade_rwtd_watershed/masks/rwtd_244.png,/home/galoren/rwtd_partition_nonsam/data/rwtd_kaust256/labels/rwtd_244.png
rwtd_245,non_aggregated,0.34715270996040776,0.6527042085810305,0.6527042085810305,0.0007232910874625844,1,1,single,/home/galoren/rwtd_partition_nonsam/outputs/rwtd/stage2_ade_rwtd_watershed/masks/rwtd_245.png,/home/galoren/rwtd_partition_nonsam/data/rwtd_kaust256/labels/rwtd_245.png
rwtd_246,non_aggregated,0.4770965576164595,0.5229034423820146,0.5229034423820146,0.0,1,1,single,/home/galoren/rwtd_partition_nonsam/outputs/rwtd/stage2_ade_rwtd_watershed/masks/rwtd_246.png,/home/galoren/rwtd_partition_nonsam/data/rwtd_kaust256/labels/rwtd_246.png
rwtd_247,non_aggregated,0.5352478027335583,0.46475219726491585,0.5352478027335583,0.0,0,1,single,/home/galoren/rwtd_partition_nonsam/outputs/rwtd/stage2_ade_rwtd_watershed/masks/rwtd_247.png,/home/galoren/rwtd_partition_nonsam/data/rwtd_kaust256/labels/rwtd_247.png
rwtd_25,non_aggregated,0.3870583564900799,0.6115827635252908,0.6115827635252908,0.002374989714698744,1,1,single,/home/galoren/rwtd_partition_nonsam/outputs/rwtd/stage2_ade_rwtd_watershed/masks/rwtd_25.png,/home/galoren/rwtd_partition_nonsam/data/rwtd_kaust256/labels/rwtd_25.png
rwtd_250,non_aggregated,0.2102012879939486,0.747852226339053,0.747852226339053,0.24239774946496076,1,1,single,/home/galoren/rwtd_partition_nonsam/outputs/rwtd/stage2_ade_rwtd_watershed/masks/rwtd_250.png,/home/galoren/rwtd_partition_nonsam/data/rwtd_kaust256/labels/rwtd_250.png
rwtd_251,non_aggregated,0.4934082031242471,0.506591796874227,0.506591796874227,0.0,1,1,single,/home/galoren/rwtd_partition_nonsam/outputs/rwtd/stage2_ade_rwtd_watershed/masks/rwtd_251.png,/home/galoren/rwtd_partition_nonsam/data/rwtd_kaust256/labels/rwtd_251.png
rwtd_252,non_aggregated,0.18499755859346773,0.8150024414050064,0.8150024414050064,0.0,1,1,single,/home/galoren/rwtd_partition_nonsam/outputs/rwtd/stage2_ade_rwtd_watershed/masks/rwtd_252.png,/home/galoren/rwtd_partition_nonsam/data/rwtd_kaust256/labels/rwtd_252.png
rwtd_253,non_aggregated,0.5708283680133058,0.42169884169819044,0.5708283680133058,-0.005321594033731171,0,1,single,/home/galoren/rwtd_partition_nonsam/outputs/rwtd/stage2_ade_rwtd_watershed/masks/rwtd_253.png,/home/galoren/rwtd_partition_nonsam/data/rwtd_kaust256/labels/rwtd_253.png
rwtd_254,non_aggregated,0.4450533470074471,0.5531768798819684,0.5531768798819684,-0.0012516660501244552,1,1,single,/home/galoren/rwtd_partition_nonsam/outputs/rwtd/stage2_ade_rwtd_watershed/masks/rwtd_254.png,/home/galoren/rwtd_partition_nonsam/data/rwtd_kaust256/labels/rwtd_254.png
rwtd_256,non_aggregated,0.5028025964100759,0.49673461913986705,0.5028025964100759,2.0874309582179113e-05,0,1,single,/home/galoren/rwtd_partition_nonsam/outputs/rwtd/stage2_ade_rwtd_watershed/masks/rwtd_256.png,/home/galoren/rwtd_partition_nonsam/data/rwtd_kaust256/labels/rwtd_256.png
rwtd_257,non_aggregated,0.3708190917963092,0.629180908202165,0.629180908202165,0.0,1,1,single,/home/galoren/rwtd_partition_nonsam/outputs/rwtd/stage2_ade_rwtd_watershed/masks/rwtd_257.png,/home/galoren/rwtd_partition_nonsam/data/rwtd_kaust256/labels/rwtd_257.png
rwtd_258,non_aggregated,0.5319061279288758,0.46809387206959824,0.5319061279288758,0.0,0,1,single,/home/galoren/rwtd_partition_nonsam/outputs/rwtd/stage2_ade_rwtd_watershed/masks/rwtd_258.png,/home/galoren/rwtd_partition_nonsam/data/rwtd_kaust256/labels/rwtd_258.png
rwtd_259,non_aggregated,0.29343776719144155,0.706130981444235,0.706130981444235,-0.0007123673625901091,1,1,single,/home/galoren/rwtd_partition_nonsam/outputs/rwtd/stage2_ade_rwtd_watershed/masks/rwtd_259.png,/home/galoren/rwtd_partition_nonsam/data/rwtd_kaust256/labels/rwtd_259.png
rwtd_260,non_aggregated,0.5126800537101552,0.48731994628831893,0.5126800537101552,0.0,0,1,single,/home/galoren/rwtd_partition_nonsam/outputs/rwtd/stage2_ade_rwtd_watershed/masks/rwtd_260.png,/home/galoren/rwtd_partition_nonsam/data/rwtd_kaust256/labels/rwtd_260.png
rwtd_261,non_aggregated,0.57049911417837,0.42910766601497025,0.57049911417837,0.0005991808379651266,0,1,single,/home/galoren/rwtd_partition_nonsam/outputs/rwtd/stage2_ade_rwtd_watershed/masks/rwtd_261.png,/home/galoren/rwtd_partition_nonsam/data/rwtd_kaust256/labels/rwtd_261.png
rwtd_262,non_aggregated,0.5609434222834242,0.43468675362784814,0.5609434222834242,0.0016893195696368578,0,1,single,/home/galoren/rwtd_partition_nonsam/outputs/rwtd/stage2_ade_rwtd_watershed/masks/rwtd_262.png,/home/galoren/rwtd_partition_nonsam/data/rwtd_kaust256/labels/rwtd_262.png
rwtd_263,non_aggregated,0.4741058349602141,0.525886930646943,0.525886930646943,3.3314755447299874e-06,1,1,single,/home/galoren/rwtd_partition_nonsam/outputs/rwtd/stage2_ade_rwtd_watershed/masks/rwtd_263.png,/home/galoren/rwtd_partition_nonsam/data/rwtd_kaust256/labels/rwtd_263.png
rwtd_265,non_aggregated,0.19958496093719547,0.8004150390612786,0.8004150390612786,0.0,1,1,single,/home/galoren/rwtd_partition_nonsam/outputs/rwtd/stage2_ade_rwtd_watershed/masks/rwtd_265.png,/home/galoren/rwtd_partition_nonsam/data/rwtd_kaust256/labels/rwtd_265.png
rwtd_268,non_aggregated,0.4903869628898767,0.5096130371085974,0.5096130371085974,0.0,1,1,single,/home/galoren/rwtd_partition_nonsam/outputs/rwtd/stage2_ade_rwtd_watershed/masks/rwtd_268.png,/home/galoren/rwtd_partition_nonsam/data/rwtd_kaust256/labels/rwtd_268.png
rwtd_269,non_aggregated,0.5251955751122644,0.4716191352338675,0.5251955751122644,-0.0006858516234429884,0,1,single,/home/galoren/rwtd_partition_nonsam/outputs/rwtd/stage2_ade_rwtd_watershed/masks/rwtd_269.png,/home/galoren/rwtd_partition_nonsam/data/rwtd_kaust256/labels/rwtd_269.png
rwtd_27,non_aggregated,0.3397274684807934,0.59115817296749,0.59115817296749,0.012653408678177954,1,1,single,/home/galoren/rwtd_partition_nonsam/outputs/rwtd/stage2_ade_rwtd_watershed/masks/rwtd_27.png,/home/galoren/rwtd_partition_nonsam/data/rwtd_kaust256/labels/rwtd_27.png
rwtd_270,non_aggregated,0.6427307128896442,0.3561000963046974,0.6427307128896442,-0.001614702033620552,0,1,single,/home/galoren/rwtd_partition_nonsam/outputs/rwtd/stage2_ade_rwtd_watershed/masks/rwtd_270.png,/home/galoren/rwtd_partition_nonsam/data/rwtd_kaust256/labels/rwtd_270.png
rwtd_274,non_aggregated,0.5588603536193256,0.4408569335930773,0.5588603536193256,0.00034127399102756157,0,1,single,/home/galoren/rwtd_partition_nonsam/outputs/rwtd/stage2_ade_rwtd_watershed/masks/rwtd_274.png,/home/galoren/rwtd_partition_nonsam/data/rwtd_kaust256/labels/rwtd_274.png
rwtd_276,non_aggregated,0.32926940917918507,0.670730590819289,0.670730590819289,0.0,1,1,single,/home/galoren/rwtd_partition_nonsam/outputs/rwtd/stage2_ade_rwtd_watershed/masks/rwtd_276.png,/home/galoren/rwtd_partition_nonsam/data/rwtd_kaust256/labels/rwtd_276.png
rwtd_28,non_aggregated,0.5013275146476726,0.49867248535080155,0.5013275146476726,0.0,0,1,single,/home/galoren/rwtd_partition_nonsam/outputs/rwtd/stage2_ade_rwtd_watershed/masks/rwtd_28.png,/home/galoren/rwtd_partition_nonsam/data/rwtd_kaust256/labels/rwtd_28.png
rwtd_280,non_aggregated,0.42825708260684536,0.5709228515616288,0.5709228515616288,-0.0007170783280070132,1,1,single,/home/galoren/rwtd_partition_nonsam/outputs/rwtd/stage2_ade_rwtd_watershed/masks/rwtd_280.png,/home/galoren/rwtd_partition_nonsam/data/rwtd_kaust256/labels/rwtd_280.png
rwtd_281,non_aggregated,0.4602813720696102,0.5397186279288639,0.5397186279288639,0.0,1,1,single,/home/galoren/rwtd_partition_nonsam/outputs/rwtd/stage2_ade_rwtd_watershed/masks/rwtd_281.png,/home/galoren/rwtd_partition_nonsam/data/rwtd_kaust256/labels/rwtd_281.png
rwtd_282,non_aggregated,0.47061337892640276,0.5291442871085675,0.5291442871085675,-0.00010153569484626115,1,1,single,/home/galoren/rwtd_partition_nonsam/outputs/rwtd/stage2_ade_rwtd_watershed/masks/rwtd_282.png,/home/galoren/rwtd_partition_nonsam/data/rwtd_kaust256/labels/rwtd_282.png
rwtd_288,non_aggregated,0.6040802001943908,0.3946358395639026,0.6040802001943908,-0.0014678513241304948,0,1,single,/home/galoren/rwtd_partition_nonsam/outputs/rwtd/stage2_ade_rwtd_watershed/masks/rwtd_288.png,/home/galoren/rwtd_partition_nonsam/data/rwtd_kaust256/labels/rwtd_288.png
rwtd_293,non_aggregated,0.14536804748188006,0.852292694851021,0.852292694851021,0.00879342997286455,1,1,single,/home/galoren/rwtd_partition_nonsam/outputs/rwtd/stage2_ade_rwtd_watershed/masks/rwtd_293.png,/home/galoren/rwtd_partition_nonsam/data/rwtd_kaust256/labels/rwtd_293.png
rwtd_294,non_aggregated,0.5636901855460149,0.43630981445245925,0.5636901855460149,0.0,0,1,single,/home/galoren/rwtd_partition_nonsam/outputs/rwtd/stage2_ade_rwtd_watershed/masks/rwtd_294.png,/home/galoren/rwtd_partition_nonsam/data/rwtd_kaust256/labels/rwtd_294.png
rwtd_299,non_aggregated,0.5329132080069994,0.4670867919914748,0.5329132080069994,0.0,0,1,single,/home/galoren/rwtd_partition_nonsam/outputs/rwtd/stage2_ade_rwtd_watershed/masks/rwtd_299.png,/home/galoren/rwtd_partition_nonsam/data/rwtd_kaust256/labels/rwtd_299.png
rwtd_3,non_aggregated,0.6105194091787559,0.3887344170123614,0.6105194091787559,-0.0008857787742424211,0,1,single,/home/galoren/rwtd_partition_nonsam/outputs/rwtd/stage2_ade_rwtd_watershed/masks/rwtd_3.png,/home/galoren/rwtd_partition_nonsam/data/rwtd_kaust256/labels/rwtd_3.png
rwtd_30,non_aggregated,0.45637404643788476,0.4776691645931056,0.4776691645931056,-0.004798040245846348,1,1,single,/home/galoren/rwtd_partition_nonsam/outputs/rwtd/stage2_ade_rwtd_watershed/masks/rwtd_30.png,/home/galoren/rwtd_partition_nonsam/data/rwtd_kaust256/labels/rwtd_30.png
rwtd_300,non_aggregated,0.5541339936709098,0.4450836181633834,0.5541339936709098,0.0008472173628680825,0,1,single,/home/galoren/rwtd_partition_nonsam/outputs/rwtd/stage2_ade_rwtd_watershed/masks/rwtd_300.png,/home/galoren/rwtd_partition_nonsam/data/rwtd_kaust256/labels/rwtd_300.png
rwtd_302,non_aggregated,0.45036674816557093,0.5485319041721275,0.5485319041721275,-0.0002375361985573614,1,1,single,/home/galoren/rwtd_partition_nonsam/outputs/rwtd/stage2_ade_rwtd_watershed/masks/rwtd_302.png,/home/galoren/rwtd_partition_nonsam/data/rwtd_kaust256/labels/rwtd_302.png
rwtd_303,non_aggregated,0.35165405273383843,0.6466908890207627,0.6466908890207627,0.007629023142215396,1,1,single,/home/galoren/rwtd_partition_nonsam/outputs/rwtd/stage2_ade_rwtd_watershed/masks/rwtd_303.png,/home/galoren/rwtd_partition_nonsam/data/rwtd_kaust256/labels/rwtd_303.png
rwtd_304,non_aggregated,0.28263854980425623,0.7173614501942179,0.7173614501942179,0.0,1,1,single,/home/galoren/rwtd_partition_nonsam/outputs/rwtd/stage2_ade_rwtd_watershed/masks/rwtd_304.png,/home/galoren/rwtd_partition_nonsam/data/rwtd_kaust256/labels/rwtd_304.png
rwtd_308,non_aggregated,0.80442810058471,0.19557189941376407,0.80442810058471,0.0,0,1,single,/home/galoren/rwtd_partition_nonsam/outputs/rwtd/stage2_ade_rwtd_watershed/masks/rwtd_308.png,/home/galoren/rwtd_partition_nonsam/data/rwtd_kaust256/labels/rwtd_308.png
rwtd_310,non_aggregated,0.9052429199204937,0.09475708007798041,0.9052429199204937,0.0,0,1,single,/home/galoren/rwtd_partition_nonsam/outputs/rwtd/stage2_ade_rwtd_watershed/masks/rwtd_310.png,/home/galoren/rwtd_partition_nonsam/data/rwtd_kaust256/labels/rwtd_310.png
rwtd_311,non_aggregated,0.896835327147069,0.10316467285140508,0.896835327147069,0.0,0,1,single,/home/galoren/rwtd_partition_nonsam/outputs/rwtd/stage2_ade_rwtd_watershed/masks/rwtd_311.png,/home/galoren/rwtd_partition_nonsam/data/rwtd_kaust256/labels/rwtd_311.png
rwtd_315,non_aggregated,0.9114532470689217,0.08854675292955239,0.9114532470689217,0.0,0,1,single,/home/galoren/rwtd_partition_nonsam/outputs/rwtd/stage2_ade_rwtd_watershed/masks/rwtd_315.png,/home/galoren/rwtd_partition_nonsam/data/rwtd_kaust256/labels/rwtd_315.png
rwtd_318,non_aggregated,0.7728271484363207,0.22635831793082567,0.7728271484363207,-0.0014833998264773582,0,1,single,/home/galoren/rwtd_partition_nonsam/outputs/rwtd/stage2_ade_rwtd_watershed/masks/rwtd_318.png,/home/galoren/rwtd_partition_nonsam/data/rwtd_kaust256/labels/rwtd_318.png
rwtd_319,non_aggregated,0.4426422119133871,0.5573577880850871,0.5573577880850871,0.0,1,1,single,/home/galoren/rwtd_partition_nonsam/outputs/rwtd/stage2_ade_rwtd_watershed/masks/rwtd_319.png,/home/galoren/rwtd_partition_nonsam/data/rwtd_kaust256/labels/rwtd_319.png
rwtd_321,non_aggregated,0.43986785151582286,0.5588073730460223,0.5588073730460223,-0.0010088923792800266,1,1,single,/home/galoren/rwtd_partition_nonsam/outputs/rwtd/stage2_ade_rwtd_watershed/masks/rwtd_321.png,/home/galoren/rwtd_partition_nonsam/data/rwtd_kaust256/labels/rwtd_321.png
rwtd_322,non_aggregated,0.5687118161347308,0.4206626048394328,0.5687118161347308,-0.005600910932347589,0,1,single,/home/galoren/rwtd_partition_nonsam/outputs/rwtd/stage2_ade_rwtd_watershed/masks/rwtd_322.png,/home/galoren/rwtd_partition_nonsam/data/rwtd_kaust256/labels/rwtd_322.png
rwtd_323,non_aggregated,0.5191805706078261,0.47883204973055254,0.5191805706078261,-0.000475314075080578,0,1,single,/home/galoren/rwtd_partition_nonsam/outputs/rwtd/stage2_ade_rwtd_watershed/masks/rwtd_323.png,/home/galoren/rwtd_partition_nonsam/data/rwtd_kaust256/labels/rwtd_323.png
rwtd_324,non_aggregated,0.46896604349413357,0.5309448242179399,0.5309448242179399,-3.9227399560538887e-05,1,1,single,/home/galoren/rwtd_partition_nonsam/outputs/rwtd/stage2_ade_rwtd_watershed/masks/rwtd_324.png,/home/galoren/rwtd_partition_nonsam/data/rwtd_kaust256/labels/rwtd_324.png
rwtd_325,non_aggregated,0.45346069335868305,0.5452138648702346,0.5452138648702346,0.001148056500761246,1,1,single,/home/galoren/rwtd_partition_nonsam/outputs/rwtd/stage2_ade_rwtd_watershed/masks/rwtd_325.png,/home/galoren/rwtd_partition_nonsam/data/rwtd_kaust256/labels/rwtd_325.png
rwtd_327,non_aggregated,0.5543060302725917,0.44569396972588243,0.5543060302725917,0.0,0,1,single,/home/galoren/rwtd_partition_nonsam/outputs/rwtd/stage2_ade_rwtd_watershed/masks/rwtd_327.png,/home/galoren/rwtd_partition_nonsam/data/rwtd_kaust256/labels/rwtd_327.png
rwtd_328,non_aggregated,0.8132171630846966,0.18003907872643346,0.8132171630846966,-0.012320194659962383,0,1,single,/home/galoren/rwtd_partition_nonsam/outputs/rwtd/stage2_ade_rwtd_watershed/masks/rwtd_328.png,/home/galoren/rwtd_partition_nonsam/data/rwtd_kaust256/labels/rwtd_328.png
rwtd_329,non_aggregated,0.48014831542895486,0.5198516845695192,0.5198516845695192,0.0,1,1,single,/home/galoren/rwtd_partition_nonsam/outputs/rwtd/stage2_ade_rwtd_watershed/masks/rwtd_329.png,/home/galoren/rwtd_partition_nonsam/data/rwtd_kaust256/labels/rwtd_329.png
rwtd_33,non_aggregated,0.15480949857881796,0.8008586474745558,0.8008586474745558,0.016125379663719533,1,1,single,/home/galoren/rwtd_partition_nonsam/outputs/rwtd/stage2_ade_rwtd_watershed/masks/rwtd_33.png,/home/galoren/rwtd_partition_nonsam/data/rwtd_kaust256/labels/rwtd_33.png
rwtd_330,non_aggregated,0.37491030671230224,0.6241421999409679,0.6241421999409679,0.0017251007920732618,1,1,single,/home/galoren/rwtd_partition_nonsam/outputs/rwtd/stage2_ade_rwtd_watershed/masks/rwtd_330.png,/home/galoren/rwtd_partition_nonsam/data/rwtd_kaust256/labels/rwtd_330.png
rwtd_331,non_aggregated,0.4871488344284029,0.34205741913503274,0.4871488344284029,-0.03963663111396172,0,1,single,/home/galoren/rwtd_partition_nonsam/outputs/rwtd/stage2_ade_rwtd_watershed/masks/rwtd_331.png,/home/galoren/rwtd_partition_nonsam/data/rwtd_kaust256/labels/rwtd_331.png
rwtd_332,non_aggregated,0.6262817382802943,0.3709056910314196,0.6262817382802943,-0.003622724167913393,0,1,single,/home/galoren/rwtd_partition_nonsam/outputs/rwtd/stage2_ade_rwtd_watershed/masks/rwtd_332.png,/home/galoren/rwtd_partition_nonsam/data/rwtd_kaust256/labels/rwtd_332.png
rwtd_334,non_aggregated,0.36087501528622834,0.6379547119130891,0.6379547119130891,-0.0015859744148672445,1,1,single,/home/galoren/rwtd_partition_nonsam/outputs/rwtd/stage2_ade_rwtd_watershed/masks/rwtd_334.png,/home/galoren/rwtd_partition_nonsam/data/rwtd_kaust256/labels/rwtd_334.png
rwtd_337,non_aggregated,0.8027343749987751,0.19594057589992672,0.8027343749987751,-0.0024740203922716648,0,1,single,/home/galoren/rwtd_partition_nonsam/outputs/rwtd/stage2_ade_rwtd_watershed/masks/rwtd_337.png,/home/galoren/rwtd_partition_nonsam/data/rwtd_kaust256/labels/rwtd_337.png
rwtd_34,non_aggregated,0.28168288226339283,0.6972795439042305,0.6972795439042305,0.015048896726063365,1,1,single,/home/galoren/rwtd_partition_nonsam/outputs/rwtd/stage2_ade_rwtd_watershed/masks/rwtd_34.png,/home/galoren/rwtd_partition_nonsam/data/rwtd_kaust256/labels/rwtd_34.png
rwtd_342,non_aggregated,0.5493774414054117,0.4506225585930624,0.5493774414054117,0.0,0,1,single,/home/galoren/rwtd_partition_nonsam/outputs/rwtd/stage2_ade_rwtd_watershed/masks/rwtd_342.png,/home/galoren/rwtd_partition_nonsam/data/rwtd_kaust256/labels/rwtd_342.png
rwtd_343,non_aggregated,0.759552001951966,0.23971713530731795,0.759552001951966,-0.001311660385479386,0,1,single,/home/galoren/rwtd_partition_nonsam/outputs/rwtd/stage2_ade_rwtd_watershed/masks/rwtd_343.png,/home/galoren/rwtd_partition_nonsam/data/rwtd_kaust256/labels/rwtd_343.png
rwtd_344,non_aggregated,0.7271118164051406,0.2728881835933336,0.7271118164051406,0.0,0,1,single,/home/galoren/rwtd_partition_nonsam/outputs/rwtd/stage2_ade_rwtd_watershed/masks/rwtd_344.png,/home/galoren/rwtd_partition_nonsam/data/rwtd_kaust256/labels/rwtd_344.png
rwtd_345,non_aggregated,0.6809569611739401,0.31886291503857594,0.6809569611739401,0.0012774266302365313,0,1,single,/home/galoren/rwtd_partition_nonsam/outputs/rwtd/stage2_ade_rwtd_watershed/masks/rwtd_345.png,/home/galoren/rwtd_partition_nonsam/data/rwtd_kaust256/labels/rwtd_345.png
rwtd_346,non_aggregated,0.4853661811094761,0.3153482162134744,0.4853661811094761,-0.011042985946057769,0,1,single,/home/galoren/rwtd_partition_nonsam/outputs/rwtd/stage2_ade_rwtd_watershed/masks/rwtd_346.png,/home/galoren/rwtd_partition_nonsam/data/rwtd_kaust256/labels/rwtd_346.png
rwtd_347,non_aggregated,0.5815273792799867,0.4174982807359708,0.5815273792799867,-0.0007242976222748899,0,1,single,/home/galoren/rwtd_partition_nonsam/outputs/rwtd/stage2_ade_rwtd_watershed/masks/rwtd_347.png,/home/galoren/rwtd_partition_nonsam/data/rwtd_kaust256/labels/rwtd_347.png
rwtd_348,non_aggregated,0.7298126220691988,0.2701873779292752,0.7298126220691988,0.0,0,1,single,/home/galoren/rwtd_partition_nonsam/outputs/rwtd/stage2_ade_rwtd_watershed/masks/rwtd_348.png,/home/galoren/rwtd_partition_nonsam/data/rwtd_kaust256/labels/rwtd_348.png
rwtd_349,non_aggregated,0.6985473632801841,0.301111382510532,0.6985473632801841,-0.0005549832405856107,0,1,single,/home/galoren/rwtd_partition_nonsam/outputs/rwtd/stage2_ade_rwtd_watershed/masks/rwtd_349.png,/home/galoren/rwtd_partition_nonsam/data/rwtd_kaust256/labels/rwtd_349.png
rwtd_350,non_aggregated,0.2776031494136389,0.7223968505848352,0.7223968505848352,0.0,1,1,single,/home/galoren/rwtd_partition_nonsam/outputs/rwtd/stage2_ade_rwtd_watershed/masks/rwtd_350.png,/home/galoren/rwtd_partition_nonsam/data/rwtd_kaust256/labels/rwtd_350.png
rwtd_351,non_aggregated,0.5076770300198492,0.4917144775383122,0.5076770300198492,7.673571767372979e-05,0,1,single,/home/galoren/rwtd_partition_nonsam/outputs/rwtd/stage2_ade_rwtd_watershed/masks/rwtd_351.png,/home/galoren/rwtd_partition_nonsam/data/rwtd_kaust256/labels/rwtd_351.png
rwtd_352,non_aggregated,0.22421510961695176,0.7712695878593684,0.7712695878593684,0.06506538328675072,1,1,single,/home/galoren/rwtd_partition_nonsam/outputs/rwtd/stage2_ade_rwtd_watershed/masks/rwtd_352.png,/home/galoren/rwtd_partition_nonsam/data/rwtd_kaust256/labels/rwtd_352.png
rwtd_357,non_aggregated,0.39527893066345937,0.6047210693350148,0.6047210693350148,0.0,1,1,single,/home/galoren/rwtd_partition_nonsam/outputs/rwtd/stage2_ade_rwtd_watershed/masks/rwtd_357.png,/home/galoren/rwtd_partition_nonsam/data/rwtd_kaust256/labels/rwtd_357.png
rwtd_358,non_aggregated,0.8551872314290129,0.035800835295471525,0.8551872314290129,0.014879172035808283,0,1,single,/home/galoren/rwtd_partition_nonsam/outputs/rwtd/stage2_ade_rwtd_watershed/masks/rwtd_358.png,/home/galoren/rwtd_partition_nonsam/data/rwtd_kaust256/labels/rwtd_358.png
rwtd_359,non_aggregated,0.4280853271477843,0.5719146728506899,0.5719146728506899,0.0,1,1,single,/home/galoren/rwtd_partition_nonsam/outputs/rwtd/stage2_ade_rwtd_watershed/masks/rwtd_359.png,/home/galoren/rwtd_partition_nonsam/data/rwtd_kaust256/labels/rwtd_359.png
rwtd_36,non_aggregated,0.20790100097624525,0.7920989990222288,0.7920989990222288,0.0,1,1,single,/home/galoren/rwtd_partition_nonsam/outputs/rwtd/stage2_ade_rwtd_watershed/masks/rwtd_36.png,/home/galoren/rwtd_partition_nonsam/data/rwtd_kaust256/labels/rwtd_36.png
rwtd_362,non_aggregated,0.5034942626945442,0.4965057373039299,0.5034942626945442,0.0,0,1,single,/home/galoren/rwtd_partition_nonsam/outputs/rwtd/stage2_ade_rwtd_watershed/masks/rwtd_362.png,/home/galoren/rwtd_partition_nonsam/data/rwtd_kaust256/labels/rwtd_362.png
rwtd_363,non_aggregated,0.36442565917913144,0.6355743408193427,0.6355743408193427,0.0,1,1,single,/home/galoren/rwtd_partition_nonsam/outputs/rwtd/stage2_ade_rwtd_watershed/masks/rwtd_363.png,/home/galoren/rwtd_partition_nonsam/data/rwtd_kaust256/labels/rwtd_363.png
rwtd_364,non_aggregated,0.6979370117176851,0.3020629882807891,0.6979370117176851,0.0,0,1,single,/home/galoren/rwtd_partition_nonsam/outputs/rwtd/stage2_ade_rwtd_watershed/masks/rwtd_364.png,/home/galoren/rwtd_partition_nonsam/data/rwtd_kaust256/labels/rwtd_364.png
rwtd_365,non_aggregated,0.40686035156187916,0.593139648436595,0.593139648436595,0.0,1,1,single,/home/galoren/rwtd_partition_nonsam/outputs/rwtd/stage2_ade_rwtd_watershed/masks/rwtd_365.png,/home/galoren/rwtd_partition_nonsam/data/rwtd_kaust256/labels/rwtd_365.png
rwtd_366,non_aggregated,0.5064697265617272,0.491045142295616,0.5064697265617272,-0.00033853918008027627,0,1,single,/home/galoren/rwtd_partition_nonsam/outputs/rwtd/stage2_ade_rwtd_watershed/masks/rwtd_366.png,/home/galoren/rwtd_partition_nonsam/data/rwtd_kaust256/labels/rwtd_366.png
rwtd_367,non_aggregated,0.3778686523431734,0.6218370619216281,0.6218370619216281,0.000999804423033243,1,1,single,/home/galoren/rwtd_partition_nonsam/outputs/rwtd/stage2_ade_rwtd_watershed/masks/rwtd_367.png,/home/galoren/rwtd_partition_nonsam/data/rwtd_kaust256/labels/rwtd_367.png
rwtd_371,non_aggregated,0.41549091242541847,0.5834655761709847,0.5834655761709847,-0.0010273545280751646,1,1,single,/home/galoren/rwtd_partition_nonsam/outputs/rwtd/stage2_ade_rwtd_watershed/masks/rwtd_371.png,/home/galoren/rwtd_partition_nonsam/data/rwtd_kaust256/labels/rwtd_371.png
rwtd_373,non_aggregated,0.767105102537892,0.2315934275884882,0.767105102537892,-0.002350906978745742,0,1,single,/home/galoren/rwtd_partition_nonsam/outputs/rwtd/stage2_ade_rwtd_watershed/masks/rwtd_373.png,/home/galoren/rwtd_partition_nonsam/data/rwtd_kaust256/labels/rwtd_373.png
rwtd_374,non_aggregated,0.823791503904993,0.17560469093547582,0.823791503904993,-0.001148545568287349,0,1,single,/home/galoren/rwtd_partition_nonsam/outputs/rwtd/stage2_ade_rwtd_watershed/masks/rwtd_374.png,/home/galoren/rwtd_partition_nonsam/data/rwtd_kaust256/labels/rwtd_374.png
rwtd_376,non_aggregated,0.33340454101511624,0.6665954589833578,0.6665954589833578,0.0,1,1,single,/home/galoren/rwtd_partition_nonsam/outputs/rwtd/stage2_ade_rwtd_watershed/masks/rwtd_376.png,/home/galoren/rwtd_partition_nonsam/data/rwtd_kaust256/labels/rwtd_376.png
rwtd_377,non_aggregated,0.9057617187486179,0.08889980353620933,0.9057617187486179,-0.009957757795649048,0,1,single,/home/galoren/rwtd_partition_nonsam/outputs/rwtd/stage2_ade_rwtd_watershed/masks/rwtd_377.png,/home/galoren/rwtd_partition_nonsam/data/rwtd_kaust256/labels/rwtd_377.png
rwtd_378,non_aggregated,0.8260803222643645,0.17391967773410963,0.8260803222643645,0.0,0,1,single,/home/galoren/rwtd_partition_nonsam/outputs/rwtd/stage2_ade_rwtd_watershed/masks/rwtd_378.png,/home/galoren/rwtd_partition_nonsam/data/rwtd_kaust256/labels/rwtd_378.png
rwtd_38,non_aggregated,0.17773840255368697,0.8213358976694731,0.8213358976694731,0.0007762812066555391,1,1,single,/home/galoren/rwtd_partition_nonsam/outputs/rwtd/stage2_ade_rwtd_watershed/masks/rwtd_38.png,/home/galoren/rwtd_partition_nonsam/data/rwtd_kaust256/labels/rwtd_38.png
rwtd_380,non_aggregated,0.2642174286060421,0.7328186035145068,0.7328186035145068,-0.005091040422008972,1,1,single,/home/galoren/rwtd_partition_nonsam/outputs/rwtd/stage2_ade_rwtd_watershed/masks/rwtd_380.png,/home/galoren/rwtd_partition_nonsam/data/rwtd_kaust256/labels/rwtd_380.png
rwtd_382,non_aggregated,0.23663423216359084,0.6368671010892616,0.6368671010892616,-0.028401571664757555,1,1,single,/home/galoren/rwtd_partition_nonsam/outputs/rwtd/stage2_ade_rwtd_watershed/masks/rwtd_382.png,/home/galoren/rwtd_partition_nonsam/data/rwtd_kaust256/labels/rwtd_382.png
rwtd_383,non_aggregated,0.4243031545445273,0.5737807578919311,0.5737807578919311,-0.0006477398256856213,1,1,single,/home/galoren/rwtd_partition_nonsam/outputs/rwtd/stage2_ade_rwtd_watershed/masks/rwtd_383.png,/home/galoren/rwtd_partition_nonsam/data/rwtd_kaust256/labels/rwtd_383.png
rwtd_387,non_aggregated,0.23486272173040157,0.7641448974597715,0.7641448974597715,-0.001788816932621152,1,1,single,/home/galoren/rwtd_partition_nonsam/outputs/rwtd/stage2_ade_rwtd_watershed/masks/rwtd_387.png,/home/galoren/rwtd_partition_nonsam/data/rwtd_kaust256/labels/rwtd_387.png
rwtd_388,non_aggregated,0.29782187427285045,0.6690428697546368,0.6690428697546368,0.09665004784313834,1,1,single,/home/galoren/rwtd_partition_nonsam/outputs/rwtd/stage2_ade_rwtd_watershed/masks/rwtd_388.png,/home/galoren/rwtd_partition_nonsam/data/rwtd_kaust256/labels/rwtd_388.png
rwtd_389,non_aggregated,0.43074035644465525,0.5692596435538189,0.5692596435538189,0.0,1,1,single,/home/galoren/rwtd_partition_nonsam/outputs/rwtd/stage2_ade_rwtd_watershed/masks/rwtd_389.png,/home/galoren/rwtd_partition_nonsam/data/rwtd_kaust256/labels/rwtd_389.png
rwtd_39,non_aggregated,0.33991231782192743,0.5784826008916689,0.5784826008916689,-0.0145998183013437,1,1,single,/home/galoren/rwtd_partition_nonsam/outputs/rwtd/stage2_ade_rwtd_watershed/masks/rwtd_39.png,/home/galoren/rwtd_partition_nonsam/data/rwtd_kaust256/labels/rwtd_39.png
rwtd_391,non_aggregated,0.7819366455066193,0.21806335449185477,0.7819366455066193,0.0,0,1,single,/home/galoren/rwtd_partition_nonsam/outputs/rwtd/stage2_ade_rwtd_watershed/masks/rwtd_391.png,/home/galoren/rwtd_partition_nonsam/data/rwtd_kaust256/labels/rwtd_391.png
rwtd_392,non_aggregated,0.4770507812492721,0.5229492187492021,0.5229492187492021,0.0,1,1,single,/home/galoren/rwtd_partition_nonsam/outputs/rwtd/stage2_ade_rwtd_watershed/masks/rwtd_392.png,/home/galoren/rwtd_partition_nonsam/data/rwtd_kaust256/labels/rwtd_392.png
rwtd_393,non_aggregated,0.3265838623041892,0.661789106077996,0.661789106077996,0.05705853756658724,1,1,single,/home/galoren/rwtd_partition_nonsam/outputs/rwtd/stage2_ade_rwtd_watershed/masks/rwtd_393.png,/home/galoren/rwtd_partition_nonsam/data/rwtd_kaust256/labels/rwtd_393.png
rwtd_394,non_aggregated,0.4052156928564155,0.5884203511699158,0.5884203511699158,0.012523486222810744,1,1,single,/home/galoren/rwtd_partition_nonsam/outputs/rwtd/stage2_ade_rwtd_watershed/masks/rwtd_394.png,/home/galoren/rwtd_partition_nonsam/data/rwtd_kaust256/labels/rwtd_394.png
rwtd_395,non_aggregated,0.3750152587884903,0.6244058989827701,0.6244058989827701,0.002029473406675594,1,1,single,/home/galoren/rwtd_partition_nonsam/outputs/rwtd/stage2_ade_rwtd_watershed/masks/rwtd_395.png,/home/galoren/rwtd_partition_nonsam/data/rwtd_kaust256/labels/rwtd_395.png
rwtd_397,non_aggregated,0.2561950683589841,0.7434722158550007,0.7434722158550007,0.00488495049618249,1,1,single,/home/galoren/rwtd_partition_nonsam/outputs/rwtd/stage2_ade_rwtd_watershed/masks/rwtd_397.png,/home/galoren/rwtd_partition_nonsam/data/rwtd_kaust256/labels/rwtd_397.png
rwtd_398,non_aggregated,0.8459062883348799,0.05716359217556301,0.8459062883348799,0.2312297642423329,0,1,single,/home/galoren/rwtd_partition_nonsam/outputs/rwtd/stage2_ade_rwtd_watershed/masks/rwtd_398.png,/home/galoren/rwtd_partition_nonsam/data/rwtd_kaust256/labels/rwtd_398.png
rwtd_399,non_aggregated,0.41578809255450383,0.22714712367703924,0.41578809255450383,0.021444510090175707,0,1,single,/home/galoren/rwtd_partition_nonsam/outputs/rwtd/stage2_ade_rwtd_watershed/masks/rwtd_399.png,/home/galoren/rwtd_partition_nonsam/data/rwtd_kaust256/labels/rwtd_399.png
rwtd_4,non_aggregated,0.19415283203095374,0.8058471679675203,0.8058471679675203,0.0,1,1,single,/home/galoren/rwtd_partition_nonsam/outputs/rwtd/stage2_ade_rwtd_watershed/masks/rwtd_4.png,/home/galoren/rwtd_partition_nonsam/data/rwtd_kaust256/labels/rwtd_4.png
rwtd_40,non_aggregated,0.20127828286246277,0.7024031915893005,0.7024031915893005,0.02082340078296197,1,1,single,/home/galoren/rwtd_partition_nonsam/outputs/rwtd/stage2_ade_rwtd_watershed/masks/rwtd_40.png,/home/galoren/rwtd_partition_nonsam/data/rwtd_kaust256/labels/rwtd_40.png
rwtd_400,non_aggregated,0.5608367919913317,0.43874356742492593,0.5608367919913317,-0.00032576312184838687,0,1,single,/home/galoren/rwtd_partition_nonsam/outputs/rwtd/stage2_ade_rwtd_watershed/masks/rwtd_400.png,/home/galoren/rwtd_partition_nonsam/data/rwtd_kaust256/labels/rwtd_400.png
rwtd_403,non_aggregated,0.16284179687475153,0.8371582031237226,0.8371582031237226,0.0,1,1,single,/home/galoren/rwtd_partition_nonsam/outputs/rwtd/stage2_ade_rwtd_watershed/masks/rwtd_403.png,/home/galoren/rwtd_partition_nonsam/data/rwtd_kaust256/labels/rwtd_403.png
rwtd_408,non_aggregated,0.41912841796811046,0.5806476236995151,0.5806476236995151,0.0004100315250989986,1,1,single,/home/galoren/rwtd_partition_nonsam/outputs/rwtd/stage2_ade_rwtd_watershed/masks/rwtd_408.png,/home/galoren/rwtd_partition_nonsam/data/rwtd_kaust256/labels/rwtd_408.png
rwtd_41,non_aggregated,0.07547817726026668,0.8176087872297793,0.8176087872297793,0.0793626523373415,1,1,single,/home/galoren/rwtd_partition_nonsam/outputs/rwtd/stage2_ade_rwtd_watershed/masks/rwtd_41.png,/home/galoren/rwtd_partition_nonsam/data/rwtd_kaust256/labels/rwtd_41.png
rwtd_410,non_aggregated,0.36442565917913144,0.6355020374515277,0.6355020374515277,0.0002947179749027415,1,1,single,/home/galoren/rwtd_partition_nonsam/outputs/rwtd/stage2_ade_rwtd_watershed/masks/rwtd_410.png,/home/galoren/rwtd_partition_nonsam/data/rwtd_kaust256/labels/rwtd_410.png
rwtd_411,non_aggregated,0.6794891357411507,0.3190562113885879,0.6794891357411507,-0.00225582589164104,0,1,single,/home/galoren/rwtd_partition_nonsam/outputs/rwtd/stage2_ade_rwtd_watershed/masks/rwtd_411.png,/home/galoren/rwtd_partition_nonsam/data/rwtd_kaust256/labels/rwtd_411.png
rwtd_412,non_aggregated,0.7399444580066834,0.2600555419917907,0.7399444580066834,0.0,0,1,single,/home/galoren/rwtd_partition_nonsam/outputs/rwtd/stage2_ade_rwtd_watershed/masks/rwtd_412.png,/home/galoren/rwtd_partition_nonsam/data/rwtd_kaust256/labels/rwtd_412.png
rwtd_413,non_aggregated,0.48281125969273553,0.5169677734367112,0.5169677734367112,-5.6752505298448274e-05,1,1,single,/home/galoren/rwtd_partition_nonsam/outputs/rwtd/stage2_ade_rwtd_watershed/masks/rwtd_413.png,/home/galoren/rwtd_partition_nonsam/data/rwtd_kaust256/labels/rwtd_413.png
rwtd_414,non_aggregated,0.5458122255985379,0.3371815764639554,0.5458122255985379,0.01756722078080945,0,1,single,/home/galoren/rwtd_partition_nonsam/outputs/rwtd/stage2_ade_rwtd_watershed/masks/rwtd_414.png,/home/galoren/rwtd_partition_nonsam/data/rwtd_kaust256/labels/rwtd_414.png
rwtd_416,non_aggregated,0.3448434129395149,0.6451537307826442,0.6451537307826442,0.03287816613844201,1,1,single,/home/galoren/rwtd_partition_nonsam/outputs/rwtd/stage2_ade_rwtd_watershed/masks/rwtd_416.png,/home/galoren/rwtd_partition_nonsam/data/rwtd_kaust256/labels/rwtd_416.png
rwtd_417,non_aggregated,0.43263244628840236,0.5673675537100717,0.5673675537100717,0.0,1,1,single,/home/galoren/rwtd_partition_nonsam/outputs/rwtd/stage2_ade_rwtd_watershed/masks/rwtd_417.png,/home/galoren/rwtd_partition_nonsam/data/rwtd_kaust256/labels/rwtd_417.png
rwtd_418,non_aggregated,0.8060607910143951,0.19252227877869105,0.8060607910143951,-0.002651037928843471,0,1,single,/home/galoren/rwtd_partition_nonsam/outputs/rwtd/stage2_ade_rwtd_watershed/masks/rwtd_418.png,/home/galoren/rwtd_partition_nonsam/data/rwtd_kaust256/labels/rwtd_418.png
rwtd_422,non_aggregated,0.49655151367111733,0.5034484863273568,0.5034484863273568,0.0,1,1,single,/home/galoren/rwtd_partition_nonsam/outputs/rwtd/stage2_ade_rwtd_watershed/masks/rwtd_422.png,/home/galoren/rwtd_partition_nonsam/data/rwtd_kaust256/labels/rwtd_422.png
rwtd_423,non_aggregated,0.6289703851455747,0.3507182667393819,0.6289703851455747,-0.014539335762807633,0,1,single,/home/galoren/rwtd_partition_nonsam/outputs/rwtd/stage2_ade_rwtd_watershed/masks/rwtd_423.png,/home/galoren/rwtd_partition_nonsam/data/rwtd_kaust256/labels/rwtd_423.png
rwtd_424,non_aggregated,0.38148956631854936,0.6182556152334316,0.6182556152334316,-0.0003154109190628698,1,1,single,/home/galoren/rwtd_partition_nonsam/outputs/rwtd/stage2_ade_rwtd_watershed/masks/rwtd_424.png,/home/galoren/rwtd_partition_nonsam/data/rwtd_kaust256/labels/rwtd_424.png
rwtd_425,non_aggregated,0.6375274658193397,0.3621805636119406,0.6375274658193397,-0.00039515575522012717,0,1,single,/home/galoren/rwtd_partition_nonsam/outputs/rwtd/stage2_ade_rwtd_watershed/masks/rwtd_425.png,/home/galoren/rwtd_partition_nonsam/data/rwtd_kaust256/labels/rwtd_425.png
rwtd_426,non_aggregated,0.652099609374005,0.3477013248666773,0.652099609374005,-0.00028477241733187303,0,1,single,/home/galoren/rwtd_partition_nonsam/outputs/rwtd/stage2_ade_rwtd_watershed/masks/rwtd_426.png,/home/galoren/rwtd_partition_nonsam/data/rwtd_kaust256/labels/rwtd_426.png
rwtd_428,non_aggregated,0.38134286194148254,0.6164152563149736,0.6164152563149736,0.0049935885780357575,1,1,single,/home/galoren/rwtd_partition_nonsam/outputs/rwtd/stage2_ade_rwtd_watershed/masks/rwtd_428.png,/home/galoren/rwtd_partition_nonsam/data/rwtd_kaust256/labels/rwtd_428.png
rwtd_429,non_aggregated,0.4185791015618613,0.5814208984366128,0.5814208984366128,0.0,1,1,single,/home/galoren/rwtd_partition_nonsam/outputs/rwtd/stage2_ade_rwtd_watershed/masks/rwtd_429.png,/home/galoren/rwtd_partition_nonsam/data/rwtd_kaust256/labels/rwtd_429.png
rwtd_431,non_aggregated,0.35446652065012035,0.481616065024334,0.481616065024334,-0.03041318920487442,1,1,single,/home/galoren/rwtd_partition_nonsam/outputs/rwtd/stage2_ade_rwtd_watershed/masks/rwtd_431.png,/home/galoren/rwtd_partition_nonsam/data/rwtd_kaust256/labels/rwtd_431.png
rwtd_432,non_aggregated,0.29933166503860575,0.7006683349598684,0.7006683349598684,0.0,1,1,single,/home/galoren/rwtd_partition_nonsam/outputs/rwtd/stage2_ade_rwtd_watershed/masks/rwtd_432.png,/home/galoren/rwtd_partition_nonsam/data/rwtd_kaust256/labels/rwtd_432.png
rwtd_434,non_aggregated,0.450672145768905,0.4599770402830655,0.4599770402830655,-0.0026035210087334334,1,1,single,/home/galoren/rwtd_partition_nonsam/outputs/rwtd/stage2_ade_rwtd_watershed/masks/rwtd_434.png,/home/galoren/rwtd_partition_nonsam/data/rwtd_kaust256/labels/rwtd_434.png
rwtd_436,non_aggregated,0.6399383544912111,0.3600616455072631,0.6399383544912111,0.0,0,1,single,/home/galoren/rwtd_partition_nonsam/outputs/rwtd/stage2_ade_rwtd_watershed/masks/rwtd_436.png,/home/galoren/rwtd_partition_nonsam/data/rwtd_kaust256/labels/rwtd_436.png
rwtd_437,non_aggregated,0.7118225097645389,0.2881774902339353,0.7118225097645389,0.0,0,1,single,/home/galoren/rwtd_partition_nonsam/outputs/rwtd/stage2_ade_rwtd_watershed/masks/rwtd_437.png,/home/galoren/rwtd_partition_nonsam/data/rwtd_kaust256/labels/rwtd_437.png
rwtd_44,non_aggregated,0.556777954100713,0.4432220458977612,0.556777954100713,0.0,0,1,single,/home/galoren/rwtd_partition_nonsam/outputs/rwtd/stage2_ade_rwtd_watershed/masks/rwtd_44.png,/home/galoren/rwtd_partition_nonsam/data/rwtd_kaust256/labels/rwtd_44.png
rwtd_440,non_aggregated,0.8289696655102378,0.14119748364027881,0.8289696655102378,-0.04220765834851329,0,1,single,/home/galoren/rwtd_partition_nonsam/outputs/rwtd/stage2_ade_rwtd_watershed/masks/rwtd_440.png,/home/galoren/rwtd_partition_nonsam/data/rwtd_kaust256/labels/rwtd_440.png
rwtd_441,non_aggregated,0.8570861816393172,0.14291381835915692,0.8570861816393172,0.0,0,1,single,/home/galoren/rwtd_partition_nonsam/outputs/rwtd/stage2_ade_rwtd_watershed/masks/rwtd_441.png,/home/galoren/rwtd_partition_nonsam/data/rwtd_kaust256/labels/rwtd_441.png
rwtd_442,non_aggregated,0.7691157396799129,0.23083379112459435,0.7691157396799129,-1.4266209887359097e-05,0,1,single,/home/galoren/rwtd_partition_nonsam/outputs/rwtd/stage2_ade_rwtd_watershed/masks/rwtd_442.png,/home/galoren/rwtd_partition_nonsam/data/rwtd_kaust256/labels/rwtd_442.png
rwtd_443,non_aggregated,0.8997401406284015,0.09847292071095787,0.8997401406284015,0.02441843716181203,0,1,single,/home/galoren/rwtd_partition_nonsam/outputs/rwtd/stage2_ade_rwtd_watershed/masks/rwtd_443.png,/home/galoren/rwtd_partition_nonsam/data/rwtd_kaust256/labels/rwtd_443.png
rwtd_444,non_aggregated,0.7386474609363729,0.26098041311045145,0.7386474609363729,-0.0006503061470134006,0,1,single,/home/galoren/rwtd_partition_nonsam/outputs/rwtd/stage2_ade_rwtd_watershed/masks/rwtd_444.png,/home/galoren/rwtd_partition_nonsam/data/rwtd_kaust256/labels/rwtd_444.png
rwtd_447,non_aggregated,0.29869079589798175,0.6977814145208538,0.6977814145208538,0.028850007390260484,1,1,single,/home/galoren/rwtd_partition_nonsam/outputs/rwtd/stage2_ade_rwtd_watershed/masks/rwtd_447.png,/home/galoren/rwtd_partition_nonsam/data/rwtd_kaust256/labels/rwtd_447.png
rwtd_448,non_aggregated,0.47056579589771946,0.5247569000315533,0.5247569000315533,0.001992257387792719,1,1,single,/home/galoren/rwtd_partition_nonsam/outputs/rwtd/stage2_ade_rwtd_watershed/masks/rwtd_448.png,/home/galoren/rwtd_partition_nonsam/data/rwtd_kaust256/labels/rwtd_448.png
rwtd_449,non_aggregated,0.47559430202837444,0.5230893911120782,0.5230893911120782,0.0003044717828093228,1,1,single,/home/galoren/rwtd_partition_nonsam/outputs/rwtd/stage2_ade_rwtd_watershed/masks/rwtd_449.png,/home/galoren/rwtd_partition_nonsam/data/rwtd_kaust256/labels/rwtd_449.png
rwtd_45,non_aggregated,0.6140296518914096,0.36421830247387943,0.6140296518914096,0.00041620062018834375,0,1,single,/home/galoren/rwtd_partition_nonsam/outputs/rwtd/stage2_ade_rwtd_watershed/masks/rwtd_45.png,/home/galoren/rwtd_partition_nonsam/data/rwtd_kaust256/labels/rwtd_45.png
rwtd_450,non_aggregated,0.40751215336104274,0.5912663888752671,0.5912663888752671,-0.0008927909522553944,1,1,single,/home/galoren/rwtd_partition_nonsam/outputs/rwtd/stage2_ade_rwtd_watershed/masks/rwtd_450.png,/home/galoren/rwtd_partition_nonsam/data/rwtd_kaust256/labels/rwtd_450.png
rwtd_451,non_aggregated,0.7265735866319881,0.2627577878239568,0.7265735866319881,-0.01762541665054496,0,1,single,/home/galoren/rwtd_partition_nonsam/outputs/rwtd/stage2_ade_rwtd_watershed/masks/rwtd_451.png,/home/galoren/rwtd_partition_nonsam/data/rwtd_kaust256/labels/rwtd_451.png
rwtd_452,non_aggregated,0.38922459522980885,0.6026996660039052,0.6026996660039052,0.0038323332715237317,1,1,single,/home/galoren/rwtd_partition_nonsam/outputs/rwtd/stage2_ade_rwtd_watershed/masks/rwtd_452.png,/home/galoren/rwtd_partition_nonsam/data/rwtd_kaust256/labels/rwtd_452.png
rwtd_453,non_aggregated,0.3386077880854208,0.6613922119130533,0.6613922119130533,0.0,1,1,single,/home/galoren/rwtd_partition_nonsam/outputs/rwtd/stage2_ade_rwtd_watershed/masks/rwtd_453.png,/home/galoren/rwtd_partition_nonsam/data/rwtd_kaust256/labels/rwtd_453.png
rwtd_455,non_aggregated,0.7876493841469075,0.21160982910519158,0.7876493841469075,0.00014011860388003645,0,1,single,/home/galoren/rwtd_partition_nonsam/outputs/rwtd/stage2_ade_rwtd_watershed/masks/rwtd_455.png,/home/galoren/rwtd_partition_nonsam/data/rwtd_kaust256/labels/rwtd_455.png
rwtd_456,non_aggregated,0.6308669496432789,0.3646599794154063,0.6308669496432789,-0.004621769832657607,0,1,single,/home/galoren/rwtd_partition_nonsam/outputs/rwtd/stage2_ade_rwtd_watershed/masks/rwtd_456.png,/home/galoren/rwtd_partition_nonsam/data/rwtd_kaust256/labels/rwtd_456.png
rwtd_457,non_aggregated,0.6675567626942939,0.33244323730418024,0.6675567626942939,0.0,0,1,single,/home/galoren/rwtd_partition_nonsam/outputs/rwtd/stage2_ade_rwtd_watershed/masks/rwtd_457.png,/home/galoren/rwtd_partition_nonsam/data/rwtd_kaust256/labels/rwtd_457.png
rwtd_461,non_aggregated,0.40406799316344594,0.5959320068350282,0.5959320068350282,0.0,1,1,single,/home/galoren/rwtd_partition_nonsam/outputs/rwtd/stage2_ade_rwtd_watershed/masks/rwtd_461.png,/home/galoren/rwtd_partition_nonsam/data/rwtd_kaust256/labels/rwtd_461.png
rwtd_463,non_aggregated,0.1274560164374479,0.8089280831268647,0.8089280831268647,0.34248035298408247,1,1,single,/home/galoren/rwtd_partition_nonsam/outputs/rwtd/stage2_ade_rwtd_watershed/masks/rwtd_463.png,/home/galoren/rwtd_partition_nonsam/data/rwtd_kaust256/labels/rwtd_463.png
rwtd_464,non_aggregated,0.4025115966790733,0.5974884033194008,0.5974884033194008,0.0,1,1,single,/home/galoren/rwtd_partition_nonsam/outputs/rwtd/stage2_ade_rwtd_watershed/masks/rwtd_464.png,/home/galoren/rwtd_partition_nonsam/data/rwtd_kaust256/labels/rwtd_464.png
rwtd_465,non_aggregated,0.7766723632800648,0.22332763671840922,0.7766723632800648,0.0,0,1,single,/home/galoren/rwtd_partition_nonsam/outputs/rwtd/stage2_ade_rwtd_watershed/masks/rwtd_465.png,/home/galoren/rwtd_partition_nonsam/data/rwtd_kaust256/labels/rwtd_465.png
rwtd_466,non_aggregated,0.8438110351549625,0.1554673182648817,0.8438110351549625,-0.0013875424424667879,0,1,single,/home/galoren/rwtd_partition_nonsam/outputs/rwtd/stage2_ade_rwtd_watershed/masks/rwtd_466.png,/home/galoren/rwtd_partition_nonsam/data/rwtd_kaust256/labels/rwtd_466.png
rwtd_467,non_aggregated,0.6263122558584193,0.3736877441400548,0.6263122558584193,0.0,0,1,single,/home/galoren/rwtd_partition_nonsam/outputs/rwtd/stage2_ade_rwtd_watershed/masks/rwtd_467.png,/home/galoren/rwtd_partition_nonsam/data/rwtd_kaust256/labels/rwtd_467.png
rwtd_468,non_aggregated,0.5494196701274444,0.45019531249931305,0.5494196701274444,0.00037379135785635913,0,1,single,/home/galoren/rwtd_partition_nonsam/outputs/rwtd/stage2_ade_rwtd_watershed/masks/rwtd_468.png,/home/galoren/rwtd_partition_nonsam/data/rwtd_kaust256/labels/rwtd_468.png
rwtd_469,non_aggregated,0.923782348631403,0.0757240347474455,0.923782348631403,-0.0009741957700387983,0,1,single,/home/galoren/rwtd_partition_nonsam/outputs/rwtd/stage2_ade_rwtd_watershed/masks/rwtd_469.png,/home/galoren/rwtd_partition_nonsam/data/rwtd_kaust256/labels/rwtd_469.png
rwtd_47,non_aggregated,0.4583891302210236,0.4558398332429131,0.4583891302210236,-0.0006551076780353725,0,1,single,/home/galoren/rwtd_partition_nonsam/outputs/rwtd/stage2_ade_rwtd_watershed/masks/rwtd_47.png,/home/galoren/rwtd_partition_nonsam/data/rwtd_kaust256/labels/rwtd_47.png
rwtd_471,non_aggregated,0.6307396499357086,0.36918405029624274,0.6307396499357086,4.4795746394786744e-05,0,1,single,/home/galoren/rwtd_partition_nonsam/outputs/rwtd/stage2_ade_rwtd_watershed/masks/rwtd_471.png,/home/galoren/rwtd_partition_nonsam/data/rwtd_kaust256/labels/rwtd_471.png
rwtd_472,non_aggregated,0.4596641221367028,0.5388922032023329,0.5388922032023329,0.0006797324352109687,1,1,single,/home/galoren/rwtd_partition_nonsam/outputs/rwtd/stage2_ade_rwtd_watershed/masks/rwtd_472.png,/home/galoren/rwtd_partition_nonsam/data/rwtd_kaust256/labels/rwtd_472.png
rwtd_473,non_aggregated,0.22679138183559144,0.7732086181628827,0.7732086181628827,0.0,1,1,single,/home/galoren/rwtd_partition_nonsam/outputs/rwtd/stage2_ade_rwtd_watershed/masks/rwtd_473.png,/home/galoren/rwtd_partition_nonsam/data/rwtd_kaust256/labels/rwtd_473.png
rwtd_474,non_aggregated,0.6639838399131017,0.2175435493850605,0.6639838399131017,-0.014943415459352506,0,1,single,/home/galoren/rwtd_partition_nonsam/outputs/rwtd/stage2_ade_rwtd_watershed/masks/rwtd_474.png,/home/galoren/rwtd_partition_nonsam/data/rwtd_kaust256/labels/rwtd_474.png
rwtd_475,non_aggregated,0.3605346679681999,0.6394653320302742,0.6394653320302742,0.0,1,1,single,/home/galoren/rwtd_partition_nonsam/outputs/rwtd/stage2_ade_rwtd_watershed/masks/rwtd_475.png,/home/galoren/rwtd_partition_nonsam/data/rwtd_kaust256/labels/rwtd_475.png
rwtd_476,non_aggregated,0.3154144287104562,0.6758202120308077,0.6758202120308077,0.05207563071340814,1,1,single,/home/galoren/rwtd_partition_nonsam/outputs/rwtd/stage2_ade_rwtd_watershed/masks/rwtd_476.png,/home/galoren/rwtd_partition_nonsam/data/rwtd_kaust256/labels/rwtd_476.png
rwtd_478,non_aggregated,0.7439107229488211,0.23556553569744446,0.7439107229488211,0.1541113378344159,0,1,single,/home/galoren/rwtd_partition_nonsam/outputs/rwtd/stage2_ade_rwtd_watershed/masks/rwtd_478.png,/home/galoren/rwtd_partition_nonsam/data/rwtd_kaust256/labels/rwtd_478.png
rwtd_479,non_aggregated,0.8548278808580706,0.14517211914040348,0.8548278808580706,0.0,0,1,single,/home/galoren/rwtd_partition_nonsam/outputs/rwtd/stage2_ade_rwtd_watershed/masks/rwtd_479.png,/home/galoren/rwtd_partition_nonsam/data/rwtd_kaust256/labels/rwtd_479.png
rwtd_48,non_aggregated,0.6106523600979095,0.14374263931043257,0.6106523600979095,0.00954900548669219,0,1,single,/home/galoren/rwtd_partition_nonsam/outputs/rwtd/stage2_ade_rwtd_watershed/masks/rwtd_48.png,/home/galoren/rwtd_partition_nonsam/data/rwtd_kaust256/labels/rwtd_48.png
rwtd_485,non_aggregated,0.806381225584707,0.19361877441376707,0.806381225584707,0.0,0,1,single,/home/galoren/rwtd_partition_nonsam/outputs/rwtd/stage2_ade_rwtd_watershed/masks/rwtd_485.png,/home/galoren/rwtd_partition_nonsam/data/rwtd_kaust256/labels/rwtd_485.png
rwtd_492,non_aggregated,0.4285430908196586,0.5709986863401292,0.5709986863401292,0.0007044504817824198,1,1,single,/home/galoren/rwtd_partition_nonsam/outputs/rwtd/stage2_ade_rwtd_watershed/masks/rwtd_492.png,/home/galoren/rwtd_partition_nonsam/data/rwtd_kaust256/labels/rwtd_492.png
rwtd_5,non_aggregated,0.31068420410108843,0.6893157958973857,0.6893157958973857,0.0,1,1,single,/home/galoren/rwtd_partition_nonsam/outputs/rwtd/stage2_ade_rwtd_watershed/masks/rwtd_5.png,/home/galoren/rwtd_partition_nonsam/data/rwtd_kaust256/labels/rwtd_5.png
rwtd_51,non_aggregated,0.5167111993274041,0.48298645019457553,0.5167111993274041,8.632624435893364e-05,0,1,single,/home/galoren/rwtd_partition_nonsam/outputs/rwtd/stage2_ade_rwtd_watershed/masks/rwtd_51.png,/home/galoren/rwtd_partition_nonsam/data/rwtd_kaust256/labels/rwtd_51.png
rwtd_54,non_aggregated,0.6525573730458792,0.3474426269525948,0.6525573730458792,0.0,0,1,single,/home/galoren/rwtd_partition_nonsam/outputs/rwtd/stage2_ade_rwtd_watershed/masks/rwtd_54.png,/home/galoren/rwtd_partition_nonsam/data/rwtd_kaust256/labels/rwtd_54.png
rwtd_56,non_aggregated,0.4836362490936409,0.45620589456130145,0.4836362490936409,-0.0059623225977665315,0,1,single,/home/galoren/rwtd_partition_nonsam/outputs/rwtd/stage2_ade_rwtd_watershed/masks/rwtd_56.png,/home/galoren/rwtd_partition_nonsam/data/rwtd_kaust256/labels/rwtd_56.png
rwtd_58,non_aggregated,0.5205078124992057,0.47949218749926836,0.5205078124992057,0.0,0,1,single,/home/galoren/rwtd_partition_nonsam/outputs/rwtd/stage2_ade_rwtd_watershed/masks/rwtd_58.png,/home/galoren/rwtd_partition_nonsam/data/rwtd_kaust256/labels/rwtd_58.png
rwtd_59,non_aggregated,0.537002563475743,0.46245608675658706,0.537002563475743,-0.0002805933251459224,0,1,single,/home/galoren/rwtd_partition_nonsam/outputs/rwtd/stage2_ade_rwtd_watershed/masks/rwtd_59.png,/home/galoren/rwtd_partition_nonsam/data/rwtd_kaust256/labels/rwtd_59.png
rwtd_60,non_aggregated,0.33950805664010697,0.6604919433583671,0.6604919433583671,0.0,1,1,single,/home/galoren/rwtd_partition_nonsam/outputs/rwtd/stage2_ade_rwtd_watershed/masks/rwtd_60.png,/home/galoren/rwtd_partition_nonsam/data/rwtd_kaust256/labels/rwtd_60.png
rwtd_63,non_aggregated,0.3164520263667046,0.6829044539230877,0.6829044539230877,0.004637318921973941,1,1,single,/home/galoren/rwtd_partition_nonsam/outputs/rwtd/stage2_ade_rwtd_watershed/masks/rwtd_63.png,/home/galoren/rwtd_partition_nonsam/data/rwtd_kaust256/labels/rwtd_63.png
rwtd_67,non_aggregated,0.4648548685366811,0.40525093108078236,0.4648548685366811,-0.015765678838632727,0,1,single,/home/galoren/rwtd_partition_nonsam/outputs/rwtd/stage2_ade_rwtd_watershed/masks/rwtd_67.png,/home/galoren/rwtd_partition_nonsam/data/rwtd_kaust256/labels/rwtd_67.png
rwtd_69,non_aggregated,0.46669111355508697,0.5322501832388647,0.5322501832388647,-0.00012477731818471955,1,1,single,/home/galoren/rwtd_partition_nonsam/outputs/rwtd/stage2_ade_rwtd_watershed/masks/rwtd_69.png,/home/galoren/rwtd_partition_nonsam/data/rwtd_kaust256/labels/rwtd_69.png
rwtd_70,non_aggregated,0.5408172607413623,0.45872021991377715,0.5408172607413623,-0.0002600755825182429,0,1,single,/home/galoren/rwtd_partition_nonsam/outputs/rwtd/stage2_ade_rwtd_watershed/masks/rwtd_70.png,/home/galoren/rwtd_partition_nonsam/data/rwtd_kaust256/labels/rwtd_70.png
rwtd_71,non_aggregated,0.18849182128877487,0.8115081787096993,0.8115081787096993,0.0,1,1,single,/home/galoren/rwtd_partition_nonsam/outputs/rwtd/stage2_ade_rwtd_watershed/masks/rwtd_71.png,/home/galoren/rwtd_partition_nonsam/data/rwtd_kaust256/labels/rwtd_71.png
rwtd_73,non_aggregated,0.4883270263664424,0.5116729736320318,0.5116729736320318,0.0,1,1,single,/home/galoren/rwtd_partition_nonsam/outputs/rwtd/stage2_ade_rwtd_watershed/masks/rwtd_73.png,/home/galoren/rwtd_partition_nonsam/data/rwtd_kaust256/labels/rwtd_73.png
rwtd_74,non_aggregated,0.5290832519523176,0.4706582804096381,0.5290832519523176,-0.00010813883055726955,0,1,single,/home/galoren/rwtd_partition_nonsam/outputs/rwtd/stage2_ade_rwtd_watershed/masks/rwtd_74.png,/home/galoren/rwtd_partition_nonsam/data/rwtd_kaust256/labels/rwtd_74.png
rwtd_76,non_aggregated,0.4537965397070768,0.5449700708518431,0.5449700708518431,-0.000256312516660943,1,1,single,/home/galoren/rwtd_partition_nonsam/outputs/rwtd/stage2_ade_rwtd_watershed/masks/rwtd_76.png,/home/galoren/rwtd_partition_nonsam/data/rwtd_kaust256/labels/rwtd_76.png
rwtd_77,non_aggregated,0.17938232421847627,0.8206176757799978,0.8206176757799978,0.0,1,1,single,/home/galoren/rwtd_partition_nonsam/outputs/rwtd/stage2_ade_rwtd_watershed/masks/rwtd_77.png,/home/galoren/rwtd_partition_nonsam/data/rwtd_kaust256/labels/rwtd_77.png
rwtd_78,non_aggregated,0.35075140266873955,0.6480102539052612,0.6480102539052612,-0.0017441379859325628,1,1,single,/home/galoren/rwtd_partition_nonsam/outputs/rwtd/stage2_ade_rwtd_watershed/masks/rwtd_78.png,/home/galoren/rwtd_partition_nonsam/data/rwtd_kaust256/labels/rwtd_78.png
rwtd_79,non_aggregated,0.18447449424924658,0.8125762939440726,0.8125762939440726,-0.005498954152109268,1,1,single,/home/galoren/rwtd_partition_nonsam/outputs/rwtd/stage2_ade_rwtd_watershed/masks/rwtd_79.png,/home/galoren/rwtd_partition_nonsam/data/rwtd_kaust256/labels/rwtd_79.png
rwtd_8,non_aggregated,0.4381137089008779,0.5614318847647684,0.5614318847647684,-0.00035551778911057465,1,1,single,/home/galoren/rwtd_partition_nonsam/outputs/rwtd/stage2_ade_rwtd_watershed/masks/rwtd_8.png,/home/galoren/rwtd_partition_nonsam/data/rwtd_kaust256/labels/rwtd_8.png
rwtd_84,non_aggregated,0.26276151985804036,0.6289956654050927,0.6289956654050927,0.14280688795666147,1,1,single,/home/galoren/rwtd_partition_nonsam/outputs/rwtd/stage2_ade_rwtd_watershed/masks/rwtd_84.png,/home/galoren/rwtd_partition_nonsam/data/rwtd_kaust256/labels/rwtd_84.png
rwtd_85,non_aggregated,0.5963780279338492,0.39990539117635404,0.5963780279338492,0.008422783691992557,0,1,single,/home/galoren/rwtd_partition_nonsam/outputs/rwtd/stage2_ade_rwtd_watershed/masks/rwtd_85.png,/home/galoren/rwtd_partition_nonsam/data/rwtd_kaust256/labels/rwtd_85.png
rwtd_86,non_aggregated,0.3634796142572579,0.6365203857412163,0.6365203857412163,0.0,1,1,single,/home/galoren/rwtd_partition_nonsam/outputs/rwtd/stage2_ade_rwtd_watershed/masks/rwtd_86.png,/home/galoren/rwtd_partition_nonsam/data/rwtd_kaust256/labels/rwtd_86.png
rwtd_88,non_aggregated,0.6708679199208514,0.3291320800776228,0.6708679199208514,0.0,0,1,single,/home/galoren/rwtd_partition_nonsam/outputs/rwtd/stage2_ade_rwtd_watershed/masks/rwtd_88.png,/home/galoren/rwtd_partition_nonsam/data/rwtd_kaust256/labels/rwtd_88.png
rwtd_91,non_aggregated,0.5004594884354412,0.4966669724482514,0.5004594884354412,2.0207300609518945e-05,0,1,single,/home/galoren/rwtd_partition_nonsam/outputs/rwtd/stage2_ade_rwtd_watershed/masks/rwtd_91.png,/home/galoren/rwtd_partition_nonsam/data/rwtd_kaust256/labels/rwtd_91.png
rwtd_93,non_aggregated,0.4139736358247157,0.5738440408964233,0.5738440408964233,-0.011357144994663044,1,1,single,/home/galoren/rwtd_partition_nonsam/outputs/rwtd/stage2_ade_rwtd_watershed/masks/rwtd_93.png,/home/galoren/rwtd_partition_nonsam/data/rwtd_kaust256/labels/rwtd_93.png
rwtd_95,non_aggregated,0.47685241699145986,0.5231475830070142,0.5231475830070142,0.0,1,1,single,/home/galoren/rwtd_partition_nonsam/outputs/rwtd/stage2_ade_rwtd_watershed/masks/rwtd_95.png,/home/galoren/rwtd_partition_nonsam/data/rwtd_kaust256/labels/rwtd_95.png
rwtd_96,non_aggregated,0.4242183562181359,0.5752105712881848,0.5752105712881848,-0.0005207474796750551,1,1,single,/home/galoren/rwtd_partition_nonsam/outputs/rwtd/stage2_ade_rwtd_watershed/masks/rwtd_96.png,/home/galoren/rwtd_partition_nonsam/data/rwtd_kaust256/labels/rwtd_96.png
