image_id,iou,iou_inv,iou_inv_robust,used_inversion,dice,dice_inv,dice_inv_robust,boundary_precision,boundary_recall,boundary_f1,ari,pred_fg_ratio,gt_fg_ratio,oracle_agg_iou,oracle_agg_iou_inv,oracle_agg_iou_inv_robust,oracle_agg_used_inversion,oracle_agg_num_segments,agg_iou,agg_iou_inv,agg_iou_inv_robust,agg_used_inversion,agg_num_segments
rwtd_1,0.9396354387444343,0.004912194522902353,0.9396354387444343,0,0.9688783984609805,0.009776365636073297,0.9688783984609805,0.7317596566366575,0.7929411764519307,0.761122899149363,0.9476106034306239,0.1739959716796875,0.1750946044921875,0.9396354387444343,0.9869245037002577,0.9869245037002577,1,1,0.9396354387444343,0.9869245037002577,0.9869245037002577,1,1
rwtd_101,0.15630923565945692,0.001881441893438981,0.15630923565945692,0,0.27035888123874047,0.0037558174346123737,0.27035888123874047,0.2580645161207076,0.09559748427552707,0.13951353437300656,0.012353272326075136,0.0828399658203125,0.522186279296875,0.5221862792967954,0.5192269343258908,0.5221862792967954,0,2,0.5221862792967954,0.5192269343258908,0.5221862792967954,0,2
rwtd_102,0.846982156710497,0.13981119540192208,0.846982156710497,0,0.9171525059224015,0.24532342894319725,0.9171525059224015,0.09569377989972756,0.06166219838976777,0.0749979572431396,0.11319525819481804,0.9710235595703125,0.8453521728515625,0.846982156710497,0.1546478271484139,0.846982156710497,0,1,0.846982156710497,0.1546478271484139,0.846982156710497,0,1
rwtd_103,0.0,0.0,0.0,0,0.0,0.0,0.0,0.0,0.0,0.0,0.0,0.0,0.2867889404296875,0.28678894042964376,0.7132110595702037,0.7132110595702037,1,1,0.28678894042964376,0.7132110595702037,0.7132110595702037,1,1
rwtd_104,0.17046289492957215,0.0016093404859574615,0.17046289492957215,0,0.29127432517171603,0.003213509341230079,0.29127432517171603,0.8181818181380651,0.21969696969280877,0.3463835401173248,0.27089068239564246,0.008636474609375,0.03997802734375,0.17046289492957215,0.9652999754117032,0.9652999754117032,1,1,0.17046289492957215,0.9652999754117032,0.9652999754117032,1,1
rwtd_106,0.43048156272805754,0.0,0.43048156272805754,0,0.6018694318675318,0.0,0.6018694318675318,0.03328710124780462,0.07235142118676094,0.04559641310727324,0.5055766524300425,0.0628814697265625,0.1460723876953125,0.43048156272805754,0.9112268989659023,0.9112268989659023,1,2,0.43048156272805754,0.9112268989659023,0.9112268989659023,1,2
rwtd_107,0.2652414007229236,0.2259274299500213,0.2652414007229236,0,0.4192739829274826,0.3685820619238969,0.4192739829274826,0.1460674157248664,0.029396596183448188,0.04894319403971529,-0.0008085103472711906,0.326812744140625,0.5437164306640625,0.5437164306639796,0.4562835693358679,0.5437164306639796,0,3,0.5437164306639796,0.4562835693358679,0.5437164306639796,0,3
rwtd_109,0.013788808824831513,0.012636899747259128,0.013788808824831513,0,0.027202527202515266,0.024958402662224006,0.027202527202515266,0.35263157892880886,0.06616862326503556,0.11142853044541967,0.0009042346494536862,0.0131988525390625,0.3345794677734375,0.3345794677733865,0.6916650754247515,0.6916650754247515,1,2,0.3345794677733865,0.6916650754247515,0.6916650754247515,1,2
rwtd_118,0.0,0.0,0.0,0,0.0,0.0,0.0,0.0,0.0,0.0,0.0,0.0,0.1333160400390625,0.13331604003904216,0.8666839599608053,0.8666839599608053,1,1,0.13331604003904216,0.8666839599608053,0.8666839599608053,1,1
rwtd_12,0.21888577922777375,0.670078861234833,0.670078861234833,1,0.359157162972972,0.8024517605586433,0.8024517605586433,0.05925925925706447,0.03086419753022913,0.04058852923449598,0.2932122433192368,0.68145751953125,0.5213775634765625,0.5712776889699215,0.670078861234833,0.670078861234833,1,1,0.5712776889699215,0.670078861234833,0.670078861234833,1,1
rwtd_121,0.0037295956424438863,0.0,0.0037295956424438863,0,0.007431474888526593,0.0,0.007431474888526593,0.0,0.0,0.0,-0.005522213472114333,0.0032806396484375,0.8796234130859375,0.8796234130858033,0.19403792704818507,0.8796234130858033,0,3,0.8796234130858033,0.19403792704818507,0.8796234130858033,0,3
rwtd_122,0.0006552884758583817,0.019827163520464628,0.019827163520464628,1,0.0013097187081407026,0.0388833799092404,0.0388833799092404,0.1256830601024217,0.026063100136816692,0.04317328306588053,0.0005480696111139552,0.0102081298828125,0.502410888671875,0.5070813234908063,0.4975891113280491,0.5070813234908063,0,1,0.5070813234908063,0.4975891113280491,0.5070813234908063,0,1
rwtd_125,0.0014583431340257523,0.025639897968153393,0.025639897968153393,1,0.0029124389327306872,0.04999785600959436,0.04999785600959436,0.08199999999836,0.06272401433579347,0.07107830505813832,-0.017265440890477036,0.0182647705078125,0.3065643310546875,0.38371845280745637,0.6934356689452067,0.6934356689452067,1,3,0.38371845280745637,0.6934356689452067,0.6934356689452067,1,3
rwtd_128,0.8181883113403179,0.1419713856121802,0.8181883113403179,0,0.9000039283468633,0.24864263220758923,0.9000039283468633,0.13311148086411723,0.3431818181740186,0.19182062462744448,0.42646002702712255,0.83892822265625,0.71478271484375,0.8181883113403179,0.4835404514326738,0.8181883113403179,0,1,0.8181883113403179,0.4835404514326738,0.8181883113403179,0,1
rwtd_129,0.015934003842236057,0.01462609695726814,0.015934003842236057,0,0.03136818687429315,0.02883051599230476,0.03136818687429315,0.10333333332988888,0.038588754134083914,0.05619286446544601,0.0006078119111264346,0.015380859375,0.396148681640625,0.6132806117445138,0.7526699440581556,0.7526699440581556,1,2,0.6132806117445138,0.7526699440581556,0.7526699440581556,1,2
rwtd_13,0.0,0.0,0.0,0,0.0,0.0,0.0,0.0,0.0,0.0,0.0,0.0,0.5290679931640625,0.5290679931639818,0.47093200683586567,0.5290679931639818,0,1,0.5290679931639818,0.47093200683586567,0.5290679931639818,0,1
rwtd_134,0.19244516885413845,0.011660262355899918,0.19244516885413845,0,0.32277403419574524,0.02305173542893961,0.32277403419574524,0.07216494845174833,0.02922490470102637,0.04160206307959907,0.01734457135867472,0.109405517578125,0.5269012451171875,0.5269012451171071,0.5197598884466688,0.5269012451171071,0,2,0.5269012451171071,0.5197598884466688,0.5269012451171071,0,2
rwtd_139,0.0,0.0,0.0,0,0.0,0.0,0.0,0.0,0.0,0.0,0.0,0.0,0.431976318359375,0.4319763183593091,0.5680236816405384,0.5680236816405384,1,1,0.4319763183593091,0.5680236816405384,0.5680236816405384,1,1
rwtd_14,0.011497111903376864,0.02661609390837177,0.02661609390837177,1,0.02273286155358815,0.05185208777907066,0.05185208777907066,0.03243243243155588,0.031161473086935936,0.03178424734881823,0.002553649699371656,0.018768310546875,0.5396881103515625,0.6540974212033135,0.4603118896483673,0.6540974212033135,0,1,0.6540974212033135,0.4603118896483673,0.6540974212033135,0,1
rwtd_142,0.0,0.0,0.0,0,0.0,0.0,0.0,0.0,0.0,0.0,0.0,0.0,0.096893310546875,0.09689331054686022,0.9031066894529872,0.9031066894529872,1,1,0.09689331054686022,0.9031066894529872,0.9031066894529872,1,1
rwtd_149,0.7885567717193315,0.013144276547296429,0.7885567717193315,0,0.8817799738739022,0.025947492082945833,0.8817799738739022,0.1698389458259895,0.3800383877086365,0.23476260624576567,0.5563641435278801,0.4854278564453125,0.5892181396484375,0.7885567717193315,0.7585616934897033,0.7885567717193315,0,1,0.7885567717193315,0.7585616934897033,0.7885567717193315,0,1
rwtd_15,0.0,0.0,0.0,0,0.0,0.0,0.0,0.0,0.0,0.0,0.0,0.0,0.8989715576171875,0.8989715576170504,0.10102844238279708,0.8989715576170504,0,1,0.8989715576170504,0.10102844238279708,0.8989715576170504,0,1
rwtd_16,0.0,0.0,0.0,0,0.0,0.0,0.0,0.0,0.0,0.0,0.0,0.0,0.645599365234375,0.6455993652342765,0.35440063476557093,0.6455993652342765,0,1,0.6455993652342765,0.35440063476557093,0.6455993652342765,0,1
rwtd_17,0.3718289281444462,0.2950757093777084,0.3718289281444462,0,0.5420922689644501,0.45568874042042534,0.5420922689644501,0.006417112299396608,0.010940919036959717,0.008089519405824214,0.023590285889439424,0.5186614990234375,0.7421417236328125,0.7421417236326993,0.2950757093777084,0.7421417236326993,0,2,0.7421417236326993,0.2950757093777084,0.7421417236326993,0,2
rwtd_175,0.0,0.0,0.0,0,0.0,0.0,0.0,0.0,0.0,0.0,0.0,0.0,0.34051513671875,0.34051513671869804,0.6594848632811494,0.6594848632811494,1,1,0.34051513671869804,0.6594848632811494,0.6594848632811494,1,1
rwtd_176,0.1992340087890321,0.8000061267938794,0.8000061267938794,1,0.33226877711751274,0.8888926708475464,0.8888926708475464,0.0,0.0,0.0,0.02210409566537054,0.9962005615234375,0.203033447265625,0.20303344726559402,0.8000061267938794,0.8000061267938794,1,1,0.20303344726559402,0.8000061267938794,0.8000061267938794,1,1
rwtd_178,0.3547128759032785,0.6031037731170603,0.6031037731170603,1,0.5236724064747188,0.7524201280424796,0.7524201280424796,0.03937007873705747,0.010638297872114079,0.016750415410385928,0.0574289116972962,0.90509033203125,0.4250030517578125,0.42500305175774766,0.6031037731170603,0.6031037731170603,1,1,0.42500305175774766,0.6031037731170603,0.6031037731170603,1,1
rwtd_18,0.017514347912125628,0.2830699502646633,0.2830699502646633,1,0.03442575123989937,0.4412385313930444,0.4412385313930444,0.16965742251085109,0.30078740157006634,0.2169470746716134,-0.07582065612242697,0.223480224609375,0.2472381591796875,0.31701244813271595,0.7527618408201977,0.7527618408201977,1,3,0.31701244813271595,0.7527618408201977,0.7527618408201977,1,3
rwtd_180,0.0,0.0,0.0,0,0.0,0.0,0.0,0.0,0.0,0.0,0.0,0.0,0.4755096435546875,0.47550964355461495,0.5244903564452325,0.5244903564452325,1,1,0.47550964355461495,0.5244903564452325,0.5244903564452325,1,1
rwtd_181,0.0,0.0,0.0,0,0.0,0.0,0.0,0.0,0.0,0.0,0.0,0.0,0.9999847412109375,0.999984741210785,1.5258789062497672e-05,0.999984741210785,0,1,0.999984741210785,1.5258789062497672e-05,0.999984741210785,0,1
rwtd_182,0.010769325040593957,0.9702890709534796,0.9702890709534796,1,0.021309164759548763,0.9849205228387414,0.9849205228387414,0.7763713080004985,0.6032258064418834,0.6789332915668889,0.9422044008408473,0.4896087646484375,0.517181396484375,0.9718610915902519,0.9702890709534796,0.9718610915902519,0,1,0.9718610915902519,0.9702890709534796,0.9718610915902519,0,1
rwtd_183,0.6517224507546434,0.2917781617455478,0.6517224507546434,0,0.789142813257618,0.45174654656071167,0.789142813257618,0.05425584868066573,0.21999999999449998,0.08704489863668244,0.16697751074496883,0.839935302734375,0.5508575439453125,0.6517224507546434,0.449142456054619,0.6517224507546434,0,1,0.6517224507546434,0.449142456054619,0.6517224507546434,0,1
rwtd_184,0.9498741130692073,0.0,0.9498741130692073,0,0.9742927573658118,0.0,0.9742927573658118,0.0,0.0,0.0,0.0005474655876915416,0.949859619140625,0.9999847412109375,0.999984741210785,0.00030432136335878173,0.999984741210785,0,2,0.999984741210785,0.00030432136335878173,0.999984741210785,0,2
rwtd_185,0.8695811535767319,0.046379547811008164,0.8695811535767319,0,0.9302416767660708,0.08864765735919182,0.9302416767660708,0.05444242056252896,0.5156249999798583,0.09848614952356992,0.775285310006679,0.443939208984375,0.412200927734375,0.8695811535767319,0.9007581328124697,0.9007581328124697,1,2,0.8695811535767319,0.9007581328124697,0.9007581328124697,1,2
rwtd_186,0.0,0.0,0.0,0,0.0,0.0,0.0,0.0,0.0,0.0,0.0,0.0,0.3940582275390625,0.3940582275390024,0.605941772460845,0.605941772460845,1,1,0.3940582275390024,0.605941772460845,0.605941772460845,1,1
rwtd_188,0.0,0.0,0.0,0,0.0,0.0,0.0,0.0,0.0,0.0,0.0,0.0,0.49468994140625,0.49468994140617456,0.505310058593673,0.505310058593673,1,1,0.49468994140617456,0.505310058593673,0.505310058593673,1,1
rwtd_189,0.488287250383087,0.018100890207712307,0.488287250383087,0,0.6561733969801882,0.03555814631302282,0.6561733969801882,0.14285714285487527,0.2734374999893188,0.18766755580919717,0.605570585415125,0.056488037109375,0.0617828369140625,0.488287250383087,0.957693711999594,0.957693711999594,1,1,0.488287250383087,0.957693711999594,0.957693711999594,1,1
rwtd_194,0.4972505183447528,0.0,0.4972505183447528,0,0.6642181949544095,0.0,0.6642181949544095,0.0,0.0,0.0,0.23946846364200683,0.25250244140625,0.5077972412109375,0.50779724121086,0.6584673797663391,0.6584673797663391,1,1,0.50779724121086,0.6584673797663391,0.6584673797663391,1,1
rwtd_197,0.006308477459596274,0.650677596838872,0.650677596838872,1,0.01253786011128891,0.788376358999421,0.788376358999421,0.32485875705297007,0.12912912912719024,0.18480108716794771,0.5024997128208284,0.2743072509765625,0.5922088623046875,0.8025670458101216,0.650677596838872,0.8025670458101216,0,1,0.8025670458101216,0.650677596838872,0.8025670458101216,0,1
rwtd_2,0.0,0.0,0.0,0,0.0,0.0,0.0,0.0,0.0,0.0,0.0,0.0,0.450042724609375,0.45004272460930633,0.5499572753905411,0.5499572753905411,1,1,0.45004272460930633,0.5499572753905411,0.5499572753905411,1,1
rwtd_200,0.0,0.0,0.0,0,0.0,0.0,0.0,0.0,0.0,0.0,0.0,0.0,0.3049774169921875,0.304977416992141,0.6950225830077065,0.6950225830077065,1,1,0.304977416992141,0.6950225830077065,0.6950225830077065,1,1
rwtd_201,0.0,0.0,0.0,0,0.0,0.0,0.0,0.0,0.0,0.0,0.0,0.0,0.5145721435546875,0.514572143554609,0.48542785644523845,0.514572143554609,0,1,0.514572143554609,0.48542785644523845,0.514572143554609,0,1
rwtd_202,0.0,0.0,0.0,0,0.0,0.0,0.0,0.0,0.0,0.0,0.0,0.0,0.3115081787109375,0.31150817871089,0.6884918212889575,0.6884918212889575,1,1,0.31150817871089,0.6884918212889575,0.6884918212889575,1,1
rwtd_205,0.35296461465367834,0.6041864729049633,0.6041864729049633,1,0.52176473919686,0.7532621464022993,0.7532621464022993,0.05339105339066818,0.24264705881460855,0.08752374171104946,0.07806748951478797,0.8944854736328125,0.45263671875,0.45263671874993094,0.6041864729049633,0.6041864729049633,1,1,0.45263671874993094,0.6041864729049633,0.6041864729049633,1,1
rwtd_207,0.0,0.0,0.0,0,0.0,0.0,0.0,0.0,0.0,0.0,0.0,0.0,0.52142333984375,0.5214233398436705,0.478576660156177,0.5214233398436705,0,1,0.5214233398436705,0.478576660156177,0.5214233398436705,0,1
rwtd_210,0.0,0.0,0.0,0,0.0,0.0,0.0,0.0,0.0,0.0,0.0,0.0,0.453338623046875,0.45333862304680583,0.5466613769530416,0.5466613769530416,1,1,0.45333862304680583,0.5466613769530416,0.5466613769530416,1,1
rwtd_213,0.9954337899539856,0.0007943903817655641,0.9954337899539856,0,0.9977116704803722,0.001587519653187772,0.9977116704803722,0.9628252787746161,0.9664179104117008,0.9646182444985418,0.9921388435966504,0.429901123046875,0.4302825927734375,0.9954337899539856,0.9965520927992205,0.9965520927992205,1,1,0.9954337899539856,0.9965520927992205,0.9965520927992205,1,1
rwtd_214,0.006240302233014154,5.5436982010683974e-05,0.006240302233014154,0,0.01240320471991807,0.00011086781784414456,0.01240320471991807,0.13414634144705534,0.02888086642495015,0.04752902759795468,0.0012101943580923387,0.0028533935546875,0.45233154296875,0.6836497285630092,0.7927133735443777,0.7927133735443777,1,1,0.6836497285630092,0.7927133735443777,0.7927133735443777,1,1
rwtd_215,0.2606153063818021,0.0,0.2606153063818021,0,0.41347317466708544,0.0,0.41347317466708544,0.0,0.0,0.0,0.12991522918235904,0.1094818115234375,0.4200897216796875,0.4232738342326733,0.6512054282824744,0.6512054282824744,1,2,0.4232738342326733,0.6512054282824744,0.6512054282824744,1,2
rwtd_216,0.12727583554146302,0.0057253539180204165,0.12727583554146302,0,0.22581134364568148,0.011385521694796822,0.22581134364568148,0.025848142164364325,0.04999999999807692,0.034078802747906284,0.001155295020081399,0.07122802734375,0.532470703125,0.5324707031249187,0.49843619512346715,0.5324707031249187,0,2,0.5324707031249187,0.49843619512346715,0.5324707031249187,0,2
rwtd_219,0.0031443411809183976,0.5635402831546716,0.5635402831546716,1,0.006268970579481765,0.7208516329590774,0.7208516329590774,0.25228519195381827,0.9805447470435585,0.4013155584488785,0.2788599281298338,0.30670166015625,0.4624481201171875,0.6612492871867656,0.5635402831546716,0.6612492871867656,0,1,0.6612492871867656,0.5635402831546716,0.6612492871867656,0,1
rwtd_22,0.0,0.0,0.0,0,0.0,0.0,0.0,0.0,0.0,0.0,0.0,0.0,0.4505462646484375,0.4505462646483688,0.5494537353514787,0.5494537353514787,1,1,0.4505462646483688,0.5494537353514787,0.5494537353514787,1,1
rwtd_221,0.23134556108276141,0.6750042866939568,0.6750042866939568,1,0.37576057996153717,0.8059732050313112,0.8059732050313112,0.018382352941007516,0.06367041198263407,0.028528273079205926,0.2884486733212114,0.711883544921875,0.5194244384765625,0.5545927209703744,0.6750042866939568,0.6750042866939568,1,1,0.5545927209703744,0.6750042866939568,0.6750042866939568,1,1
rwtd_222,0.07264600715132738,0.0159302142407026,0.07264600715132738,0,0.13545196955378885,0.03136084352527836,0.13545196955378885,0.07161803713432867,0.09039548022428634,0.07991859649038327,0.05788706279029075,0.03094482421875,0.2436981201171875,0.24369812011715034,0.7580577452305366,0.7580577452305366,1,1,0.24369812011715034,0.7580577452305366,0.7580577452305366,1,1
rwtd_224,0.2642146629005697,0.00552618358412346,0.2642146629005697,0,0.417990188935738,0.010991625428242531,0.417990188935738,0.054889589905016474,0.2509505703326635,0.09007694366168546,0.07206375836616037,0.1348419189453125,0.4934844970703125,0.4934844970702372,0.5790268751096823,0.5790268751096823,1,1,0.4934844970702372,0.5790268751096823,0.5790268751096823,1,1
rwtd_228,0.46429443359367917,0.017817947062615296,0.46429443359367917,0,0.6341544745945736,0.03501205124951319,0.6341544745945736,0.0,0.0,0.0,0.002227534728038098,0.47271728515625,0.9915771484375,0.9915771484373488,0.017817947062615296,0.9915771484373488,0,2,0.9915771484373488,0.017817947062615296,0.9915771484373488,0,2
rwtd_229,0.9850714131913496,0.006347656249999032,0.9850714131913496,0,0.9924795719139142,0.01261523532265699,0.9924795719139142,0.891385767756877,0.8939393939055326,0.8926607495514294,0.9747552989182036,0.425201416015625,0.418853759765625,0.9850714131913496,0.9890773512574204,0.9890773512574204,1,1,0.9850714131913496,0.9890773512574204,0.9890773512574204,1,1
rwtd_236,0.0011304095443225746,0.9952209109525683,0.9952209109525683,1,0.0022582663228401883,0.9976047318764567,0.9976047318764567,0.99999999996337,0.99999999996337,0.99999999496337,0.9910476754368679,0.468231201171875,0.5317840576171875,0.9957908601531911,0.9952209109525683,0.9957908601531911,0,1,0.9957908601531911,0.9952209109525683,0.9957908601531911,0,1
rwtd_237,0.0022198407838330955,0.9886320695298562,0.9886320695298562,1,0.004429848010386554,0.9942835426199119,0.9942835426199119,0.8999999999666667,0.8389261744684924,0.868390577762138,0.9780873076354657,0.48126220703125,0.5176544189453125,0.9894262030986236,0.9886320695298562,0.9894262030986236,0,1,0.9894262030986236,0.9886320695298562,0.9894262030986236,0,1
rwtd_238,0.9792477741287859,0.0005695812807880897,0.9792477741287859,0,0.9895150945008143,0.0011385140852652987,0.9895150945008143,0.6113207546939124,0.5437499999830078,0.575558953649741,0.962929893356446,0.4419403076171875,0.450164794921875,0.9792477741287859,0.9832559409994583,0.9832559409994583,1,1,0.9792477741287859,0.9832559409994583,0.9832559409994583,1,1
rwtd_24,0.0,0.0,0.0,0,0.0,0.0,0.0,0.0,0.0,0.0,0.0,0.0,0.17083740234375,0.17083740234372394,0.8291625976561235,0.8291625976561235,1,1,0.17083740234372394,0.8291625976561235,0.8291625976561235,1,1
rwtd_240,0.06926903941827549,0.039661554732932425,0.06926903941827549,0,0.12956335003576008,0.07629704984738164,0.12956335003576008,0.02549575070785417,0.062962962960631,0.03629462286813467,-0.0070377538136935655,0.0597381591796875,0.5797576904296875,0.579757690429599,0.4202423095702484,0.579757690429599,0,2,0.579757690429599,0.4202423095702484,0.579757690429599,0,2
rwtd_243,0.0,0.5059981947976523,0.5059981947976523,1,0.0,0.6719771597941906,0.6719771597941906,0.0,0.0,0.0,0.004049327944985902,0.4704742431640625,0.0702056884765625,0.13258219750450032,0.9297943115232956,0.9297943115232956,1,2,0.13258219750450032,0.9297943115232956,0.9297943115232956,1,2
rwtd_244,0.0,0.0,0.0,0,0.0,0.0,0.0,0.0,0.0,0.0,0.0,0.0,0.247039794921875,0.2470397949218373,0.7529602050780101,0.7529602050780101,1,1,0.2470397949218373,0.7529602050780101,0.7529602050780101,1,1
rwtd_245,0.4115340837232088,0.49699401855461167,0.49699401855461167,1,0.583101872591987,0.6639893177856153,0.6639893177856153,0.0,0.0,0.0,-0.0461468116202631,0.8445587158203125,0.347564697265625,0.4115340837232088,0.6524353027342755,0.6524353027342755,1,2,0.4115340837232088,0.6524353027342755,0.6524353027342755,1,2
rwtd_246,0.0,0.0,0.0,0,0.0,0.0,0.0,0.0,0.0,0.0,0.0,0.0,0.4770965576171875,0.4770965576171147,0.5229034423827328,0.5229034423827328,1,1,0.4770965576171147,0.5229034423827328,0.5229034423827328,1,1
rwtd_247,0.013626774616564906,0.0,0.013626774616564906,0,0.02688716391044356,0.0,0.02688716391044356,0.0,0.0,0.0,-0.0017086586779476404,0.007293701171875,0.535247802734375,0.5352478027342934,0.4681668664882923,0.5352478027342934,0,2,0.5352478027342934,0.4681668664882923,0.5352478027342934,0,2
rwtd_25,0.019341069761234606,0.836825874753943,0.836825874753943,1,0.03794818110441672,0.9111651640534978,0.9111651640534978,0.23172242874701537,0.5417322834560357,0.3245995320722705,0.6317584529533005,0.5435638427734375,0.3892974853515625,0.7837350754671953,0.836825874753943,0.836825874753943,1,1,0.7837350754671953,0.836825874753943,0.836825874753943,1,1
rwtd_250,0.4269674981751692,0.4017250673853829,0.4269674981751692,0,0.5984263814294055,0.5731866779477872,0.5984263814294055,0.0988593155855947,0.06235565819717423,0.07647474878102234,0.01187454855941514,0.7014617919921875,0.31280517578125,0.4269674981751692,0.6871948242186452,0.6871948242186452,1,2,0.4269674981751692,0.6871948242186452,0.6871948242186452,1,2
rwtd_251,0.5975162866448406,0.33131251431620506,0.5975162866448406,0,0.7480565821332127,0.49772312774566735,0.7480565821332127,0.05583559519171836,0.40234374998428346,0.09806248360278391,0.11304824669002833,0.8236846923828125,0.493408203125,0.5975162866448406,0.5065917968749227,0.5975162866448406,0,1,0.5975162866448406,0.5065917968749227,0.5975162866448406,0,1
rwtd_252,0.0,0.0,0.0,0,0.0,0.0,0.0,0.0,0.0,0.0,0.0,0.0,0.18499755859375,0.18499755859372177,0.8150024414061257,0.8150024414061257,1,1,0.18499755859372177,0.8150024414061257,0.8150024414061257,1,1
rwtd_253,0.23773193359371372,0.6373961412245125,0.6373961412245125,1,0.3841412298436333,0.7785484833839187,0.7785484833839187,0.0,0.0,0.0,0.27322978707319584,0.6556243896484375,0.5821075439453125,0.5916013525910007,0.6373961412245125,0.6373961412245125,1,1,0.5916013525910007,0.6373961412245125,0.6373961412245125,1,1
rwtd_254,0.33220732248256996,0.005043508376984925,0.33220732248256996,0,0.49873216709768753,0.010036398096097427,0.49873216709768753,0.05357826253328137,0.4280155641856803,0.09523514845001343,0.1570071378778022,0.1521148681640625,0.443634033203125,0.44363403320305733,0.6492652329747941,0.6492652329747941,1,1,0.44363403320305733,0.6492652329747941,0.6492652329747941,1,1
rwtd_256,0.9979985443956217,0.0008393742846240611,0.9979985443956217,0,0.9989982697384879,0.0016773406526377438,0.9989982697384879,0.9999999999622641,0.9999999999612402,0.9999999949617522,0.9959756751217607,0.5030059814453125,0.5023345947265625,0.9979985443956217,0.9979770734993569,0.9979985443956217,0,1,0.9979985443956217,0.9979770734993569,0.9979985443956217,0,1
rwtd_257,0.0,0.0,0.0,0,0.0,0.0,0.0,0.0,0.0,0.0,0.0,0.0,0.370819091796875,0.37081909179681843,0.6291809082030291,0.6291809082030291,1,1,0.37081909179681843,0.6291809082030291,0.6291809082030291,1,1
rwtd_258,0.0,0.0,0.0,0,0.0,0.0,0.0,0.0,0.0,0.0,0.0,0.0,0.5319061279296875,0.5319061279296063,0.4680938720702411,0.5319061279296063,0,1,0.5319061279296063,0.4680938720702411,0.5319061279296063,0,1
rwtd_259,0.0,0.0,0.0,0,0.0,0.0,0.0,0.0,0.0,0.0,0.0,0.0,0.2932586669921875,0.29325866699214276,0.7067413330077047,0.7067413330077047,1,1,0.29325866699214276,0.7067413330077047,0.7067413330077047,1,1
rwtd_260,0.0,0.0,0.0,0,0.0,0.0,0.0,0.0,0.0,0.0,0.0,0.0,0.5126800537109375,0.5126800537108593,0.48731994628898817,0.5126800537108593,0,1,0.5126800537108593,0.48731994628898817,0.5126800537108593,0,1
rwtd_261,0.0,0.0,0.0,0,0.0,0.0,0.0,0.0,0.0,0.0,0.0,0.0,0.569976806640625,0.5699768066405381,0.4300231933593094,0.5699768066405381,0,1,0.5699768066405381,0.4300231933593094,0.5699768066405381,0,1
rwtd_262,0.2914488870021248,0.023046344286211683,0.2914488870021248,0,0.45135179554596694,0.04505435049922654,0.45135179554596694,0.05882352941127736,0.22265624999130249,0.09306122118228403,0.028323168957662282,0.1815948486328125,0.5611419677734375,0.5611419677733519,0.5104397719564242,0.5611419677733519,0,2,0.5611419677733519,0.5104397719564242,0.5611419677733519,0,2
rwtd_263,0.0,0.0,0.0,0,0.0,0.0,0.0,0.0,0.0,0.0,0.0,0.0,0.47412109375,0.47412109374992767,0.5258789062499197,0.5258789062499197,1,1,0.47412109374992767,0.5258789062499197,0.5258789062499197,1,1
rwtd_265,0.18194768932692348,0.08030692375423093,0.18194768932692348,0,0.3078777359944519,0.148674273927917,0.3078777359944519,0.031645569619251725,0.020408163264889628,0.024813891014045707,0.13171527351969478,0.116912841796875,0.1995849609375,0.19958496093746955,0.8004150390623779,0.8004150390623779,1,2,0.19958496093746955,0.8004150390623779,0.8004150390623779,1,2
rwtd_268,0.03620990717763802,0.014603817235391961,0.03620990717763802,0,0.06988913525496826,0.028787231010395105,0.06988913525496826,0.4961089494066905,0.6615384615130178,0.5670036406639296,0.0012572597346694608,0.0257415771484375,0.490386962890625,0.9586217457883741,0.96053976691855,0.96053976691855,1,1,0.9586217457883741,0.96053976691855,0.96053976691855,1,1
rwtd_269,0.0008100012226432312,0.9949190938508107,0.9949190938508107,1,0.0016186913033516656,0.9974530765859875,0.9974530765859875,0.99999999996337,0.9999999999615384,0.9999999949624542,0.9904401728008164,0.46990966796875,0.5293121337890625,0.9954875980797876,0.9949190938508107,0.9954875980797876,0,1,0.9954875980797876,0.9949190938508107,0.9954875980797876,0,1
rwtd_27,0.0,0.0,0.0,0,0.0,0.0,0.0,0.0,0.0,0.0,0.0,0.0,0.368621826171875,0.36862182617181877,0.6313781738280286,0.6313781738280286,1,1,0.36862182617181877,0.6313781738280286,0.6313781738280286,1,1
rwtd_270,0.18352077258910177,0.6416413287486455,0.6416413287486455,1,0.3101268297769321,0.781707084869436,0.781707084869436,0.010683760683532398,0.01953124999923706,0.013812150124463525,0.3782508432651304,0.52606201171875,0.6445465087890625,0.7064205233260299,0.6416413287486455,0.7064205233260299,0,1,0.7064205233260299,0.6416413287486455,0.7064205233260299,0,1
rwtd_274,0.0,0.0,0.0,0,0.0,0.0,0.0,0.0,0.0,0.0,0.0,0.0,0.558502197265625,0.5585021972655398,0.44149780273430766,0.5585021972655398,0,1,0.5585021972655398,0.44149780273430766,0.5585021972655398,0,1
rwtd_276,0.0,0.0,0.0,0,0.0,0.0,0.0,0.0,0.0,0.0,0.0,0.0,0.3292694091796875,0.32926940917963726,0.6707305908202101,0.6707305908202101,1,1,0.32926940917963726,0.6707305908202101,0.6707305908202101,1,1
rwtd_28,0.07296629077969218,0.00886014643457199,0.07296629077969218,0,0.13600854268528748,0.017564667344398068,0.13600854268528748,0.05301204819149368,0.0278330019877949,0.036501536133902765,0.0037993685995997093,0.0416717529296875,0.5013275146484375,0.501327514648361,0.5128652005829721,0.5128652005829721,1,1,0.501327514648361,0.5128652005829721,0.5128652005829721,1,1
rwtd_280,0.0,0.0,0.0,0,0.0,0.0,0.0,0.0,0.0,0.0,0.0,0.0,0.427642822265625,0.4276428222655598,0.5723571777342877,0.5723571777342877,1,1,0.4276428222655598,0.5723571777342877,0.5723571777342877,1,1
rwtd_281,0.0,0.0,0.0,0,0.0,0.0,0.0,0.0,0.0,0.0,0.0,0.0,0.4602813720703125,0.4602813720702423,0.5397186279296051,0.5397186279296051,1,1,0.4602813720702423,0.5397186279296051,0.5397186279296051,1,1
rwtd_282,0.03351738835608992,0.2899257453174416,0.2899257453174416,1,0.064860811697426,0.4495231549101191,0.4495231549101191,0.05764411027424451,0.03633217993016726,0.04457158202318621,0.04610707674093542,0.1807861328125,0.47039794921875,0.6844198564591255,0.7525616075404459,0.7525616075404459,1,2,0.6844198564591255,0.7525616075404459,0.7525616075404459,1,2
rwtd_288,0.5780639648436618,0.4052000251208307,0.5780639648436618,0,0.7326242506284343,0.5767150837988183,0.7326242506284343,0.0,0.0,0.0,-0.0164673609480702,0.97186279296875,0.606201171875,0.6062011718749075,0.4052000251208307,0.6062011718749075,0,2,0.6062011718749075,0.4052000251208307,0.6062011718749075,0,2
rwtd_293,0.0,0.0,0.0,0,0.0,0.0,0.0,0.0,0.0,0.0,0.0,0.0,0.1463623046875,0.14636230468747768,0.8536376953123698,0.8536376953123698,1,1,0.14636230468747768,0.8536376953123698,0.8536376953123698,1,1
rwtd_294,0.6163923757983635,0.3321256599624797,0.6163923757983635,0,0.7626766681498567,0.49864013575391125,0.7626766681498567,0.04895104895047842,0.10975609755762938,0.06770553039153632,0.09174982481530863,0.87652587890625,0.563690185546875,0.6163923757983635,0.43630981445305844,0.6163923757983635,0,1,0.6163923757983635,0.43630981445305844,0.6163923757983635,0,1
rwtd_299,0.8643697097083269,0.004603387831328495,0.8643697097083269,0,0.927251397839492,0.009164587512024988,0.927251397839492,0.11683848796849353,0.08584686774742814,0.0989732849139076,0.7297831669113846,0.4686279296875,0.5329132080078125,0.8643697097083269,0.8639794901008792,0.8643697097083269,0,1,0.8643697097083269,0.8639794901008792,0.8643697097083269,0,1
rwtd_3,0.1469135067563254,0.313738622180184,0.313738622180184,1,0.25618933928474313,0.47762715791901805,0.47762715791901805,0.02293577981546166,0.014563106795763031,0.017814722089539662,0.08773865981804724,0.270233154296875,0.6117401123046875,0.6117401123045941,0.38825988769525327,0.6117401123045941,0,2,0.6117401123045941,0.38825988769525327,0.6117401123045941,0,2
rwtd_30,0.2630056283203769,0.1805412962274885,0.2630056283203769,0,0.4164757819331939,0.3058618903115414,0.4164757819331939,0.09290709290616476,0.08492366412132707,0.08873617185975816,0.019343646338102084,0.2787017822265625,0.4540557861328125,0.4540557861327432,0.5459442138671042,0.5459442138671042,1,2,0.4540557861327432,0.5459442138671042,0.5459442138671042,1,2
rwtd_300,0.0,0.0,0.0,0,0.0,0.0,0.0,0.0,0.0,0.0,0.0,0.0,0.55316162109375,0.5531616210936656,0.44683837890618183,0.5531616210936656,0,1,0.5531616210936656,0.44683837890618183,0.5531616210936656,0,1
rwtd_302,0.0,0.0,0.0,0,0.0,0.0,0.0,0.0,0.0,0.0,0.0,0.0,0.4503631591796875,0.4503631591796188,0.5496368408202287,0.5496368408202287,1,1,0.4503631591796188,0.5496368408202287,0.5496368408202287,1,1
rwtd_303,0.0,0.0,0.0,0,0.0,0.0,0.0,0.0,0.0,0.0,0.0,0.0,0.3563385009765625,0.35633850097650815,0.6436614990233394,0.6436614990233394,1,1,0.35633850097650815,0.6436614990233394,0.6436614990233394,1,1
rwtd_304,0.0,0.0,0.0,0,0.0,0.0,0.0,0.0,0.0,0.0,0.0,0.0,0.2826385498046875,0.28263854980464437,0.717361450195203,0.717361450195203,1,1,0.28263854980464437,0.717361450195203,0.717361450195203,1,1
rwtd_308,0.09436521542546404,0.020307416133725845,0.09436521542546404,0,0.17245653296605742,0.03980646580160556,0.17245653296605742,0.17312072892544145,0.07826982492195396,0.10780141414998257,-0.05536332317924144,0.0819549560546875,0.8044281005859375,0.840818087676762,0.4516320827632727,0.840818087676762,0,2,0.840818087676762,0.4516320827632727,0.840818087676762,0,2
rwtd_310,0.018327728523384542,0.8225131596695606,0.8225131596695606,1,0.03599573695191522,0.9026142338732854,0.9026142338732854,0.6356275303515055,0.6063432835707772,0.6206401574944452,0.8695613978923841,0.1112823486328125,0.905242919921875,0.9778775949663575,0.8225131596695606,0.9778775949663575,0,1,0.9778775949663575,0.8225131596695606,0.9778775949663575,0,1
rwtd_311,0.2997027220035043,0.05796750917077519,0.2997027220035043,0,0.46118657279029107,0.10958277767189575,0.46118657279029107,0.16799999999551998,0.10274963820401231,0.12751218206638146,-0.023708451387759864,0.29730224609375,0.8968353271484375,0.8968353271483007,0.11208675510631458,0.8968353271483007,0,2,0.8968353271483007,0.11208675510631458,0.8968353271483007,0,2
rwtd_315,0.03609395141713356,0.0,0.03609395141713356,0,0.06967312446475632,0.0,0.06967312446475632,0.0,0.0,0.0,-0.04347186752033636,0.03289794921875,0.9114532470703125,0.9617409209410402,0.6975981099872718,0.9617409209410402,0,2,0.9617409209410402,0.6975981099872718,0.9617409209410402,0,2
rwtd_318,0.0019549414466562996,0.13201983648295668,0.13201983648295668,1,0.003902254214812673,0.23324650722221568,0.23324650722221568,0.1628392484308384,0.10905730129188433,0.13062915541392797,0.13902954859469244,0.0316314697265625,0.7738800048828125,0.7962432747064789,0.226119995117153,0.7962432747064789,0,1,0.7962432747064789,0.226119995117153,0.7962432747064789,0,1
rwtd_319,0.7509386085288442,0.1466831479192195,0.7509386085288442,0,0.8577554973898145,0.2558390226374076,0.8577554973898145,0.3934911242487133,0.2538461538412722,0.30860637970024973,0.4988563911092755,0.589202880859375,0.4426422119140625,0.7509386085288442,0.7367110089229932,0.7509386085288442,0,1,0.7509386085288442,0.7367110089229932,0.7509386085288442,0,1
rwtd_321,0.06387071950749305,0.8848926136777959,0.8848926136777959,1,0.12007233273054321,0.9389315945709995,0.9389315945709995,0.3597972972912196,0.37452471482177707,0.3670133159669955,0.7329139649734846,0.615936279296875,0.4388275146484375,0.8393246930420056,0.8848926136777959,0.8848926136777959,1,1,0.8393246930420056,0.8848926136777959,0.8848926136777959,1,1
rwtd_322,0.6877263146515542,0.26449584960933464,0.6877263146515542,0,0.8149737415139389,0.41834198141662626,0.8149737415139389,0.034954407294301604,0.027745664739563632,0.030935629890692286,0.21150246874105819,0.8470001220703125,0.5825042724609375,0.6877263146515542,0.41749572753899883,0.6877263146515542,0,1,0.6877263146515542,0.41749572753899883,0.6877263146515542,0,1
rwtd_323,0.30775165092879286,0.5966514459663981,0.5966514459663981,1,0.4706576370371563,0.7473784556719774,0.7473784556719774,0.2031558185364269,0.11475409835920865,0.14666394981889275,0.1357913980322324,0.770904541015625,0.52239990234375,0.5223999023436703,0.5966514459663981,0.5966514459663981,1,1,0.5223999023436703,0.5966514459663981,0.5966514459663981,1,1
rwtd_324,0.1989141324369974,0.0052243542795749175,0.1989141324369974,0,0.3318238179954899,0.010394404507477561,0.3318238179954899,0.08007279344786104,0.18271604937820454,0.11134859278946531,0.056931939532933476,0.0971832275390625,0.4688873291015625,0.48314606741557475,0.6822814621305227,0.6822814621305227,1,1,0.48314606741557475,0.6822814621305227,0.6822814621305227,1,1
rwtd_325,0.0,0.0,0.0,0,0.0,0.0,0.0,0.0,0.0,0.0,0.0,0.0,0.4563751220703125,0.4563751220702429,0.5436248779296046,0.5436248779296046,1,1,0.4563751220702429,0.5436248779296046,0.5436248779296046,1,1
rwtd_327,0.0,0.0,0.0,0,0.0,0.0,0.0,0.0,0.0,0.0,0.0,0.0,0.5543060302734375,0.5543060302733529,0.4456939697264945,0.5543060302733529,0,1,0.5543060302733529,0.4456939697264945,0.5543060302733529,0,1
rwtd_328,0.2096630382285898,0.0,0.2096630382285898,0,0.34664701094879585,0.0,0.34664701094879585,0.0030349013656595612,0.004807692307576738,0.00372092548798009,-0.10768257477368182,0.1722259521484375,0.821441650390625,0.8214416503904997,0.35278866445572726,0.8214416503904997,0,3,0.8214416503904997,0.35278866445572726,0.8214416503904997,0,3
rwtd_329,0.4221544247447191,0.3682718031031981,0.4221544247447191,0,0.5936829607241803,0.5383021155123844,0.5936829607241803,0.1016548463344958,0.05909943714766324,0.07474443228314342,0.006398820325190827,0.650787353515625,0.4801483154296875,0.4801483154296143,0.5198516845702332,0.5198516845702332,1,2,0.4801483154296143,0.5198516845702332,0.5198516845702332,1,2
rwtd_33,0.6426561125763917,0.015139863500910773,0.6426561125763917,0,0.7824597098030827,0.029828133137630823,0.7824597098030827,0.35238095237424033,0.3416666666595486,0.3469411041995288,0.6855543556368663,0.12591552734375,0.1590728759765625,0.6426561125763917,0.9302237716600096,0.9302237716600096,1,1,0.6426561125763917,0.9302237716600096,0.9302237716600096,1,1
rwtd_330,0.0,0.0,0.0,0,0.0,0.0,0.0,0.0,0.0,0.0,0.0,0.0,0.3763427734375,0.3763427734374426,0.6236572265624049,0.6236572265624049,1,1,0.3763427734374426,0.6236572265624049,0.6236572265624049,1,1
rwtd_331,0.0,0.0,0.0,0,0.0,0.0,0.0,0.0,0.0,0.0,0.0,0.0,0.7088165283203125,0.7088165283202044,0.2911834716796431,0.7088165283202044,0,1,0.7088165283202044,0.2911834716796431,0.7088165283202044,0,1
rwtd_332,0.7006073433328655,0.03899145518086126,0.7006073433328655,0,0.8239495684639453,0.07505635390249453,0.8239495684639453,0.13355592654349718,0.2291950886735444,0.16876788926343847,0.36341076869793504,0.4972076416015625,0.6307525634765625,0.7006073433328655,0.6290405336067987,0.7006073433328655,0,1,0.7006073433328655,0.6290405336067987,0.7006073433328655,0,1
rwtd_334,0.0776630298991931,0.009293510526554027,0.0776630298991931,0,0.14413230804894156,0.018415872944046875,0.14413230804894156,0.1283422459824416,0.025301204818972273,0.04226946510565446,0.040029600363054266,0.03466796875,0.3602142333984375,0.36021423339838254,0.6521336244128957,0.6521336244128957,1,1,0.36021423339838254,0.6521336244128957,0.6521336244128957,1,1
rwtd_337,0.07399829497014797,0.004125313882575555,0.07399829497014797,0,0.13779965073818812,0.008216731169986176,0.13779965073818812,0.08862876254032394,0.09999999999807692,0.09397162622216244,-0.06219732549873073,0.0606536865234375,0.80438232421875,0.8043823242186273,0.2068959922115517,0.8043823242186273,0,2,0.8043823242186273,0.2068959922115517,0.8043823242186273,0,2
rwtd_34,0.1780738946092447,0.04843740687023455,0.1780738946092447,0,0.30231362467854367,0.09239923442798273,0.30231362467854367,0.04973357015897454,0.03726708074476293,0.04260714701674674,0.11074379841324629,0.09552001953125,0.2902984619140625,0.2902984619140182,0.7141491395792342,0.7141491395792342,1,1,0.2902984619140182,0.7141491395792342,0.7141491395792342,1,1
rwtd_342,0.4309017559586773,0.29640602610272715,0.4309017559586773,0,0.6022800016343277,0.4572734469520893,0.6022800016343277,0.03448275861989695,0.02053140096593561,0.025738072535370887,0.011641016783021959,0.5709381103515625,0.54937744140625,0.5493774414061662,0.4506225585936813,0.5493774414061662,0,2,0.5493774414061662,0.4506225585936813,0.5493774414061662,0,2
rwtd_343,0.48684311705081484,0.3206268083038752,0.48684311705081484,0,0.6548681719917816,0.4855676202964058,0.6548681719917816,0.11702637889632123,0.36258278145095063,0.17694303022870606,-0.052345780198196135,0.714691162109375,0.7605133056640625,0.7605133056639465,0.3206268083038752,0.7605133056639465,0,2,0.7605133056639465,0.3206268083038752,0.7605133056639465,0,2
rwtd_344,0.0,0.0,0.0,0,0.0,0.0,0.0,0.0,0.0,0.0,0.0,0.0,0.72711181640625,0.7271118164061391,0.27288818359370837,0.7271118164061391,0,1,0.7271118164061391,0.27288818359370837,0.7271118164061391,0,1
rwtd_345,0.5139681826928421,0.33508861332874035,0.5139681826928421,0,0.6789682749853632,0.5019720938122196,0.6789682749853632,0.040816326529223936,0.016238159675017075,0.02323329699228533,-0.030700644725176314,0.7599334716796875,0.680572509765625,0.6805725097655212,0.33508861332874035,0.6805725097655212,0,2,0.6805725097655212,0.33508861332874035,0.6805725097655212,0,2
rwtd_346,0.3688953164978599,0.036746223016912404,0.3688953164978599,0,0.5389678992278686,0.07088759467091488,0.5389678992278686,0.048218029349599394,0.06249999999897204,0.054437864904970976,-0.0039453802148866545,0.274627685546875,0.6641693115234375,0.6641693115233361,0.4206021733800922,0.6641693115233361,0,2,0.6641693115233361,0.4206021733800922,0.6641693115233361,0,2
rwtd_347,0.5703452643830654,0.33328936521016767,0.5703452643830654,0,0.7263947328260125,0.4999505342302508,0.7263947328260125,0.09948542023956841,0.20757363253565816,0.13450539369737033,0.04418450017999032,0.8168487548828125,0.5829620361328125,0.5829620361327236,0.4170379638671239,0.5829620361327236,0,2,0.5829620361327236,0.4170379638671239,0.5829620361327236,0,2
rwtd_348,0.5801696777342865,0.3177340343447186,0.5801696777342865,0,0.7343131385309938,0.4822430415599322,0.7343131385309938,0.1597222222166763,0.03906249999966092,0.06277292260549165,-0.08705421463918445,0.8503570556640625,0.7298126220703125,0.7298126220702011,0.3177340343447186,0.7298126220702011,0,2,0.7298126220702011,0.3177340343447186,0.7298126220702011,0,2
rwtd_349,0.003260434929715595,0.9635834670942197,0.9635834670942197,1,0.006499678081980793,0.9814540438356457,0.9814540438356457,0.9106382978594235,0.9271137026103919,0.9188021444214788,0.9549958955637333,0.296356201171875,0.69903564453125,0.9843284548631472,0.9635834670942197,0.9843284548631472,0,2,0.9843284548631472,0.9635834670942197,0.9843284548631472,0,2
rwtd_350,0.0,0.0,0.0,0,0.0,0.0,0.0,0.0,0.0,0.0,0.0,0.0,0.2776031494140625,0.27760314941402014,0.7223968505858273,0.7223968505858273,1,1,0.27760314941402014,0.7223968505858273,0.7223968505858273,1,1
rwtd_351,0.0,0.0,0.0,0,0.0,0.0,0.0,0.0,0.0,0.0,0.0,0.0,0.507049560546875,0.5070495605467976,0.4929504394530498,0.5070495605467976,0,1,0.5070495605467976,0.4929504394530498,0.5070495605467976,0,1
rwtd_352,0.21570199347965596,0.05597936039496335,0.21570199347965596,0,0.3548599815358707,0.10602358813911975,0.3548599815358707,0.14473684210288262,0.08494623655822639,0.10705925368413029,0.1653147517347398,0.10760498046875,0.2394866943359375,0.23948669433590097,0.7613821138210144,0.7613821138210144,1,1,0.23948669433590097,0.7613821138210144,0.7613821138210144,1,1
rwtd_357,0.38448088102207395,0.6073139818849722,0.6073139818849722,1,0.5554152264468054,0.7556880469275166,0.7556880469275166,0.05421686746661344,0.022494887525102352,0.03179700886184947,0.010116912589868469,0.9820404052734375,0.3952789306640625,0.3952789306640022,0.6073139818849722,0.6073139818849722,1,1,0.3952789306640022,0.6073139818849722,0.6073139818849722,1,1
rwtd_358,0.5687309644669163,0.024387734101660737,0.5687309644669163,0,0.7250841315039402,0.04761426418883787,0.7250841315039402,0.030828516377055328,0.08071748878561805,0.044616572296432844,0.00808353652438255,0.5700836181640625,0.9624786376953125,0.9624786376951657,0.05188339113413732,0.9624786376951657,0,2,0.9624786376951657,0.05188339113413732,0.9624786376951657,0,2
rwtd_359,0.09990086390026912,0.1767947717518102,0.1767947717518102,1,0.1816543057271885,0.30046831613405023,0.30046831613405023,0.019639934533230114,0.014492753623013372,0.016678243897349263,-0.008491806395479863,0.1644439697265625,0.4280853271484375,0.4280853271483722,0.5844893159643956,0.5844893159643956,1,2,0.4280853271483722,0.5844893159643956,0.5844893159643956,1,2
rwtd_36,0.2698359035705225,0.3986064507842088,0.3986064507842088,1,0.4249933441191864,0.5700051655856546,0.5700051655856546,0.18186843559877355,0.366533864536965,0.24310962702112227,0.018633393059463543,0.53717041015625,0.2079010009765625,0.2698359035705225,0.7920989990233167,0.7920989990233167,1,2,0.2698359035705225,0.7920989990233167,0.7920989990233167,1,2
rwtd_362,0.3563114767293404,0.532630962832797,0.532630962832797,1,0.5254124629079495,0.6950544204696516,0.6950544204696516,0.10600706713656058,0.07207207207148181,0.08580621613175993,0.04846989017407812,0.7820587158203125,0.5034942626953125,0.5034942626952357,0.532630962832797,0.532630962832797,1,1,0.5034942626952357,0.532630962832797,0.532630962832797,1,1
rwtd_363,0.3858137756127427,0.01869742568846367,0.3858137756127427,0,0.5568046477848783,0.036708496982462556,0.5568046477848783,0.2671532846676328,0.14909781576306652,0.19138433613622424,0.26055897703655023,0.160858154296875,0.3644256591796875,0.3858137756127427,0.7273198455817974,0.7273198455817974,1,1,0.3858137756127427,0.7273198455817974,0.7273198455817974,1,1
rwtd_364,0.6480042738303217,0.3176706827308727,0.6480042738303217,0,0.7864109142438305,0.4821700701005203,0.7864109142438305,0.05642633228781164,0.02969432314384547,0.03891149090356117,-0.04457499757326056,0.9495391845703125,0.69793701171875,0.6979370117186435,0.3176706827308727,0.6979370117186435,0,2,0.6979370117186435,0.3176706827308727,0.6979370117186435,0,2
rwtd_365,0.0,0.0,0.0,0,0.0,0.0,0.0,0.0,0.0,0.0,0.0,0.0,0.4068603515625,0.40686035156243794,0.5931396484374095,0.5931396484374095,1,1,0.40686035156243794,0.5931396484374095,0.5931396484374095,1,1
rwtd_366,0.01906489798345754,0.0033675187509556504,0.01906489798345754,0,0.0374164550681384,0.006712433257053636,0.0374164550681384,0.1726384364764613,0.02071563088499237,0.03699238387327161,-0.00045082131148900274,0.0114593505859375,0.5113525390625,0.6042472179151334,0.4917790276599905,0.6042472179151334,0,2,0.6042472179151334,0.4917790276599905,0.6042472179151334,0,2
rwtd_367,0.0,0.0,0.0,0,0.0,0.0,0.0,0.0,0.0,0.0,0.0,0.0,0.3786468505859375,0.3786468505858797,0.6213531494139677,0.6213531494139677,1,1,0.3786468505858797,0.6213531494139677,0.6213531494139677,1,1
rwtd_371,0.23994802569831808,0.011665888940734693,0.23994802569831808,0,0.3870291669091265,0.023062730627301208,0.3870291669091265,0.2702104097423011,0.23862375138469896,0.2534366805322564,0.11195075668169172,0.1094512939453125,0.4147491455078125,0.4147491455077492,0.6424059231081642,0.6424059231081642,1,1,0.4147491455077492,0.6424059231081642,0.6424059231081642,1,1
rwtd_373,0.0,0.7921726504746619,0.7921726504746619,1,0.0,0.8840360891177006,0.8840360891177006,0.012552301255055059,0.014754098360413867,0.013564426079781299,0.7930112258034436,0.1831512451171875,0.768798828125,0.9411764705880595,0.7921726504746619,0.9411764705880595,0,1,0.9411764705880595,0.7921726504746619,0.9411764705880595,0,1
rwtd_374,0.0,0.0,0.0,0,0.0,0.0,0.0,0.0,0.0,0.0,0.0,0.0,0.82452392578125,0.8245239257811242,0.17547607421872324,0.8245239257811242,0,1,0.8245239257811242,0.17547607421872324,0.8245239257811242,0,1
rwtd_376,0.0,0.0,0.0,0,0.0,0.0,0.0,0.0,0.0,0.0,0.0,0.0,0.333404541015625,0.33340454101557415,0.6665954589842733,0.6665954589842733,1,1,0.33340454101557415,0.6665954589842733,0.6665954589842733,1,1
rwtd_377,0.40188136047127715,0.0,0.40188136047127715,0,0.5733457506506467,0.0,0.5733457506506467,0.02477064220160761,0.08910891088814822,0.03876525144104307,-0.042271644334137916,0.366363525390625,0.91162109375,0.9116210937498609,0.4398746273217339,0.9116210937498609,0,3,0.9116210937498609,0.4398746273217339,0.9116210937498609,0,3
rwtd_378,0.0,0.0,0.0,0,0.0,0.0,0.0,0.0,0.0,0.0,0.0,0.0,0.826080322265625,0.826080322265499,0.17391967773434847,0.826080322265499,0,1,0.826080322265499,0.17391967773434847,0.826080322265499,0,1
rwtd_38,0.34562572098375854,0.240873254598955,0.34562572098375854,0,0.5137026077817224,0.38823184190041105,0.5137026077817224,0.33399800597872387,0.1674565560812667,0.22307167562335561,0.1933875493560735,0.3738861083984375,0.177886962890625,0.34562572098375854,0.8221130371092495,0.8221130371092495,1,3,0.34562572098375854,0.8221130371092495,0.8221130371092495,1,3
rwtd_380,0.0029144522544128724,0.005233652593035884,0.005233652593035884,1,0.0058119658119625,0.010412808165615012,0.010412808165615012,0.06896551723662306,0.0130952380950822,0.02201100282000763,-0.0021267362025291056,0.004638671875,0.263153076171875,0.2633916946218367,0.7440699704849498,0.7440699704849498,1,2,0.2633916946218367,0.7440699704849498,0.7440699704849498,1,2
rwtd_382,0.2382708859119664,0.0021343726800292996,0.2382708859119664,0,0.384844525737975,0.004259653671635474,0.384844525737975,0.20069204151901918,0.11449451887802077,0.14580658501675595,0.243218330529156,0.0579376220703125,0.234039306640625,0.2382708859119664,0.809697028486305,0.809697028486305,1,1,0.2382708859119664,0.809697028486305,0.809697028486305,1,1
rwtd_383,0.0,0.0,0.0,0,0.0,0.0,0.0,0.0,0.0,0.0,0.0,0.0,0.4241943359375,0.4241943359374353,0.5758056640624122,0.5758056640624122,1,1,0.4241943359374353,0.5758056640624122,0.5758056640624122,1,1
rwtd_387,0.0,0.0,0.0,0,0.0,0.0,0.0,0.0,0.0,0.0,0.0,0.0,0.23455810546875,0.23455810546871422,0.7654418945311332,0.7654418945311332,1,1,0.23455810546871422,0.7654418945311332,0.7654418945311332,1,1
rwtd_388,0.0,0.0,0.0,0,0.0,0.0,0.0,0.0,0.0,0.0,0.0,0.0,0.3598785400390625,0.3598785400390076,0.6401214599608398,0.6401214599608398,1,1,0.3598785400390076,0.6401214599608398,0.6401214599608398,1,1
rwtd_389,0.0,0.0,0.0,0,0.0,0.0,0.0,0.0,0.0,0.0,0.0,0.0,0.4307403564453125,0.4307403564452468,0.5692596435546007,0.5692596435546007,1,1,0.4307403564452468,0.5692596435546007,0.5692596435546007,1,1
rwtd_39,0.45893395910143575,0.17533352893457563,0.45893395910143575,0,0.6291360294116333,0.2983553597650076,0.6291360294116333,0.24308300394776516,0.19108280254472798,0.21396885651007147,0.20591240004624622,0.384796142578125,0.345672607421875,0.45893395910143575,0.6543273925780252,0.6543273925780252,1,2,0.45893395910143575,0.6543273925780252,0.6543273925780252,1,2
rwtd_391,0.09024785008090906,0.0019028489877890465,0.09024785008090906,0,0.16555474073938622,0.003798470060668004,0.16555474073938622,0.16189111747619067,0.0772855796411189,0.10462430897804069,-0.07092092078150314,0.0711669921875,0.7819366455078125,0.7819366455076933,0.25258052481030213,0.7819366455076933,0,3,0.7819366455076933,0.25258052481030213,0.7819366455076933,0,3
rwtd_392,0.24903943687939967,0.02994760938310522,0.24903943687939967,0,0.3987695336531565,0.05815365579816737,0.3987695336531565,0.12043795620328068,0.13350785340139387,0.1266365638606095,0.06371952419875317,0.1429901123046875,0.47705078125,0.4770507812499272,0.5746247867116039,0.5746247867116039,1,1,0.4770507812499272,0.5746247867116039,0.5746247867116039,1,1
rwtd_393,0.29034057108852973,0.06520557869949783,0.29034057108852973,0,0.45002161071878694,0.12242815847642646,0.45002161071878694,0.028124999999121093,0.011834319526487167,0.01665895001860564,0.1452728058233571,0.1685943603515625,0.3609619140625,0.36096191406244493,0.6693574930274102,0.6693574930274102,1,1,0.36096191406244493,0.6693574930274102,0.6693574930274102,1,1
rwtd_394,0.0,0.0,0.0,0,0.0,0.0,0.0,0.0,0.0,0.0,0.0,0.0,0.42059326171875,0.42059326171868583,0.5794067382811616,0.5794067382811616,1,1,0.42059326171868583,0.5794067382811616,0.5794067382811616,1,1
rwtd_395,0.0,0.0,0.0,0,0.0,0.0,0.0,0.0,0.0,0.0,0.0,0.0,0.376556396484375,0.37655639648431755,0.6234436035155299,0.6234436035155299,1,1,0.37655639648431755,0.6234436035155299,0.6234436035155299,1,1
rwtd_397,0.17700304714101184,0.30408896053927675,0.30408896053927675,1,0.30076905505208235,0.466362295427342,0.466362295427342,0.1097297297291366,0.10856807511673376,0.10914580659621442,0.002421858989072186,0.34368896484375,0.2574920654296875,0.2574920654296482,0.7425079345701993,0.7425079345701993,1,2,0.2574920654296482,0.7425079345701993,0.7425079345701993,1,2
rwtd_398,0.0,0.0,0.0,0,0.0,0.0,0.0,0.0,0.0,0.0,0.0,0.0,0.90606689453125,0.9060668945311118,0.09393310546873566,0.9060668945311118,0,1,0.9060668945311118,0.09393310546873566,0.9060668945311118,0,1
rwtd_399,0.7882505865194364,0.10984867871093543,0.7882505865194364,0,0.8815885116566899,0.19795253320213388,0.8815885116566899,0.029197080291704407,0.07524271844477566,0.04206954643782057,0.10993472701104585,0.8570098876953125,0.8643341064453125,0.8643341064451806,0.15509171410489872,0.8643341064451806,0,2,0.8643341064451806,0.15509171410489872,0.8643341064451806,0,2
rwtd_4,0.003004673937234028,0.09926985207882207,0.09926985207882207,1,0.005991345833792305,0.18061052414217219,0.18061052414217219,0.07874999999901562,0.08797653958815284,0.08310796942220935,-0.0780157941806349,0.080902099609375,0.19415283203125,0.21015790870484838,0.8058471679686271,0.8058471679686271,1,2,0.21015790870484838,0.8058471679686271,0.8058471679686271,1,2
rwtd_40,0.7047799536739631,0.0016116166631392971,0.7047799536739631,0,0.8268280632407663,0.0032180470680010374,0.8268280632407663,0.5369230769148166,0.4545454545394658,0.4923120277542916,0.7160366716304314,0.15472412109375,0.21588134765625,0.7047799536739631,0.9242093882330077,0.9242093882330077,1,2,0.7047799536739631,0.9242093882330077,0.9242093882330077,1,2
rwtd_400,0.3537483199261061,0.28134840184611976,0.3537483199261061,0,0.5226205118325322,0.4391442662132536,0.5226205118325322,0.09722222221884645,0.029527559054827485,0.04529766683102703,0.00020819973635766308,0.4681243896484375,0.56158447265625,0.5615844726561643,0.4384155273436831,0.5615844726561643,0,2,0.5615844726561643,0.4384155273436831,0.5615844726561643,0,2
rwtd_403,0.0,0.0,0.0,0,0.0,0.0,0.0,0.0,0.0,0.0,0.0,0.0,0.162841796875,0.16284179687497516,0.8371582031248723,0.8371582031248723,1,1,0.16284179687497516,0.8371582031248723,0.8371582031248723,1,1
rwtd_408,0.29208371246578313,0.06952212841069533,0.29208371246578313,0,0.45211267605622435,0.13000596540065024,0.45211267605622435,0.22279495990708595,0.18869047618935306,0.2043293996240305,0.1032839544410496,0.1870269775390625,0.4196624755859375,0.4426353336129999,0.6147697531299755,0.6147697531299755,1,2,0.4426353336129999,0.6147697531299755,0.6147697531299755,1,2
rwtd_41,0.0456834878572886,0.4144565697550082,0.4144565697550082,1,0.08737536431965412,0.5860294032595068,0.5860294032595068,0.05606813342756517,0.09279475982431447,0.06990094726830923,-0.014570592648391742,0.40826416015625,0.0890960693359375,0.10981494378666058,0.9109039306639235,0.9109039306639235,1,2,0.10981494378666058,0.9109039306639235,0.9109039306639235,1,2
rwtd_410,0.29050302477820067,0.004891985776242032,0.29050302477820067,0,0.4502167282066302,0.009736341508312762,0.4502167282066302,0.28932038834670565,0.30079455164244273,0.2949459134880926,0.1920291477429716,0.1106109619140625,0.3646240234375,0.3646240234374444,0.707424177701716,0.707424177701716,1,1,0.3646240234374444,0.707424177701716,0.707424177701716,1,1
rwtd_411,0.09535419509246978,0.0014326647564464213,0.09535419509246978,0,0.17410659587498997,0.0028612303290403507,0.17410659587498997,0.15429687499698638,0.05175781249949456,0.07751406614244609,-0.04967630362461301,0.0655975341796875,0.6816253662109375,0.6816253662108335,0.33993765606378995,0.6816253662108335,0,2,0.6816253662108335,0.33993765606378995,0.6816253662108335,0,2
rwtd_412,0.014425537855401136,0.8888888888883942,0.8888888888883942,1,0.028440801847118696,0.9411764705879582,0.9411764705879582,0.793548387083975,0.5219665271911929,0.6297240542407636,0.8750849819971152,0.257965087890625,0.7399444580078125,0.95970540758657,0.8888888888883942,0.95970540758657,0,1,0.95970540758657,0.8888888888883942,0.95970540758657,0,1
rwtd_413,0.03961231827417864,0.010149253731340398,0.03961231827417864,0,0.07620594249967635,0.020094562647748483,0.07620594249967635,0.11956521738480623,0.032258064515695455,0.05080831074009253,0.002822150817780334,0.0247802734375,0.48260498046875,0.4826049804686764,0.5220401748898346,0.5220401748898346,1,1,0.4826049804686764,0.5220401748898346,0.5220401748898346,1,1
rwtd_414,0.12477517985608395,0.015112862078982428,0.12477517985608395,0,0.2218668798720275,0.029775727692053514,0.2218668798720275,0.10932944606254622,0.09821428571282419,0.10347422052391637,-0.025848803004199044,0.0833587646484375,0.60369873046875,0.603698730468658,0.4493027360987733,0.603698730468658,0,3,0.603698730468658,0.4493027360987733,0.603698730468658,0,3
rwtd_416,0.3226401179939681,0.006890541718175448,0.3226401179939681,0,0.48787287426803955,0.013686774148096194,0.48787287426803955,0.21972049689270406,0.26470588234994674,0.2401244411613537,0.21437565623644755,0.1253509521484375,0.36724853515625,0.367248535156194,0.7132724024902944,0.7132724024902944,1,1,0.367248535156194,0.7132724024902944,0.7132724024902944,1,1
rwtd_417,0.0,0.0,0.0,0,0.0,0.0,0.0,0.0,0.0,0.0,0.0,0.0,0.4326324462890625,0.4326324462889965,0.5673675537108509,0.5673675537108509,1,1,0.4326324462889965,0.5673675537108509,0.5673675537108509,1,1
rwtd_418,0.46811996979863646,0.22302623697131355,0.46811996979863646,0,0.637713510378641,0.3647121054796222,0.637713510378641,0.09361393323589541,0.12090680100654151,0.10552416492085813,-0.011418784791039091,0.586669921875,0.8078155517578125,0.8078155517576893,0.22302623697131355,0.8078155517576893,0,2,0.8078155517576893,0.22302623697131355,0.8078155517576893,0,2
rwtd_422,0.39993011546824225,0.5228968267610061,0.5228968267610061,1,0.5713572571220463,0.686713397220922,0.686713397220922,0.00936329587997447,0.019305019304273936,0.012610336080173402,0.023374073613060018,0.8483734130859375,0.496551513671875,0.4965515136717992,0.5228968267610061,0.5228968267610061,1,1,0.4965515136717992,0.5228968267610061,0.5228968267610061,1,1
rwtd_423,0.6128407956377218,0.35579196217488407,0.6128407956377218,0,0.7599520018284294,0.5248474280731728,0.7599520018284294,0.015624999999864367,0.025684931506409506,0.01943004710975996,-0.024555749743837542,0.9486846923828125,0.6535491943359375,0.6535491943358378,0.35579196217488407,0.6535491943358378,0,2,0.6535491943358378,0.35579196217488407,0.6535491943358378,0,2
rwtd_424,0.8949671772425507,0.023573529182936256,0.8949671772425507,0,0.9445727482677104,0.04606123255601136,0.9445727482677104,0.3664688427245331,0.4370503597043696,0.39865963888790784,0.8368087182559735,0.3850860595703125,0.3813323974609375,0.8949671772425507,0.9334194288991885,0.9334194288991885,1,1,0.8949671772425507,0.9334194288991885,0.9334194288991885,1,1
rwtd_425,0.4973754882811741,0.42124607162507394,0.4973754882811741,0,0.6643296783923018,0.5927841491141853,0.6643296783923018,0.0,0.0,0.0,-0.040937905266689605,0.8593902587890625,0.6379852294921875,0.6379852294920901,0.42124607162507394,0.6379852294920901,0,2,0.6379852294920901,0.42124607162507394,0.6379852294920901,0,2
rwtd_426,0.0,0.1732660228269652,0.1732660228269652,1,0.0,0.29535675534093037,0.29535675534093037,0.003891050583506185,0.0010504201680561931,0.001654256371048062,0.11740955471384192,0.0602264404296875,0.65240478515625,0.6942148760329452,0.347595214843697,0.6942148760329452,0,1,0.6942148760329452,0.347595214843697,0.6942148760329452,0,1
rwtd_428,0.0,0.0,0.0,0,0.0,0.0,0.0,0.0,0.0,0.0,0.0,0.0,0.3856964111328125,0.38569641113275366,0.6143035888670938,0.6143035888670938,1,1,0.38569641113275366,0.6143035888670938,0.6143035888670938,1,1
rwtd_429,0.5406229702633248,0.139376048071524,0.5406229702633248,0,0.7018238474932267,0.24465328774890083,0.7018238474932267,0.1926278240167345,0.14772727272574662,0.16721584327287842,0.25298465751903443,0.4138641357421875,0.4185791015625,0.5406229702633248,0.6493576478701826,0.6493576478701826,1,1,0.5406229702633248,0.6493576478701826,0.6493576478701826,1,1
rwtd_431,0.2979266948126233,0.29211102732588384,0.2979266948126233,0,0.45908092653203936,0.4521453979545837,0.45908092653203936,0.047879616962409305,0.04428571428508163,0.04601259015973384,0.03785513262650088,0.4173126220703125,0.3191680908203125,0.3191680908202638,0.6808319091795837,0.6808319091795837,1,2,0.3191680908202638,0.6808319091795837,0.6808319091795837,1,2
rwtd_432,0.16914135115415932,0.4308283277156626,0.4308283277156626,1,0.2893428600180559,0.6022082724675797,0.6022082724675797,0.15494912118337212,0.29465095194655805,0.20309562997464595,0.004912406084295527,0.45880126953125,0.2993316650390625,0.2993316650390168,0.7006683349608306,0.7006683349608306,1,2,0.2993316650390168,0.7006683349608306,0.7006683349608306,1,2
rwtd_434,0.009242786741097839,0.42375796822812783,0.42375796822812783,1,0.018316280012153113,0.5952668609194809,0.5952668609194809,0.2302158273353691,0.27536231883614554,0.25077335036738924,0.2257161994066356,0.1986083984375,0.5544891357421875,0.6774711168163035,0.44551086425774455,0.6774711168163035,0,1,0.6774711168163035,0.44551086425774455,0.6774711168163035,0,1
rwtd_436,0.7818767289071616,0.07248728586722557,0.7818767289071616,0,0.8775879006924261,0.13517602832673492,0.8775879006924261,0.2582582582543805,0.26530612244481466,0.261734748596326,0.4765477586757838,0.6181640625,0.6399383544921875,0.7818767289071616,0.6561978403785618,0.7818767289071616,0,1,0.7818767289071616,0.6561978403785618,0.7818767289071616,0,1
rwtd_437,0.007060158022372085,0.2328674598637539,0.2328674598637539,1,0.014021323286657601,0.3777656032701008,0.3777656032701008,0.1235657546326252,0.20341880341532617,0.15374179950164715,0.19720721288956128,0.0738983154296875,0.711822509765625,0.7581649032003214,0.28817749023433104,0.7581649032003214,0,1,0.7581649032003214,0.28817749023433104,0.7581649032003214,0,1
rwtd_44,0.0955363771343579,0.7996536452416536,0.7996536452416536,1,0.17441023251871665,0.8886750485083232,0.8886750485083232,0.2444444444366843,0.11258278145546248,0.15416322733613896,0.615638688886768,0.5240478515625,0.5567779541015625,0.8111536300139659,0.7996536452416536,0.8111536300139659,0,1,0.8111536300139659,0.7996536452416536,0.8111536300139659,0,1
rwtd_440,0.12474143082602321,0.5081545566139544,0.5081545566139544,1,0.22181352514846306,0.6738759689919869,0.6738759689919869,0.3264192139702356,0.5304182509404863,0.4041343046194399,0.48857515913125127,0.256866455078125,0.863189697265625,0.8631896972654933,0.5081545566139544,0.8631896972654933,0,3,0.8631896972654933,0.5081545566139544,0.8631896972654933,0,3
rwtd_441,0.4442049181589326,0.22957554822833792,0.4442049181589326,0,0.6151549722254145,0.37342243599285474,0.6151549722254145,0.16477272727085485,0.17265193369927276,0.16862033177612276,-0.000895937401857025,0.5740509033203125,0.857086181640625,0.8570861816404942,0.22957554822833792,0.8570861816404942,0,2,0.8570861816404942,0.22957554822833792,0.8570861816404942,0,2
rwtd_442,0.1514210990672814,0.5280730829861643,0.5280730829861643,1,0.26301602287806153,0.6911620770836465,0.6911620770836465,0.1843853820567378,0.10651408450610464,0.1350269886913258,0.39779615544692987,0.3459930419921875,0.7691650390625,0.7775003811555159,0.5280730829861643,0.7775003811555159,0,2,0.7775003811555159,0.5280730829861643,0.7775003811555159,0,2
rwtd_443,0.005389908256879851,0.29940467547509886,0.29940467547509886,1,0.010722025778485763,0.46083361269364076,0.46083361269364076,0.13122171945404476,0.18771331057379817,0.1544644538007147,0.3939845513355331,0.0364837646484375,0.899932861328125,0.9239846236252759,0.29940467547509886,0.9239846236252759,0,1,0.9239846236252759,0.29940467547509886,0.9239846236252759,0,1
rwtd_444,0.7323455810545758,0.2626363496696478,0.7323455810545758,0,0.8454959438390531,0.41601265437726886,0.8454959438390531,0.0,0.0,0.0,-0.008554084230354433,0.993194580078125,0.7391510009765625,0.7391510009764497,0.2626363496696478,0.7391510009764497,0,2,0.7391510009764497,0.2626363496696478,0.7391510009764497,0,2
rwtd_447,0.1267406238395547,0.44905936000938684,0.44905936000938684,1,0.22496858843637874,0.6197942919418814,0.6197942919418814,0.07980049875212218,0.07224334600668893,0.07583410788947811,0.019244971420726134,0.4304351806640625,0.31036376953125,0.34773768346257183,0.6896362304686448,0.6896362304686448,1,2,0.34773768346257183,0.6896362304686448,0.6896362304686448,1,2
rwtd_448,0.42535787321056906,0.5497383889928703,0.5497383889928703,1,0.5968436154949146,0.7094596002750235,0.7094596002750235,0.07958477508558726,0.087621696799894,0.08341008020506158,0.02104115119687275,0.944732666015625,0.48040771484375,0.4804077148436767,0.5497383889928703,0.5497383889928703,1,1,0.4804077148436767,0.5497383889928703,0.5497383889928703,1,1
rwtd_449,0.42941455284919205,0.5473023919913133,0.5473023919913133,1,0.6008257744308788,0.7074278367617051,0.7074278367617051,0.17078651685201363,0.18055555555304784,0.17553521752987172,0.01766113293238473,0.9490966796875,0.4774169921875,0.47741699218742717,0.5473023919913133,0.5473023919913133,1,1,0.47741699218742717,0.5473023919913133,0.5473023919913133,1,1
rwtd_45,0.0,0.0,0.0,0,0.0,0.0,0.0,0.0,0.0,0.0,0.0,0.0,0.629852294921875,0.629852294921779,0.37014770507806855,0.629852294921779,0,1,0.629852294921779,0.37014770507806855,0.629852294921779,0,1
rwtd_450,0.37336730957025555,0.6136209319584055,0.6136209319584055,1,0.5437253485916845,0.7605515270723111,0.7605515270723111,0.0,0.0,0.0,0.035133185377321165,0.9663238525390625,0.40704345703125,0.4070434570311879,0.6136209319584055,0.6136209319584055,1,1,0.4070434570311879,0.6136209319584055,0.6136209319584055,1,1
rwtd_451,0.9573711554034812,0.031465378914065215,0.9573711554034812,0,0.9782213789761648,0.061011022875420616,0.9782213789761648,0.3445635528278015,0.23945267958677932,0.2825492170267008,0.8632945204149585,0.77093505859375,0.74102783203125,0.9573711554034812,0.8735867846049595,0.9573711554034812,0,1,0.9573711554034812,0.8735867846049595,0.9573711554034812,0,1
rwtd_452,0.09618379183496284,0.4196816867414059,0.4196816867414059,1,0.17548844007984366,0.591233500665492,0.591233500665492,0.11852502194803755,0.14065180102674696,0.12864388851721253,0.04537159966216797,0.346282958984375,0.3948822021484375,0.45892068614120696,0.6051177978514702,0.6051177978514702,1,2,0.45892068614120696,0.6051177978514702,0.6051177978514702,1,2
rwtd_453,0.28972532409180796,0.17132546683465627,0.28972532409180796,0,0.44928221332061574,0.29253264218294417,0.44928221332061574,0.16666666666551883,0.17383177569931,0.17017382848665621,0.08594754447302302,0.274688720703125,0.3386077880859375,0.3386077880858859,0.6613922119139616,0.6613922119139616,1,2,0.3386077880858859,0.6613922119139616,0.6613922119139616,1,2
rwtd_455,0.09279230842213657,0.5863431437107611,0.5863431437107611,1,0.16982606430698205,0.7392387278066358,0.7392387278066358,0.03664921465920616,0.06209850106933408,0.04609445491355139,0.5294666429077838,0.2661590576171875,0.7883148193359375,0.8486684827929711,0.5863431437107611,0.8486684827929711,0,1,0.8486684827929711,0.5863431437107611,0.8486684827929711,0,1
rwtd_456,0.25738086197070026,0.011003292323684225,0.25738086197070026,0,0.4093920462051661,0.021767075156391077,0.4093920462051661,0.10361681329321977,0.0692821368942464,0.08304034026974824,-0.031509768036269974,0.171295166015625,0.6371307373046875,0.6371307373045904,0.48680134680123754,0.6371307373045904,0,3,0.6371307373045904,0.48680134680123754,0.6371307373045904,0,3
rwtd_457,0.5084302906413002,0.3884666557310609,0.5084302906413002,0,0.6741183782846791,0.5595620955355588,0.6741183782846791,0.11844484629187664,0.1845342706470205,0.14428144633724496,-0.050835062144866196,0.829986572265625,0.6675567626953125,0.6675567626952107,0.3884666557310609,0.6675567626952107,0,2,0.6675567626952107,0.3884666557310609,0.6675567626952107,0,2
rwtd_461,0.3424753608208104,0.01262077669500908,0.3424753608208104,0,0.5102147433252192,0.02492695584659197,0.5102147433252192,0.15103189493291716,0.1932114882481304,0.16953758748001305,0.19381730174315606,0.15087890625,0.4040679931640625,0.7432428639589259,0.7657662271154102,0.7657662271154102,1,1,0.7432428639589259,0.7657662271154102,0.7657662271154102,1,1
rwtd_463,0.029173040583095625,0.7779012511254809,0.7779012511254809,1,0.05669219739095991,0.8750781300514177,0.8750781300514177,0.05768298594252214,0.15349544072715052,0.08385397192380105,0.4029489328763784,0.644256591796875,0.22833251953125,0.5351112893521014,0.7779012511254809,0.7779012511254809,1,1,0.5351112893521014,0.7779012511254809,0.7779012511254809,1,1
rwtd_464,0.002643268268267855,0.9550170370744661,0.9550170370744661,1,0.005272599641212811,0.9769910123172904,0.9769910123172904,0.47580645160331037,0.4804123711241152,0.47809831345594633,0.8948502310146642,0.575653076171875,0.4025115966796875,0.9367740090779024,0.9550170370744661,0.9550170370744661,1,1,0.9367740090779024,0.9550170370744661,0.9550170370744661,1,1
rwtd_465,0.0,0.0,0.0,0,0.0,0.0,0.0,0.0,0.0,0.0,0.0,0.0,0.77667236328125,0.7766723632811315,0.22332763671871594,0.7766723632811315,0,1,0.7766723632811315,0.22332763671871594,0.7766723632811315,0,1
rwtd_466,0.0,0.0,0.0,0,0.0,0.0,0.0,0.0,0.0,0.0,0.0,0.0,0.84466552734375,0.8446655273436211,0.1553344726562263,0.8446655273436211,0,1,0.8446655273436211,0.1553344726562263,0.8446655273436211,0,1
rwtd_467,0.3364201820834776,0.376485075137305,0.376485075137305,1,0.5034646836281669,0.547023839106647,0.547023839106647,0.1948676824370695,0.1811064718153387,0.18773523179277046,0.02683798133209271,0.5473785400390625,0.626312255859375,0.6263122558592794,0.376485075137305,0.6263122558592794,0,2,0.6263122558592794,0.376485075137305,0.6263122558592794,0,2
rwtd_468,0.9283681705295612,0.04094916497317815,0.9283681705295612,0,0.9628536549372896,0.07867658931112795,0.9628536549372896,0.29749999999628124,0.31396957122663943,0.30551298153523376,0.8380834649889336,0.5884857177734375,0.5489501953125,0.9283681705295612,0.9066073054737406,0.9283681705295612,0,1,0.9283681705295612,0.9066073054737406,0.9283681705295612,0,1
rwtd_469,0.7578800601577959,0.061045803101025364,0.7578800601577959,0,0.8622659501465246,0.11506723446360592,0.8622659501465246,0.03956228956195655,0.12871287128288075,0.06052201116158189,0.053134627656134435,0.7878570556640625,0.92431640625,0.924316406249859,0.09930648639192301,0.924316406249859,0,2,0.924316406249859,0.09930648639192301,0.924316406249859,0,2
rwtd_47,0.5085591432742762,0.26882976651969825,0.5085591432742762,0,0.6742316276317359,0.423744419642798,0.6742316276317359,0.14304123711155875,0.1251475796915567,0.13349746769084792,0.06779496458024778,0.6143341064453125,0.5205841064453125,0.5205841064452331,0.4794158935546144,0.5205841064452331,0,2,0.5205841064452331,0.4794158935546144,0.5205841064452331,0,2
rwtd_471,0.22516713477585643,0.2591197796638022,0.2591197796638022,1,0.3675696619417572,0.4115887683584636,0.4115887683584636,0.24418604650216333,0.06627680311826242,0.1042564031526172,0.0290547695238104,0.31439208984375,0.630767822265625,0.6307678222655287,0.4169670891963374,0.6307678222655287,0,3,0.6307678222655287,0.4169670891963374,0.6307678222655287,0,3
rwtd_472,0.027482980362557193,0.900548455947667,0.900548455947667,1,0.05349573839726194,0.9476721870778382,0.9476721870778382,0.6444444444364883,0.44827586206528514,0.5287517483115849,0.7879394569373094,0.5352783203125,0.4618988037109375,0.8856974288905459,0.900548455947667,0.900548455947667,1,1,0.8856974288905459,0.900548455947667,0.900548455947667,1,1
rwtd_473,0.0,0.0,0.0,0,0.0,0.0,0.0,0.0,0.0,0.0,0.0,0.0,0.2267913818359375,0.22679138183590292,0.7732086181639446,0.7732086181639446,1,1,0.22679138183590292,0.7732086181639446,0.7732086181639446,1,1
rwtd_474,0.5267259726538368,0.29149615321650607,0.5267259726538368,0,0.690007220795823,0.4514084730187187,0.690007220795823,0.052117263841950576,0.010801080107913582,0.01789375298059245,-0.07554039016183713,0.7422943115234375,0.7791900634765625,0.7791900634764436,0.29149615321650607,0.7791900634764436,0,2,0.7791900634764436,0.29149615321650607,0.7791900634764436,0,2
rwtd_475,0.37433133571959365,0.024114029093034443,0.37433133571959365,0,0.5447468539653074,0.04709246901810351,0.5447468539653074,0.2262773722594704,0.12476190476071657,0.16084123350967158,0.2490204758245203,0.160858154296875,0.36053466796875,0.37433133571959365,0.7233456045811373,0.7233456045811373,1,1,0.37433133571959365,0.7233456045811373,0.7233456045811373,1,1
rwtd_476,0.21520755615521625,0.7158340688436513,0.7158340688436513,1,0.35419061552926717,0.834386123742224,0.834386123742224,0.11143270622125279,0.09624999999879687,0.10328638000186252,0.2262120188057708,0.8256378173828125,0.3424530029296875,0.3556676272813178,0.7158340688436513,0.7158340688436513,1,1,0.3556676272813178,0.7158340688436513,0.7158340688436513,1,1
rwtd_478,0.15443540239172723,0.28885486164268154,0.28885486164268154,1,0.2675513971102623,0.4482348947724462,0.4482348947724462,0.41985645932512133,0.2744769874454019,0.33194694851969164,0.12504658282922124,0.249176025390625,0.709747314453125,0.7097473144530168,0.2902526855468307,0.7097473144530168,0,2,0.7097473144530168,0.2902526855468307,0.7097473144530168,0,2
rwtd_479,0.0,0.0,0.0,0,0.0,0.0,0.0,0.0,0.0,0.0,0.0,0.0,0.854827880859375,0.8548278808592445,0.14517211914060285,0.8548278808592445,0,1,0.8548278808592445,0.14517211914060285,0.8548278808592445,0,1
rwtd_48,0.8260345458983115,0.1638736581975189,0.8260345458983115,0,0.9047304693701144,0.28160042465658797,0.9047304693701144,0.0,0.0,0.0,-0.018164530889337078,0.9879302978515625,0.838104248046875,0.8381042480467471,0.1638736581975189,0.8381042480467471,0,2,0.8381042480467471,0.1638736581975189,0.8381042480467471,0,2
rwtd_485,0.21657238954285024,0.4678086017499654,0.4678086017499654,1,0.35603699607917516,0.6374245268657371,0.6374245268657371,0.18334892422653556,0.3136593591852671,0.2314211124543683,0.3091012378882045,0.4078521728515625,0.8063812255859375,0.8063812255858145,0.4678086017499654,0.8063812255858145,0,3,0.8063812255858145,0.4678086017499654,0.8063812255858145,0,3
rwtd_492,0.05158040370355402,0.0008754989056261426,0.05158040370355402,0,0.09810073204463175,0.0017494661555476731,0.09810073204463175,0.08154506437418262,0.056133056131889125,0.06649383833102873,0.01612809707458692,0.022705078125,0.4296112060546875,0.8283290924509488,0.876948517788751,0.876948517788751,1,1,0.8283290924509488,0.876948517788751,0.876948517788751,1,1
rwtd_5,0.2560407667385745,0.175713581744404,0.2560407667385745,0,0.407694994491951,0.2989054213079653,0.407694994491951,0.05982905982778143,0.08524590163654931,0.07031098607302157,0.07584334171322094,0.257232666015625,0.3106842041015625,0.3106842041015151,0.6893157958983324,0.6893157958983324,1,2,0.3106842041015151,0.6893157958983324,0.6893157958983324,1,2
rwtd_51,0.004240526614234304,0.21085169145791413,0.21085169145791413,1,0.00844524095941658,0.3482700531293642,0.3482700531293642,0.05705996131472863,0.20664206641303903,0.08942659993925414,0.05345131864234787,0.1051483154296875,0.516387939453125,0.7580167565704676,0.6757604650445435,0.7580167565704676,0,1,0.7580167565704676,0.6757604650445435,0.7580167565704676,0,1
rwtd_54,0.0,0.0,0.0,0,0.0,0.0,0.0,0.0,0.0,0.0,0.0,0.0,0.652557373046875,0.6525573730467754,0.347442626953072,0.6525573730467754,0,1,0.6525573730467754,0.347442626953072,0.6525573730467754,0,1
rwtd_56,0.0,0.0,0.0,0,0.0,0.0,0.0,0.0,0.0,0.0,0.0,0.0,0.5496063232421875,0.5496063232421037,0.4503936767577438,0.5496063232421037,0,1,0.5496063232421037,0.4503936767577438,0.5496063232421037,0,1
rwtd_58,0.0,0.0,0.0,0,0.0,0.0,0.0,0.0,0.0,0.0,0.0,0.0,0.5205078125,0.5205078124999206,0.47949218749992684,0.5205078124999206,0,1,0.5205078124999206,0.47949218749992684,0.5205078124999206,0,1
rwtd_59,0.24155922786518957,0.47664340130457633,0.47664340130457633,1,0.38912235911699644,0.6455768547551483,0.6455768547551483,0.07071960297679007,0.06976744185965386,0.07024029074799978,0.08983672487396105,0.525848388671875,0.5380096435546875,0.5380096435546055,0.47664340130457633,0.5380096435546055,0,2,0.5380096435546055,0.47664340130457633,0.5380096435546055,0,2
rwtd_60,0.3708513462912532,0.5609527468304939,0.5609527468304939,1,0.5410526054405049,0.7187312338179428,0.7187312338179428,0.04959239130401093,0.19551282050655408,0.07911661961249941,-0.04919296902723996,0.8894805908203125,0.339508056640625,0.3708513462912532,0.6604919433592742,0.6604919433592742,1,2,0.3708513462912532,0.6604919433592742,0.6604919433592742,1,2
rwtd_63,0.060319065790050884,0.01911867061074928,0.060319065790050884,0,0.11377531110431696,0.03752000853696777,0.11377531110431696,0.21694915253869576,0.1967741935452133,0.20636975845502512,0.030277627989509708,0.0334320068359375,0.3184814453125,0.3184814453124514,0.6817544843048267,0.6817544843048267,1,1,0.3184814453124514,0.6817544843048267,0.6817544843048267,1,1
rwtd_67,0.9360757550709765,0.03296855520154639,0.9360757550709765,0,0.9669825704073857,0.06383264047203019,0.9669825704073857,0.808322266486019,0.9159877800360694,0.8587937136151221,0.8409804532634132,0.637542724609375,0.6134796142578125,0.9360757550709765,0.895466481309509,0.9360757550709765,0,1,0.9360757550709765,0.895466481309509,0.9360757550709765,0,1
rwtd_69,0.0,0.5901728479851791,0.5901728479851791,1,0.0,0.7422750913310522,0.7422750913310522,0.0,0.0,0.0,0.31649843669460215,0.3146820068359375,0.466796875,0.681139091131592,0.5901728479851791,0.681139091131592,0,1,0.681139091131592,0.5901728479851791,0.681139091131592,0,1
rwtd_70,0.00556945800781165,0.9879942109068521,0.9879942109068521,1,0.01107722189344455,0.9939608530913825,0.9939608530913825,0.7794117646772275,0.7748091602757706,0.7771036424971098,0.977845107144139,0.463897705078125,0.5416717529296875,0.9897180202256431,0.9879942109068521,0.9897180202256431,0,1,0.9897180202256431,0.9879942109068521,0.9897180202256431,0,1
rwtd_71,0.9724149056291559,0.000689771455724231,0.9724149056291559,0,0.9860145579451272,0.0013785919980391246,0.9860145579451272,0.9739696312153152,0.9866071428351204,0.9802476525059153,0.9754431314871781,0.1846466064453125,0.1884918212890625,0.9724149056291559,0.9936050860132772,0.9936050860132772,1,1,0.9724149056291559,0.9936050860132772,0.9936050860132772,1,1
rwtd_73,0.5268556938680553,0.43840988860057406,0.5268556938680553,0,0.6901185174000917,0.6095757434302709,0.6901185174000917,0.03550784475610646,0.10835214446708008,0.05348743424861919,0.014753043802613927,0.926605224609375,0.4883270263671875,0.5268556938680553,0.5116729736327345,0.5268556938680553,0,1,0.5268556938680553,0.5116729736327345,0.5268556938680553,0,1
rwtd_74,0.0,0.0,0.0,0,0.0,0.0,0.0,0.0,0.0,0.0,0.0,0.0,0.529571533203125,0.5295715332030442,0.4704284667968032,0.5295715332030442,0,1,0.5295715332030442,0.4704284667968032,0.5295715332030442,0,1
rwtd_76,0.0,0.0,0.0,0,0.0,0.0,0.0,0.0,0.0,0.0,0.0,0.0,0.4537811279296875,0.4537811279296183,0.5462188720702291,0.5462188720702291,1,1,0.4537811279296183,0.5462188720702291,0.5462188720702291,1,1
rwtd_77,0.0,0.01154704351059659,0.01154704351059659,1,0.0,0.022830462675314273,0.022830462675314273,0.0,0.0,0.0,-0.014081001203120386,0.0094757080078125,0.17938232421875,0.18109835939302457,0.8206176757811248,0.8206176757811248,1,2,0.18109835939302457,0.8206176757811248,0.8206176757811248,1,2
rwtd_78,0.5287549867881124,0.24853977525232548,0.5287549867881124,0,0.6917458864994677,0.3981287263388889,0.6917458864994677,0.11980267794136856,0.17027863776914057,0.1406490869481865,0.1971517864146304,0.550384521484375,0.3500823974609375,0.5287549867881124,0.6499176025389634,0.6499176025389634,1,2,0.5287549867881124,0.6499176025389634,0.6499176025389634,1,2
rwtd_79,0.18419523532826934,0.8140869140623758,0.8140869140623758,1,0.3110893032384289,0.897516990781164,0.897516990781164,0.0,0.0,0.0,-0.003227323839117153,0.997894287109375,0.183807373046875,0.18419523532826934,0.8161926269530005,0.8161926269530005,1,2,0.18419523532826934,0.8161926269530005,0.8161926269530005,1,2
rwtd_8,0.4789958746597948,0.44089626245451785,0.4789958746597948,0,0.6477311841995173,0.6119750240776751,0.6477311841995173,0.0359712230202888,0.01074113856057206,0.016542593646110954,0.0013912380461504428,0.847808837890625,0.4377593994140625,0.4789958746597948,0.5622406005858517,0.5622406005858517,1,2,0.4789958746597948,0.5622406005858517,0.5622406005858517,1,2
rwtd_84,0.7448334615805363,0.13631408435564246,0.7448334615805363,0,0.8537588004597733,0.23992325050329835,0.8537588004597733,0.30071114121130815,0.8078817733910554,0.43828360194050225,0.513451425607598,0.5490264892578125,0.419769287109375,0.7448334615805363,0.7584107407694538,0.7584107407694538,1,1,0.7448334615805363,0.7584107407694538,0.7584107407694538,1,1
rwtd_85,0.0,0.0,0.0,0,0.0,0.0,0.0,0.0,0.0,0.0,0.0,0.0,0.590972900390625,0.5909729003905348,0.4090270996093126,0.5909729003905348,0,1,0.5909729003905348,0.4090270996093126,0.5909729003905348,0,1
rwtd_86,0.19597763034485532,0.10490529383193511,0.19597763034485532,0,0.32772791960723546,0.1898901098900736,0.32772791960723546,0.23991195891239978,0.19635258358543253,0.21595764632161307,0.053949287145570624,0.161895751953125,0.3634796142578125,0.36347961425775704,0.6365203857420904,0.6365203857420904,1,2,0.36347961425775704,0.6365203857420904,0.6365203857420904,1,2
rwtd_88,0.0,0.0,0.0,0,0.0,0.0,0.0,0.0,0.0,0.0,0.0,0.0,0.670867919921875,0.6708679199217726,0.3291320800780748,0.6708679199217726,0,1,0.6708679199217726,0.3291320800780748,0.6708679199217726,0,1
rwtd_91,0.6803036069176963,0.22328526529854206,0.6803036069176963,0,0.8097389116073218,0.36505837457961926,0.8097389116073218,0.2301790281271054,0.11360634081752172,0.15212861698033853,0.2900202715231838,0.712127685546875,0.5005645751953125,0.6803036069176963,0.5467190263495468,0.6803036069176963,0,1,0.6803036069176963,0.5467190263495468,0.6803036069176963,0,1
rwtd_93,0.0,0.0,0.0,0,0.0,0.0,0.0,0.0,0.0,0.0,0.0,0.0,0.405487060546875,0.40548706054681316,0.5945129394530343,0.5945129394530343,1,1,0.40548706054681316,0.5945129394530343,0.5945129394530343,1,1
rwtd_95,0.0,0.0,0.0,0,0.0,0.0,0.0,0.0,0.0,0.0,0.0,0.0,0.4768524169921875,0.4768524169921148,0.5231475830077327,0.5231475830077327,1,1,0.4768524169921148,0.5231475830077327,0.5231475830077327,1,1
rwtd_96,0.00510938545447069,0.5668174882936374,0.5668174882936374,1,0.010166824682788985,0.7235271402426549,0.7235271402426549,0.07974224728119315,0.2778947368362548,0.12392426503652697,0.24549970057482384,0.3326263427734375,0.423797607421875,0.6256564141033837,0.5762023925780371,0.6256564141033837,0,1,0.6256564141033837,0.5762023925780371,0.6256564141033837,0,1
