image_id,v11_iou,v11_ari,v9_iou,v9_ari,delta_iou_vs_v9,delta_ari_vs_v9,proposal_count_dense,source,switched,v9_cov_union,best_cov_union,best_prec_union,best_area_u
1,0.8064880371081444,-0.026272012090885262,0.8064880371081444,-0.026272012090885262,0.0,0.0,38,v9_keep,0,0.9854906747840598,0.9854906747840598,0.9914346562203672,0.9940046664709428
101,0.8544103284798971,0.6614862160298591,0.8544103284798971,0.6614862160298591,0.0,0.0,66,v9_keep,0,0.6371760221218891,0.021715696230217626,1.0,0.021715696230217626
102,0.8580424661566295,0.7039459645037986,0.8580424661566295,0.7039459645037986,0.0,0.0,35,v9_keep,0,0.5230249540494445,0.5230249540494445,0.990405117270789,0.5280919342286102
103,0.7147562018804218,0.35153963108251135,0.7147562018804218,0.35153963108251135,0.0,0.0,32,v9_keep,0,0.5212029219239162,0.017518894475539955,1.0,0.017518894475539955
104,0.9603293175228705,0.6309044689285838,0.9603293175228705,0.6309044689285838,0.0,0.0,32,v9_keep,0,0.9346677091477716,0.9346677091477716,0.9892095855951277,0.9448631743549648
106,0.9669905331323101,0.8586108022523139,0.9669905331323101,0.8586108022523139,0.0,0.0,28,v9_keep,0,0.8340065367538234,0.8340065367538234,0.9912595741561916,0.8413603848051308
107,0.5620755458254417,0.273489764786026,0.5620755458254417,0.273489764786026,0.0,0.0,48,v9_keep,0,0.31777110825274324,0.5292585711336605,1.0,0.5292585711336605
109,0.24499529913493776,-0.052300824988146796,0.24499529913493776,-0.052300824988146796,0.0,0.0,41,v9_keep,0,0.16239733140321616,0.16239733140321616,0.9660239610632722,0.16810900966107561
118,0.8965870307065233,0.9208323650544092,0.8965870307065233,0.9208323650544092,0.0,0.0,31,v9_keep,0,0.13295443012280525,0.13295443012280525,0.9906730526846483,0.13420616394329984
12,0.8845665604082356,0.7658322508639945,0.8845665604082356,0.7658322508639945,0.0,0.0,63,v9_keep,0,0.5457872035626976,0.5457872035626976,0.9890516098084031,0.5518288410333069
121,0.9130097767086415,0.7987993016250067,0.9130097767086415,0.7987993016250067,0.0,0.0,48,v9_keep,0,0.5788764543638842,0.5788764543638842,0.9993979365644071,0.5792251846685477
122,0.9047257486457367,0.8176948513912358,0.9047257486457367,0.8176948513912358,0.0,0.0,28,v9_keep,0,0.4652931804692137,0.4705569960326138,1.0,0.4705569960326138
125,0.9215733707440051,0.9011278244571337,0.9215733707440051,0.9011278244571337,0.0,0.0,41,v9_keep,0,0.3068583586245737,0.29407715653452643,1.0,0.29407715653452643
128,0.6876770190391649,0.08823103729555062,0.6876770190391649,0.08823103729555062,0.0,0.0,39,v9_keep,0,0.876698096872196,0.876698096872196,0.9902739993954588,0.885308608937932
129,0.9572443833067505,0.9327146279369543,0.9572443833067505,0.9327146279369543,0.0,0.0,47,v9_keep,0,0.39455995487520173,0.39455995487520173,0.9967937299608123,0.3958290898265516
13,0.8319670803200209,0.7084688569122056,0.8319670803200209,0.7084688569122056,0.0,0.0,116,v9_keep,0,0.39182353942056336,0.39182353942056336,0.9865249055575028,0.39717551702269177
134,0.9724247685157048,0.9426783436798863,0.9724247685157048,0.9426783436798863,0.0,0.0,36,v9_keep,0,0.5810584187686935,0.5810584187686935,0.9991972886193364,0.5815252156774606
139,0.8547423187764369,0.7634181219348213,0.8547423187764369,0.7634181219348213,0.0,0.0,58,v9_keep,0,0.39384595515231746,0.39384595515231746,0.9977914110429448,0.3947177243594918
14,0.9769615805317832,0.9580271128834078,0.9769615805317832,0.9580271128834078,0.0,0.0,33,v9_keep,0,0.45283077496737306,0.45283077496737306,0.9889386536373507,0.45789571810328755
142,0.8932356608339583,0.9260753562068402,0.8932356608339583,0.9260753562068402,0.0,0.0,36,v9_keep,0,0.09879509859058916,0.09879509859058916,1.0,0.09879509859058916
149,0.8904472878365856,0.7703814858455151,0.8904472878365856,0.7703814858455151,0.0,0.0,35,v9_keep,0,0.5370108669168169,0.5370108669168169,0.9928226072855041,0.5408930688887806
15,0.8564773656667385,0.7684846359588393,0.8564773656667385,0.7684846359588393,0.0,0.0,38,v9_keep,0,0.6724891890578689,0.6724891890578689,0.9946460653970536,0.6761090326028861
16,0.5071261652230113,0.16696028154637912,0.5071261652230113,0.16696028154637912,0.0,0.0,47,v9_keep,0,0.32822080792302966,0.5227404908689077,1.0,0.5227404908689077
17,0.8185065714035389,0.6276277266733303,0.8185065714035389,0.6276277266733303,0.0,0.0,35,v9_keep,0,0.5957363198742509,0.5957363198742509,0.9966580836026955,0.5977338965844713
175,0.8664757472665721,0.823165694317952,0.8664757472665721,0.823165694317952,0.0,0.0,34,v9_keep,0,0.31555482166446497,0.31555482166446497,0.985254691689008,0.3202774108322325
176,0.9685038021494682,0.8390549952135533,0.9685038021494682,0.8390549952135533,0.0,0.0,43,v9_keep,0,0.8998327866743842,0.8998327866743842,0.9878735459728523,0.9108785130876583
178,0.09619467147835635,-0.016548537181568502,0.09619467147835635,-0.016548537181568502,0.0,0.0,57,v9_keep,0,0.05626534080181257,0.05626534080181257,0.9864827586206897,0.05703631443136761
18,0.4089701596461224,0.08339961581815863,0.4089701596461224,0.08339961581815863,0.0,0.0,68,v9_keep,0,0.8117293947442292,0.23735181706290082,1.0,0.23735181706290082
180,0.8498860828519401,0.7348310311203192,0.8498860828519401,0.7348310311203192,0.0,0.0,51,v9_keep,0,0.4099083761530366,0.4099083761530366,1.0,0.4099083761530366
181,0.9859325906848545,0.9760838831551094,0.9859325906848545,0.9760838831551094,0.0,0.0,37,v9_keep,0,0.4332923794222348,0.4332923794222348,0.99554847815859,0.4352298144472797
182,0.9753948199590164,0.9530178837990009,0.9753948199590164,0.9530178837990009,0.0,0.0,34,v9_keep,0,0.48502162315729663,0.48502162315729663,0.9945305673322761,0.48768900533476434
183,0.9745238014650521,0.95456153382521,0.9745238014650521,0.95456153382521,0.0,0.0,33,v9_keep,0,0.4429773203500555,0.4429773203500555,0.9981599777808637,0.44379391100702575
184,0.9723022164666808,0.9484343416176666,0.9723022164666808,0.9484343416176666,0.0,0.0,34,v9_keep,0,0.46530169070885685,0.46530169070885685,0.9929495878984476,0.4686055529703738
185,0.9701951201415446,0.9514090823744789,0.9701951201415446,0.9514090823744789,0.0,0.0,53,v9_keep,0,0.4059615980179622,0.4059615980179622,0.9967683065926546,0.40727779498296685
186,0.4971166679245118,0.14647353457535017,0.4971166679245118,0.14647353457535017,0.0,0.0,59,v9_keep,0,0.30277285034077117,0.30277285034077117,0.985664353376222,0.30717642299193976
188,0.8935893951719854,0.7964745180604955,0.8935893951719854,0.7964745180604955,0.0,0.0,51,v9_keep,0,0.45061928839820015,0.45061928839820015,0.984726633777117,0.45760851076989684
189,0.8658740872040173,0.37156769350368546,0.8658740872040173,0.37156769350368546,0.0,0.0,54,v9_keep,0,0.8267412876828293,0.8267412876828293,0.9905522163786626,0.8346266597689257
194,0.7286432160787224,0.41054112794570025,0.7286432160787224,0.41054112794570025,0.0,0.0,62,v9_keep,0,0.6655516273760642,0.10626694357689807,1.0,0.10626694357689807
197,0.9639095059531106,0.91542005924735,0.9639095059531106,0.91542005924735,0.0,0.0,42,v9_keep,0,0.5828158151492155,0.5828158151492155,0.9854666387346811,0.5914110049402983
2,0.9310268290627001,0.8540193065627938,0.9310268290627001,0.8540193065627938,0.0,0.0,45,v9_keep,0,0.520005028758211,0.49860137662256027,1.0,0.49860137662256027
200,0.9620272163249848,0.9529895609207061,0.9620272163249848,0.9529895609207061,0.0,0.0,36,v9_keep,0,0.2997489748507102,0.3086206090088405,1.0,0.3086206090088405
201,0.4761919610824279,0.23741809370083464,0.4761919610824279,0.23741809370083464,0.0,0.0,50,v9_keep,0,0.23655947993609922,0.23655947993609922,0.9793726671468798,0.2415418439491957
202,0.9757763674193315,0.9690856626407195,0.9757763674193315,0.9690856626407195,0.0,0.0,28,v9_keep,0,0.3179236228030148,0.3179236228030148,0.9920459566946531,0.32047267634887416
205,0.9397586299860444,0.8938814490575467,0.9397586299860444,0.8938814490575467,0.0,0.0,118,v9_keep,0,0.4325135830712039,0.4325135830712039,0.9766115435663809,0.442871667778731
207,0.9942928197902235,0.9891043352911328,0.9942928197902235,0.9891043352911328,0.0,0.0,46,v9_keep,0,0.47696073874376377,0.47696073874376377,0.9871412538079205,0.48317374732732177
210,0.9596081184974768,0.9276186953768438,0.9596081184974768,0.9276186953768438,0.0,0.0,32,v9_keep,0,0.4535013203525182,0.4535013203525182,0.9865725359911407,0.4596735706786294
213,0.9930853515797557,0.9881285138292231,0.9930853515797557,0.9881285138292231,0.0,0.0,28,v9_keep,0,0.4280158044202988,0.4280158044202988,0.9901456726649529,0.43227558957896034
214,0.9579820597526203,0.9253830282191597,0.9579820597526203,0.9253830282191597,0.0,0.0,60,v9_keep,0,0.4369915843052758,0.5457242337658282,1.0,0.5457242337658282
215,0.9326214085905611,0.8898511381787468,0.9326214085905611,0.8898511381787468,0.0,0.0,49,v9_keep,0,0.3943912298085846,0.5848629264379748,1.0,0.5848629264379748
216,0.7839580467652912,0.5927362371928416,0.7839580467652912,0.5927362371928416,0.0,0.0,65,v9_keep,0,0.41645862085006746,0.41645862085006746,0.9817231421574003,0.4242118810960009
219,0.9865377635497193,0.9752512451645622,0.9865377635497193,0.9752512451645622,0.0,0.0,48,v9_keep,0,0.45839939657959144,0.45839939657959144,0.9959864878424027,0.4602466019118575
22,0.9475593220306863,0.9077862686774758,0.9475593220306863,0.9077862686774758,0.0,0.0,67,v9_keep,0,0.43577988877861273,0.43577988877861273,0.9893419170243205,0.4404745025757361
221,0.9929195110303447,0.9864352249835218,0.9929195110303447,0.9864352249835218,0.0,0.0,43,v9_keep,0,0.4806334227649798,0.4806334227649798,0.996770273727296,0.4821907669534647
222,0.9643861293285574,0.9627870357241152,0.9643861293285574,0.9627870357241152,0.0,0.0,29,v9_keep,0,0.23961399052015242,0.23945909104990862,1.0,0.23945909104990862
224,0.9821588695433593,0.9650922415046137,0.9821588695433593,0.9650922415046137,0.0,0.0,39,v9_keep,0,0.4861873299650214,0.4861873299650214,0.9845737312681022,0.4938048970073844
228,0.9899825353379577,0.9815304017119233,0.9899825353379577,0.9815304017119233,0.0,0.0,35,v9_keep,0,0.4636256145373079,0.4636256145373079,0.9886537057925818,0.46894641856991726
229,0.9949009323973087,0.9914670007420535,0.9949009323973087,0.9914670007420535,0.0,0.0,39,v9_keep,0,0.42338092411509265,0.42338092411509265,0.9920210819120123,0.42678621637664405
236,0.9860848595418559,0.974106791249201,0.9860848595418559,0.974106791249201,0.0,0.0,29,v9_keep,0,0.46254507024742014,0.46254507024742014,0.9835426305353602,0.4702847196319781
237,0.9473154784328325,0.9003190835578169,0.9473154784328325,0.9003190835578169,0.0,0.0,29,v9_keep,0,0.46933178712467877,0.46933178712467877,0.9937947969206264,0.47226227041935687
238,0.9629177682836318,0.9343296550897707,0.9629177682836318,0.9343296550897707,0.0,0.0,34,v9_keep,0,0.43589105445721665,0.5485386302477874,1.0,0.5485386302477874
24,0.9467764789147469,0.9548487110544254,0.9467764789147469,0.9548487110544254,0.0,0.0,35,v9_keep,0,0.17143312355612203,0.17143312355612203,0.9974969871141188,0.17186329960965507
240,0.8677607929963772,0.7896682113709116,0.8677607929963772,0.7896682113709116,0.0,0.0,48,v9_keep,0,0.36517126449371745,0.36517126449371745,0.9764843717310348,0.373965293316851
243,0.42015262164532674,-0.03028412900423097,0.42015262164532674,-0.03028412900423097,0.0,0.0,49,v9_keep,0,0.40021082220660575,0.14543537979939947,1.0,0.14543537979939947
244,0.9193382772337744,0.9105587738809587,0.9193382772337744,0.9105587738809587,0.0,0.0,35,v9_keep,0,0.285564716660123,0.285564716660123,1.0,0.285564716660123
245,0.8457598578024095,0.6376135880813321,0.8457598578024095,0.6376135880813321,0.0,0.0,53,v9_keep,0,0.5558763718778621,0.5558763718778621,0.9902109891325388,0.5613716450115649
246,0.9851280903157158,0.9718193871531178,0.9851280903157158,0.9718193871531178,0.0,0.0,40,v9_keep,0,0.4705408711540546,0.4705408711540546,0.9865593143302382,0.4769514253418188
247,0.7347823231967471,0.5675086968359505,0.7347823231967471,0.5675086968359505,0.0,0.0,45,v9_keep,0,0.3447358121330724,0.3447358121330724,0.9839142091152815,0.35037181996086103
25,0.977985453972871,0.9658395695669256,0.977985453972871,0.9658395695669256,0.0,0.0,34,v9_keep,0,0.3943435995847359,0.3949255985151162,1.0,0.3949255985151162
250,0.8904878048737049,0.8639271317788163,0.8904878048737049,0.8639271317788163,0.0,0.0,36,v9_keep,0,0.28500289700746956,0.28500289700746956,0.9969871268145714,0.28586416949842625
251,0.9748886689727397,0.9510527571343622,0.9748886689727397,0.9510527571343622,0.0,0.0,47,v9_keep,0,0.48199919237101235,0.48199919237101235,0.9844562872731887,0.48960954244711585
252,0.813964843748758,-0.0015955496373600126,0.813964843748758,-0.0015955496373600126,0.0,0.0,30,v9_keep,0,0.9991953951847496,0.9991953951847496,0.986375022911957,1.012997462400198
253,0.774410862668027,0.5435822781671439,0.774410862668027,0.5435822781671439,0.0,0.0,42,v9_keep,0,0.4661894290804616,0.4661894290804616,0.9831432149747825,0.4741826236296808
254,0.9915753424623576,0.9850390805159858,0.9915753424623576,0.9850390805159858,0.0,0.0,57,v9_keep,0,0.444338870839208,0.444338870839208,0.9970426409903714,0.4456568381045792
256,0.9908568998481491,0.9817125176798824,0.9908568998481491,0.9817125176798824,0.0,0.0,38,v9_keep,0,0.5008648114402199,0.5008648114402199,0.9942673206621705,0.5037526639280971
257,0.9757812499959877,0.9641918432691324,0.9757812499959877,0.9641918432691324,0.0,0.0,38,v9_keep,0,0.36945682321044593,0.37107731621427903,1.0,0.37107731621427903
258,0.9439971313982984,0.8978832730180341,0.9439971313982984,0.8978832730180341,0.0,0.0,32,v9_keep,0,0.44438592958597295,0.44438592958597295,0.9907110052142685,0.4485525317141928
259,0.9818177905904768,0.9476778727770488,0.9818177905904768,0.9476778727770488,0.0,0.0,56,v9_keep,0,0.7018070875381366,0.7018070875381366,0.9796881142707378,0.7163576625205351
260,0.5128465023412226,0.0004017991156558262,0.5128465023412226,0.0004017991156558262,0.0,0.0,43,v9_keep,0,0.9918735821498493,0.9918735821498493,0.9834386073024187,1.0085770222816122
261,0.9342133276526357,0.8899572343049914,0.9342133276526357,0.8899572343049914,0.0,0.0,77,v9_keep,0,0.4017486846177654,0.5622098421541318,1.0,0.5622098421541318
262,0.4199320190335284,0.11810436681312823,0.4199320190335284,0.11810436681312823,0.0,0.0,119,v9_keep,0,0.23943819328066396,0.23943819328066396,0.9714433724017354,0.2464767376905275
263,0.8117457381966195,0.573999207363395,0.8117457381966195,0.573999207363395,0.0,0.0,150,v9_keep,0,0.6960530735639906,0.6960530735639906,0.9879141835518475,0.7045683574067854
265,0.67385999694854,0.22665527967242366,0.67385999694854,0.22665527967242366,0.0,0.0,48,v9_keep,0,0.5424368573115039,0.5424368573115039,0.9879201086341519,0.5490695579235142
268,0.9714667994244462,0.9448130152480351,0.9714667994244462,0.9448130152480351,0.0,0.0,41,v9_keep,0,0.4818190272482098,0.5050993521187885,1.0,0.5050993521187885
269,0.8005996137080902,0.6223430685236865,0.8005996137080902,0.6223430685236865,0.0,0.0,137,v9_keep,0,0.42726794717144534,0.46636355200890783,1.0,0.46636355200890783
27,0.906100379722197,0.8649609971857959,0.906100379722197,0.8649609971857959,0.0,0.0,66,v9_keep,0,0.35049823310305306,0.35049823310305306,0.9998183717023112,0.3505619050651046
270,0.3657166669679747,-0.06917264029045958,0.3657166669679747,-0.06917264029045958,0.0,0.0,38,v9_keep,0,0.38098493912977416,0.17890718477579626,1.0,0.17890718477579626
274,0.9382105954282123,0.893802270874048,0.9382105954282123,0.893802270874048,0.0,0.0,38,v9_keep,0,0.4292168193863542,0.4292168193863542,0.9902401296405421,0.43344720794355224
276,0.6623992919911768,-0.00816996637595827,0.6623992919911768,-0.00816996637595827,0.0,0.0,46,v9_keep,0,0.994314661048457,0.994314661048457,0.9876134789967688,1.006785227413558
28,0.5138341129337068,0.2649160514530143,0.5138341129337068,0.2649160514530143,0.0,0.0,39,v9_keep,0,0.2656454235342876,0.2656454235342876,0.9899019899019899,0.2683552778397679
280,0.9495589072248521,0.9152642985864917,0.9495589072248521,0.9152642985864917,0.0,0.0,33,v9_keep,0,0.4266103996895615,0.4266103996895615,0.9852501867064973,0.43299702496442893
281,0.9597100692145758,0.9260960020327894,0.9597100692145758,0.9260960020327894,0.0,0.0,44,v9_keep,0,0.4730451285020425,0.4730451285020425,0.9851291154503131,0.4801859178487568
282,0.9706463631914121,0.9454644202762301,0.9706463631914121,0.9454644202762301,0.0,0.0,37,v9_keep,0,0.4757484887429197,0.4757484887429197,0.9996332844379251,0.47592301711964713
288,0.9837453229406627,0.9827559444705293,0.9837453229406627,0.9827559444705293,0.0,0.0,42,v9_keep,0,0.28145765214639806,0.28145765214639806,0.9945338219765203,0.28300460570263336
293,0.9858045798260718,0.9888645257101757,0.9858045798260718,0.9888645257101757,0.0,0.0,71,v9_keep,0,0.1526293969448608,0.1526293969448608,0.9998955395382848,0.15264534234780114
294,0.9875930521057296,0.9784430017213144,0.9875930521057296,0.9784430017213144,0.0,0.0,106,v9_keep,0,0.4384410705900767,0.4384410705900767,0.9906284259292004,0.4425888245421819
299,0.8227674190359658,0.6513987881358431,0.8227674190359658,0.6513987881358431,0.0,0.0,134,v9_keep,0,0.5746057213081177,0.5746057213081177,0.9786906215477644,0.5871168157301837
3,0.4382760389934566,-0.001573356351876662,0.4382760389934566,-0.001573356351876662,0.0,0.0,60,v9_keep,0,0.35880255610865186,0.35880255610865186,0.9748689629352303,0.3680520867423394
30,0.9618204133049331,0.9309751106715561,0.9618204133049331,0.9309751106715561,0.0,0.0,28,v9_keep,0,0.4875326012924232,0.4875326012924232,0.9987068672156809,0.4881638619864777
300,0.9957343707309727,0.9923840224967222,0.9957343707309727,0.9923840224967222,0.0,0.0,37,v9_keep,0,0.44866695668386053,0.44866695668386053,0.9890064728244118,0.45365421664284383
302,0.9860800650240937,0.9750684634235883,0.9860800650240937,0.9750684634235883,0.0,0.0,44,v9_keep,0,0.4526520454191943,0.4526520454191943,0.9991416603721761,0.4530409083838855
303,0.9752610854264028,0.964763022030058,0.9752610854264028,0.964763022030058,0.0,0.0,29,v9_keep,0,0.3535571344357916,0.6432161583568614,1.0,0.6432161583568614
304,0.7168579101551562,-0.0006090239710809179,0.7168579101551562,-0.0006090239710809179,0.0,0.0,40,v9_keep,0,0.9997675103457896,0.9997675103457896,0.9847487901317497,1.0152513213162013
308,0.12132248335491697,-0.0907994927830405,0.12132248335491697,-0.0907994927830405,0.0,0.0,61,v9_keep,0,0.10067739337765076,0.10067739337765076,0.9968730456535334,0.10099319448611264
310,0.9771572327027637,0.8627202648046833,0.9771572327027637,0.8627202648046833,0.0,0.0,32,v9_keep,0,0.8980209330328198,0.8980209330328198,0.9933403913800758,0.9040414955694834
311,0.9855392074324341,0.9124594089121637,0.9855392074324341,0.9124594089121637,0.0,0.0,35,v9_keep,0,0.9066613236336735,0.9066613236336735,0.9941862430285617,0.9119632563731082
315,0.996522727651008,0.9766853132233686,0.996522727651008,0.9766853132233686,0.0,0.0,36,v9_keep,0,0.9126062823844155,0.9126062823844155,0.9943376945370479,0.917803164255293
318,0.9890456594140916,0.9627979400684947,0.9890456594140916,0.9627979400684947,0.0,0.0,35,v9_keep,0,0.7826455092824887,0.7826455092824887,0.9828686200378072,0.7962870045158054
319,0.42695768715180943,0.12690397126345093,0.42695768715180943,0.12690397126345093,0.0,0.0,42,v9_keep,0,0.2435545289968163,0.43861976403021413,1.0,0.43861976403021413
321,0.5149569683491291,0.3258426603890733,0.5149569683491291,0.3258426603890733,0.0,0.0,31,v9_keep,0,0.22748822508676253,0.22748822508676253,0.9857008592910849,0.2307882994546356
322,0.9595846270228309,0.9076492450154185,0.9595846270228309,0.9076492450154185,0.0,0.0,33,v9_keep,0,0.57651797273323,0.57651797273323,0.9767397779582995,0.5902472549427015
323,0.9143076923048791,0.8372371219679273,0.9143076923048791,0.8372371219679273,0.0,0.0,59,v9_keep,0,0.5339485827290705,0.5339485827290705,0.9956331877729258,0.5362904624778823
324,0.9608320353032164,0.927683812221141,0.9608320353032164,0.927683812221141,0.0,0.0,75,v9_keep,0,0.46136130609669534,0.5234797696979258,1.0,0.5234797696979258
325,0.9234277859323208,0.855994224115847,0.9234277859323208,0.855994224115847,0.0,0.0,159,v9_keep,0,0.4776646321371974,0.5146941145089671,1.0,0.5146941145089671
327,0.9587854722179893,0.9278447432603506,0.9587854722179893,0.9278447432603506,0.0,0.0,49,v9_keep,0,0.43452694945232256,0.4374747882210569,1.0,0.4374747882210569
328,0.9430931619969832,0.9179065051063638,0.9430931619969832,0.9179065051063638,0.0,0.0,39,v9_keep,0,0.37227049367047416,0.37227049367047416,1.0,0.37227049367047416
329,0.9092762487231417,0.8189091291339031,0.9092762487231417,0.8189091291339031,0.0,0.0,35,v9_keep,0,0.48696970165643316,0.48696970165643316,1.0,0.48696970165643316
33,0.9567187443343663,0.8298490746787678,0.9567187443343663,0.8298490746787678,0.0,0.0,50,v9_keep,0,0.8125350009333582,0.8125350009333582,0.9883441503150485,0.8221174786883205
330,0.5986421725215709,0.47154106055623246,0.5986421725215709,0.47154106055623246,0.0,0.0,132,v9_keep,0,0.23335013546720434,0.23335013546720434,0.9640765326044514,0.24204523974544767
331,0.8647168753487858,0.5779901389680571,0.8647168753487858,0.5779901389680571,0.0,0.0,72,v9_keep,0,0.8136551021353468,0.019377151944663176,1.0,0.019377151944663176
332,0.9046517392344681,0.8630609849054163,0.9046517392344681,0.8630609849054163,0.0,0.0,33,v9_keep,0,0.34390021678343646,0.020861478525872633,1.0,0.020861478525872633
334,0.9475530246721648,0.9234584899693539,0.9475530246721648,0.9234584899693539,0.0,0.0,33,v9_keep,0,0.358261716601989,0.358261716601989,0.9666384061042814,0.3706264041854546
337,0.9931624902911279,0.9746789672107519,0.9931624902911279,0.9746789672107519,0.0,0.0,32,v9_keep,0,0.8031883426222872,0.8031883426222872,0.9823866557495669,0.8175888158918952
34,0.9103807700469891,0.7549367855880682,0.9103807700469891,0.7549367855880682,0.0,0.0,75,v9_keep,0,0.6773412271259419,0.6773412271259419,0.988289911308204,0.685366934717913
342,0.9570143398236032,0.9239140916688924,0.9570143398236032,0.9239140916688924,0.0,0.0,40,v9_keep,0,0.4565572313014241,0.4565572313014241,0.9968587865739597,0.4579958941532095
343,0.9846584658446151,0.9502625318783986,0.9846584658446151,0.9502625318783986,0.0,0.0,39,v9_keep,0,0.7639399630687647,0.7639399630687647,0.9801952128305861,0.7793753255156958
344,0.9874401788865699,0.9620836162916739,0.9874401788865699,0.9620836162916739,0.0,0.0,35,v9_keep,0,0.7312519561815336,0.7312519561815336,0.9847836624586398,0.7425508607198748
345,0.8220244716317635,0.7509898063046844,0.8220244716317635,0.7509898063046844,0.0,0.0,35,v9_keep,0,0.36389971970373153,0.36389971970373153,0.9977245406148033,0.364729647202518
346,0.9301677194470478,0.9034903955543115,0.9301677194470478,0.9034903955543115,0.0,0.0,34,v9_keep,0,0.34949295465588315,0.34949295465588315,1.0,0.34949295465588315
347,0.9704900067813743,0.9321235639450713,0.9704900067813743,0.9321235639450713,0.0,0.0,34,v9_keep,0,0.5741482329010933,0.5741482329010933,0.9682173866437989,0.5929951690821256
348,0.9008110848208808,0.889310235777387,0.9008110848208808,0.889310235777387,0.0,0.0,28,v9_keep,0,0.2498009523066115,0.2498009523066115,0.9975685785536159,0.2504098040746234
349,0.9187794139926179,0.9013437857955646,0.9187794139926179,0.9013437857955646,0.0,0.0,31,v9_keep,0,0.27973307501883543,0.27973307501883543,1.0,0.27973307501883543
350,0.8523058319086885,0.8335843931505627,0.8523058319086885,0.8335843931505627,0.0,0.0,31,v9_keep,0,0.2382029434546863,0.2382029434546863,0.9916161485876435,0.24021688613477923
351,0.983656286754833,0.9680325822827865,0.983656286754833,0.9680325822827865,0.0,0.0,38,v9_keep,0,0.4910609159075417,0.4910609159075417,0.9974510667757568,0.4923157959967776
352,0.9536526153147937,0.8560448966704362,0.9536526153147937,0.8560448966704362,0.0,0.0,26,v9_keep,0,0.9921246683796036,0.9921246683796036,0.9992215606656708,0.9928975789099873
357,0.9764521792192334,0.9626229267778154,0.9764521792192334,0.9626229267778154,0.0,0.0,35,v9_keep,0,0.3981291070738307,0.3981291070738307,0.994861293563094,0.40018554310011595
358,0.5547941640779369,0.046690261076309504,0.5547941640779369,0.046690261076309504,0.0,0.0,34,v9_keep,0,0.49546752375454417,0.49719938214781645,1.0,0.49719938214781645
359,0.9336730610150912,0.8540062361912851,0.9336730610150912,0.8540062361912851,0.0,0.0,118,v9_keep,0,0.5658381979592827,0.5658381979592827,0.9999142734676383,0.5658867094645947
36,0.984274247875995,0.9448100531115357,0.984274247875995,0.9448100531115357,0.0,0.0,29,v9_keep,0,0.7888195844862356,0.7888195844862356,0.98597053421392,0.8000437712016758
362,0.5207905787255378,0.00537394799504516,0.5207905787255378,0.00537394799504516,0.0,0.0,53,v9_keep,0,0.9636260961998405,0.9636260961998405,0.9159917270560003,1.0520030560722828
363,0.9383732654704509,0.8490447842132451,0.9383732654704509,0.8490447842132451,0.0,0.0,26,v9_keep,0,0.6821204768803785,0.6821204768803785,0.9997441670077774,0.6822950304595996
364,0.9791702642009602,0.9404573772436566,0.9791702642009602,0.9404573772436566,0.0,0.0,27,v9_keep,0,0.7255691148533342,0.7255691148533342,0.9807838784792496,0.7397849116141288
365,0.563889712420982,0.13218758768041525,0.563889712420982,0.13218758768041525,0.0,0.0,119,v9_keep,0,0.7257962887117608,0.7257962887117608,0.9764548806849489,0.743297312624051
366,0.9174618187862201,0.8271040056417368,0.9174618187862201,0.8271040056417368,0.0,0.0,28,v9_keep,0,0.5458527759261023,0.01306224803986922,1.0,0.01306224803986922
367,0.9197711254612613,0.8103072347112382,0.9197711254612613,0.8103072347112382,0.0,0.0,35,v9_keep,0,0.7434812828914705,0.7434812828914705,0.9995728093127569,0.7437990269089465
371,0.961755044577502,0.9124240733328056,0.961755044577502,0.9124240733328056,0.0,0.0,31,v9_keep,0,0.7292947666027403,0.7292947666027403,0.9998102672521277,0.7294331639613278
373,0.8955253431831076,0.895329649796684,0.8955253431831076,0.895329649796684,0.0,0.0,45,v9_keep,0,0.2131412773711162,0.2131412773711162,1.0,0.2131412773711162
374,0.8964059196597998,0.724984276007654,0.8964059196597998,0.724984276007654,0.0,0.0,44,v9_keep,0,0.6556784649129728,0.6556784649129728,0.9999759337697343,0.655694245001657
376,0.8828185769806323,0.846924324893578,0.8828185769806323,0.846924324893578,0.0,0.0,43,v9_keep,0,0.29856847512843004,0.29856847512843004,0.9877713871185035,0.30226475379025186
377,0.5257758952629561,0.0015844685728217825,0.5257758952629561,0.0015844685728217825,0.0,0.0,44,v9_keep,0,0.9976164340599027,0.9976164340599027,0.9822443181818182,1.0156499921593225
378,0.9806806550647378,0.922362057994541,0.9806806550647378,0.922362057994541,0.0,0.0,33,v9_keep,0,0.8347652942836536,0.8347652942836536,0.9818178465396743,0.8502242011852874
38,0.9151829128120035,0.6697699072177301,0.9151829128120035,0.6697699072177301,0.0,0.0,31,v9_keep,0,0.8608085852414599,0.8608085852414599,0.8648672692335065,0.9953071596805326
380,0.9442948850674171,0.8369421220738964,0.9442948850674171,0.8369421220738964,0.0,0.0,110,v9_keep,0,0.9867979655881398,0.9867979655881398,0.999890350877193,0.9869061789849584
382,0.9360930714352442,0.8032980033451299,0.9360930714352442,0.8032980033451299,0.0,0.0,31,v9_keep,0,0.8371488125990986,0.8443284459567797,1.0,0.8443284459567797
383,0.9677453173016224,0.944435580888509,0.9677453173016224,0.944435580888509,0.0,0.0,33,v9_keep,0,0.43145833008983203,0.43145833008983203,0.9720789925988285,0.4438510999361679
387,0.9671676899749478,0.8951761157498673,0.26372555389342,0.2702859526831446,0.7034421360815278,0.6248901630667227,44,dense_rescue,1,0.0624912275229644,0.756647588153647,1.0,0.756647588153647
388,0.6536781852844873,0.5537686133678955,0.6536781852844873,0.5537686133678955,0.0,0.0,30,v9_keep,0,0.23461490450630385,0.2342248158781675,1.0,0.2342248158781675
389,0.9629451560803498,0.9352093393055138,0.9629451560803498,0.9352093393055138,0.0,0.0,70,v9_keep,0,0.4380844609992613,0.4380844609992613,0.9634980988593156,0.4546811888034954
39,0.5896608839656976,0.4917503863521102,0.5896608839656976,0.4917503863521102,0.0,0.0,46,v9_keep,0,0.22278075903536562,0.0009374797956940583,1.0,0.0009374797956940583
391,0.8839204743572799,0.8876356829298239,0.8839204743572799,0.8876356829298239,0.0,0.0,37,v9_keep,0,0.19936853018331474,0.20873062000282747,1.0,0.20873062000282747
392,0.9353991596611362,0.8694312009745162,0.9353991596611362,0.8694312009745162,0.0,0.0,26,v9_keep,0,0.9556714860634968,0.9794604262930392,1.0,0.9794604262930392
393,0.9695954435004205,0.9558985109544612,0.9695954435004205,0.9558985109544612,0.0,0.0,145,v9_keep,0,0.35694888178913736,0.35694888178913736,0.95597672627706,0.37338658146964854
394,0.9754249215077931,0.9588361499859291,0.9754249215077931,0.9588361499859291,0.0,0.0,28,v9_keep,0,0.41065806168642993,0.41065806168642993,0.9646392169849505,0.4257115556321371
395,0.9754008967121404,0.9630213739797009,0.9754008967121404,0.9630213739797009,0.0,0.0,28,v9_keep,0,0.36636655743963353,0.6270957274202271,1.0,0.6270957274202271
397,0.7555948295333931,0.4037414114200559,0.7555948295333931,0.4037414114200559,0.0,0.0,59,v9_keep,0,0.5939436095698734,0.5939436095698734,0.9986129242819843,0.5947685986509003
398,0.7716579686810786,0.7944959276639542,0.7716579686810786,0.7944959276639542,0.0,0.0,52,v9_keep,0,0.1508586277609931,0.18265211878336282,1.0,0.18265211878336282
399,0.6428117833821788,0.1257359499792453,0.6428117833821788,0.1257359499792453,0.0,0.0,43,v9_keep,0,0.7968781833283706,0.7968781833283706,0.9821904577940892,0.8113275556739645
4,0.963055729485261,0.9665406999834419,0.963055729485261,0.9665406999834419,0.0,0.0,34,v9_keep,0,0.1933766538792766,0.1933766538792766,0.9995144059566202,0.19347060205120176
40,0.9296270718167843,0.9313373955484379,0.9296270718167843,0.9313373955484379,0.0,0.0,48,v9_keep,0,0.29712639944563546,0.23770545052946143,1.0,0.23770545052946143
400,0.9283332175330774,0.8779845052217989,0.9283332175330774,0.8779845052217989,0.0,0.0,46,v9_keep,0,0.43708522671548594,0.43708522671548594,0.9986182171266386,0.43769001928797935
403,0.7390180878541672,-0.08301302926085505,0.7390180878541672,-0.08301302926085505,0.0,0.0,60,v9_keep,0,0.9220392181728834,0.9220392181728834,0.9879741137703192,0.9332625271467749
408,0.9630592336596341,0.9276274688805661,0.9630592336596341,0.9276274688805661,0.0,0.0,94,v9_keep,0,0.5000474848839787,0.5000474848839787,0.9971907452416274,0.5014562031086771
41,0.7838842624048609,0.47303684886447495,0.7838842624048609,0.47303684886447495,0.0,0.0,66,v9_keep,0,0.6707856814077825,0.6707856814077825,0.9838747370881047,0.681779555996176
410,0.9727905859726879,0.9317627660087859,0.9727905859726879,0.9317627660087859,0.0,0.0,30,v9_keep,0,0.8008067386404081,0.8008067386404081,0.9998271903621596,0.8009451496816546
411,0.9489786177885214,0.9344985587885386,0.9489786177885214,0.9344985587885386,0.0,0.0,47,v9_keep,0,0.3108476955470639,0.31471574514544176,1.0,0.31471574514544176
412,0.8971019593987029,0.8885079994188188,0.8971019593987029,0.8885079994188188,0.0,0.0,43,v9_keep,0,0.2354734880569202,0.2354734880569202,0.9996730957829356,0.23555049050559806
413,0.9350300813939629,0.870057310056338,0.9350300813939629,0.870057310056338,0.0,0.0,40,v9_keep,0,0.5046462328057508,0.5046462328057508,0.9986122062766125,0.5053475509651094
414,0.9395642466666426,0.9062069205346268,0.9395642466666426,0.9062069205346268,0.0,0.0,49,v9_keep,0,0.38427706664985184,0.38427706664985184,0.9984844761202588,0.38486033167286715
416,0.5163809130323637,0.39709455389216175,0.5163809130323637,0.39709455389216175,0.0,0.0,33,v9_keep,0,0.2312395880660306,0.7643873996668181,1.0,0.7643873996668181
417,0.9549462365565727,0.9003066973066218,0.9549462365565727,0.9003066973066218,0.0,0.0,29,v9_keep,0,0.5733789502699723,0.5733789502699723,0.9949635632086885,0.5762813548878764
418,0.9012413576296257,0.9106184721299797,0.9012413576296257,0.9106184721299797,0.0,0.0,34,v9_keep,0,0.18681959564541212,0.18681959564541212,0.9937952430196484,0.1879860031104199
422,0.9904738491764782,0.9811683141596826,0.9904738491764782,0.9811683141596826,0.0,0.0,32,v9_keep,0,0.4953122345272848,0.4953122345272848,0.9949118888061553,0.49784532690792827
423,0.9709819462748965,0.9597763972630451,0.9709819462748965,0.9597763972630451,0.0,0.0,46,v9_keep,0,0.3447855255133157,0.3447855255133157,0.9996372869060574,0.34491062911473563
424,0.9676902207399983,0.9214688063341882,0.9676902207399983,0.9214688063341882,0.0,0.0,30,v9_keep,0,0.9293224160436692,0.9293224160436692,0.9980119791002932,0.9311736086388988
425,0.9285054575947586,0.8979503114186875,0.9285054575947586,0.8979503114186875,0.0,0.0,29,v9_keep,0,0.3496507926452655,0.3496507926452655,0.9939672249234648,0.35177295978968376
426,0.9250658472303552,0.8973101765977578,0.9250658472303552,0.8973101765977578,0.0,0.0,30,v9_keep,0,0.327985406239768,0.6624725197623836,1.0,0.6624725197623836
428,0.9637099778907481,0.9126597727305312,0.9637099778907481,0.9126597727305312,0.0,0.0,31,v9_keep,0,0.987226138069671,0.9910175831446093,1.0,0.9910175831446093
429,0.6091440911498458,0.04777674222592012,0.6091440911498458,0.04777674222592012,0.0,0.0,56,v9_keep,0,0.9463183351365112,0.5861706866925476,1.0,0.5861706866925476
431,0.46426351771064556,0.39372297078876345,0.46426351771064556,0.39372297078876345,0.0,0.0,38,v9_keep,0,0.17570631155817187,0.17570631155817187,0.9497477087838534,0.18500314339601073
432,0.9375204163833325,0.8298557386243312,0.9375204163833325,0.8298557386243312,0.0,0.0,47,v9_keep,0,0.67310216150404,0.67310216150404,0.9888269454123113,0.6807077463118448
434,0.9656302262842908,0.9394682988063618,0.9656302262842908,0.9394682988063618,0.0,0.0,39,v9_keep,0,0.44292230261088394,0.44292230261088394,0.9917940409945764,0.446586977036804
436,0.9919079259587282,0.9791654957382511,0.9919079259587282,0.9791654957382511,0.0,0.0,50,v9_keep,0,0.6411499664800986,0.6411499664800986,0.9791428571428571,0.6548073774964531
437,0.9704777524947331,0.9650178415033689,0.9704777524947331,0.9650178415033689,0.0,0.0,34,v9_keep,0,0.2843728623841801,0.2843728623841801,0.9964048371282275,0.2853989179777377
44,0.04833365815614781,0.007870577219940932,0.04833365815614781,0.007870577219940932,0.0,0.0,63,v9_keep,0,0.024978596968323514,0.024978596968323514,0.9926617745163442,0.025163250574944184
440,0.6503295898427577,-0.1012352764435279,0.6503295898427577,-0.1012352764435279,0.0,0.0,49,v9_keep,0,0.9990942564041979,0.9990942564041979,0.9836195867095724,1.0157323724575187
441,0.9758461839443362,0.8941666086115403,0.9758461839443362,0.8941666086115403,0.0,0.0,28,v9_keep,0,0.8516935739157961,0.8516935739157961,0.9798244655668451,0.8692307692307693
442,0.8924844802477051,0.8923467635022158,0.8924844802477051,0.8923467635022158,0.0,0.0,35,v9_keep,0,0.21659636573591443,0.21659636573591443,0.9982998225901834,0.2169652451444243
443,0.7095028687245173,0.19932152451482596,0.7095028687245173,0.19932152451482596,0.0,0.0,62,v9_keep,0,0.8668430174222385,0.8668430174222385,0.822076124567474,1.0544558971084557
444,0.9568985574630241,0.9526285425254761,0.9568985574630241,0.9526285425254761,0.0,0.0,29,v9_keep,0,0.2550988922830078,0.2550988922830078,0.9992144065748126,0.25529945385541053
447,0.9617520185798877,0.895647476547029,0.9617520185798877,0.895647476547029,0.0,0.0,32,v9_keep,0,0.9737309673211434,0.9737309673211434,0.9956306772450271,0.9780041832534917
448,0.9551861858306261,0.909027706530536,0.9551861858306261,0.909027706530536,0.0,0.0,32,v9_keep,0,0.505989234933574,0.5148253010173921,1.0,0.5148253010173921
449,0.9414272366242075,0.8813092827968712,0.9414272366242075,0.8813092827968712,0.0,0.0,28,v9_keep,0,0.5034587217563748,0.5115629050139754,1.0,0.5115629050139754
45,0.9878580836311003,0.9819892365249264,0.9878580836311003,0.9819892365249264,0.0,0.0,113,v9_keep,0,0.3657698912421294,0.38230789461470627,1.0,0.38230789461470627
450,0.9415594441560948,0.8661275394273464,0.9415594441560948,0.8661275394273464,0.0,0.0,31,v9_keep,0,0.5731428392392769,0.5731428392392769,0.9999180081445244,0.5731898361374816
451,0.935309020203056,0.9297686160105079,0.935309020203056,0.9297686160105079,0.0,0.0,29,v9_keep,0,0.24680050383317523,0.24809118758455534,1.0,0.24809118758455534
452,0.9628594450295541,0.9118872670278467,0.9628594450295541,0.9118872670278467,0.0,0.0,257,v9_keep,0,0.6101903105907126,0.6101903105907126,0.998824942552747,0.6109081627769714
453,0.5094243857411248,0.11341673753727415,0.5094243857411248,0.11341673753727415,0.0,0.0,54,v9_keep,0,0.34839698516282963,0.16093352505253844,1.0,0.16093352505253844
455,0.9583016453025203,0.8462094098858822,0.9583016453025203,0.8462094098858822,0.0,0.0,44,v9_keep,0,0.8202318490659485,0.8202318490659485,0.9830275824970786,0.8343935243224838
456,0.867874502868807,0.8079682414411841,0.867874502868807,0.8079682414411841,0.0,0.0,29,v9_keep,0,0.35547694330526247,0.35547694330526247,0.9997358689910195,0.35557086059543563
457,0.9148233134423367,0.8879970600255876,0.9148233134423367,0.8879970600255876,0.0,0.0,29,v9_keep,0,0.3091033135379033,0.3091033135379033,0.9998996840046145,0.309134324655389
461,0.9221354500040401,0.8229381270057093,0.9221354500040401,0.8229381270057093,0.0,0.0,41,v9_keep,0,0.7258315012404445,0.7258315012404445,0.9992225245737769,0.7263962564795579
463,0.8983450220770746,0.6598661918894076,0.8983450220770746,0.6598661918894076,0.0,0.0,52,v9_keep,0,0.8015378749364515,0.8015378749364515,0.9750120784616871,0.822079944077275
464,0.09132466736447806,-0.023514310575072302,0.09132466736447806,-0.023514310575072302,0.0,0.0,338,v9_keep,0,0.05539205055918709,0.008984169274141083,1.0,0.008984169274141083
465,0.9107240437096261,0.9123840470565893,0.9107240437096261,0.9123840470565893,0.0,0.0,41,v9_keep,0,0.21263900189856252,0.21263900189856252,0.9993251855739672,0.21278259066034877
466,0.85776369397141,0.879609833122423,0.85776369397141,0.879609833122423,0.0,0.0,32,v9_keep,0,0.16022751997016133,0.16022751997016133,0.9971950865654319,0.1606782084356448
467,0.8971881872412143,0.8458575949836127,0.8971881872412143,0.8458575949836127,0.0,0.0,28,v9_keep,0,0.3801412885647627,0.3801412885647627,0.9781696053736356,0.3886251284812295
468,0.9444575990226145,0.9022693575947467,0.9444575990226145,0.9022693575947467,0.0,0.0,41,v9_keep,0,0.4418229034709906,0.4418229034709906,0.99921214725684,0.44217126931846973
469,0.8753214507365641,0.8331700298742168,0.8753214507365641,0.8331700298742168,0.0,0.0,42,v9_keep,0,0.3094577434980953,0.32220288764520527,1.0,0.32220288764520527
47,0.6626394938458569,0.45708828863090245,0.6626394938458569,0.45708828863090245,0.0,0.0,58,v9_keep,0,0.32189017734255115,0.08740567306323266,1.0,0.08740567306323266
471,0.5724026779048995,0.45576525843692706,0.5724026779048995,0.45576525843692706,0.0,0.0,32,v9_keep,0,0.21618538658666167,0.21618538658666167,0.9988448487473829,0.2164354022126383
472,0.26015032658200626,0.094427716080054,0.26015032658200626,0.094427716080054,0.0,0.0,36,v9_keep,0,0.12851920733662542,0.12560123132174694,1.0,0.12560123132174694
473,0.6956661729622277,0.6937104660560092,0.6956661729622277,0.6937104660560092,0.0,0.0,38,v9_keep,0,0.17994344209429625,0.17994344209429625,0.9487313628040805,0.18966743289950222
474,0.8042982516702073,0.8099842411807466,0.8042982516702073,0.8099842411807466,0.0,0.0,45,v9_keep,0,0.1844823134521043,0.1844823134521043,0.9822149669215569,0.18782274722437386
475,0.9327097451538305,0.8348067705789143,0.9327097451538305,0.8348067705789143,0.0,0.0,26,v9_keep,0,0.6821204768803785,0.6821204768803785,0.9997441670077774,0.6822950304595996
476,0.9553059661639818,0.8851503894140824,0.9553059661639818,0.8851503894140824,0.0,0.0,43,v9_keep,0,0.8100167273442881,0.8119059332874151,1.0,0.8119059332874151
478,0.9042413412471527,0.8874184532953514,0.9042413412471527,0.8874184532953514,0.0,0.0,28,v9_keep,0,0.2702324411033875,0.2702324411033875,0.9984311446833236,0.27065706287547575
479,0.3828821393183275,0.26916319709143754,0.3828821393183275,0.26916319709143754,0.0,0.0,288,v9_keep,0,0.43512649352106353,0.17093921205661824,1.0,0.17093921205661824
48,0.5281822242048764,0.4353425199856096,0.5281822242048764,0.4353425199856096,0.0,0.0,89,v9_keep,0,0.20155690060184153,0.03395003515028892,1.0,0.03395003515028892
485,0.9196864111466213,0.8641809625122701,0.9196864111466213,0.8641809625122701,0.0,0.0,32,v9_keep,0,0.47647781471310885,0.47647781471310885,0.9992043947717371,0.4768572047983813
492,0.9763815238592786,0.9590916701601979,0.9763815238592786,0.9590916701601979,0.0,0.0,42,v9_keep,0,0.4357102663498812,0.4357102663498812,0.978207467714767,0.44541703138677
5,0.9693730775167201,0.9159396218173528,0.9693730775167201,0.9159396218173528,0.0,0.0,50,v9_keep,0,0.6798876743189859,0.6798876743189859,0.9779775896300692,0.6951976011803715
51,0.992680002521005,0.9858897324417667,0.992680002521005,0.9858897324417667,0.0,0.0,29,v9_keep,0,0.48530048895215694,0.48530048895215694,0.996885131269468,0.4868168595655134
54,0.977104047049953,0.9405861967681423,0.28290369329285975,0.20384043623548373,0.6942003537570933,0.7367457605326585,33,dense_rescue,1,0.11759663193187662,0.7990589221419999,1.0,0.7990589221419999
56,0.9373906729564098,0.8875528548382685,0.9373906729564098,0.8875528548382685,0.0,0.0,42,v9_keep,0,0.4888404728002608,0.4888404728002608,0.9763911732456141,0.5006604793192774
58,0.942469026054385,0.8775870451734646,0.942469026054385,0.8775870451734646,0.0,0.0,93,v9_keep,0,0.5509414177550926,0.5509414177550926,0.9976265601876414,0.5522521550062452
59,0.7788931934485793,0.5796386297863215,0.7788931934485793,0.5796386297863215,0.0,0.0,141,v9_keep,0,0.4323131806233571,0.4323131806233571,0.9993489583333334,0.43259481787457754
60,0.9886571025920284,0.9699660256400674,0.9886571025920284,0.9699660256400674,0.0,0.0,44,v9_keep,0,0.6532305684184355,0.6532305684184355,0.9822651120405635,0.6650247070889145
63,0.5255126953116981,-0.06376431501108457,0.5255126953116981,-0.06376431501108457,0.0,0.0,43,v9_keep,0,0.9011193117943204,0.9011193117943204,0.9999276829621059,0.9011844827867116
67,0.7557014598702885,0.4901705661111979,0.7557014598702885,0.4901705661111979,0.0,0.0,67,v9_keep,0,0.4688801802079798,0.4688801802079798,1.0,0.4688801802079798
69,0.9676052268245172,0.9393616993920572,0.9676052268245172,0.9393616993920572,0.0,0.0,78,v9_keep,0,0.47410093121988256,0.28356497621593146,1.0,0.28356497621593146
70,0.9863501681226942,0.975130180596846,0.9863501681226942,0.975130180596846,0.0,0.0,189,v9_keep,0,0.45174950544015824,0.45174950544015824,0.9866000607553921,0.45788513847675566
71,0.7480773925769835,-0.07065401950657273,0.7480773925769835,-0.07065401950657273,0.0,0.0,48,v9_keep,0,0.9421614814123793,0.9421614814123793,0.9872594861434693,0.9543200087068737
73,0.9213962084150429,0.845523880541478,0.9213962084150429,0.845523880541478,0.0,0.0,37,v9_keep,0,0.48000314292449126,0.48000314292449126,0.9876802690292957,0.48599041408030175
74,0.7938047356445221,0.6495520658967757,0.7938047356445221,0.6495520658967757,0.0,0.0,66,v9_keep,0,0.3820359857596459,0.5298438051252445,1.0,0.5298438051252445
76,0.9848683546824545,0.9727197368661904,0.9848683546824545,0.9727197368661904,0.0,0.0,30,v9_keep,0,0.4489499797172902,0.9942740350110775,1.0,0.9942740350110775
77,0.816177368162817,-0.006777086810903126,0.816177368162817,-0.006777086810903126,0.0,0.0,37,v9_keep,0,0.9984701446408704,0.9984701446408704,0.9903134339796152,1.0082364940042032
78,0.6313781738271615,-0.015620070560634225,0.6313781738271615,-0.015620070560634225,0.0,0.0,30,v9_keep,0,0.9902719502719503,0.9902719502719503,0.9907184278851386,0.9995493395493396
79,0.9724637681141352,0.8962950961822824,0.9724637681141352,0.8962950961822824,0.0,0.0,29,v9_keep,0,0.8094278303803006,0.8094278303803006,0.9836143388774967,0.8229117840067498
8,0.48052861665162466,-0.007690073309777964,0.48052861665162466,-0.007690073309777964,0.0,0.0,42,v9_keep,0,0.9999155376870841,0.9999155376870841,0.9914577156926787,1.0085306936045138
84,0.9582091113526905,0.9048045821217082,0.9582091113526905,0.9048045821217082,0.0,0.0,27,v9_keep,0,0.5638733355291018,0.5638733355291018,0.9755779876261804,0.5779889897896767
85,0.9471053416855151,0.9151813217203446,0.9471053416855151,0.9151813217203446,0.0,0.0,48,v9_keep,0,0.38924761152660997,0.38924761152660997,0.9899968494013862,0.3931806568495378
86,0.931614725451358,0.8327735314600846,0.931614725451358,0.8327735314600846,0.0,0.0,45,v9_keep,0,0.6084223258478825,0.011395285916636163,1.0,0.011395285916636163
88,0.9044157628111369,0.8065290908886418,0.9044157628111369,0.8065290908886418,0.0,0.0,34,v9_keep,0,0.5292891424139101,0.03403196354410743,1.0,0.03403196354410743
91,0.9506644174111377,0.9008409236682487,0.9506644174111377,0.9008409236682487,0.0,0.0,43,v9_keep,0,0.5644837007887546,0.5644837007887546,0.9922370567268773,0.5689000395236541
93,0.6497099738189782,0.33923676447748546,0.6497099738189782,0.33923676447748546,0.0,0.0,55,v9_keep,0,0.39106857062945755,0.39106857062945755,0.994232440546733,0.39333716612023556
95,0.9745656972806905,0.9520644374886347,0.9745656972806905,0.9520644374886347,0.0,0.0,101,v9_keep,0,0.48074727226592234,0.48074727226592234,0.9949455166075883,0.48318954580055823
96,0.9733280541322679,0.9552520141063298,0.9733280541322679,0.9552520141063298,0.0,0.0,66,v9_keep,0,0.42156508629489453,0.42156508629489453,0.9924211615956228,0.424784459066853
