image_id,iou,iou_inv,iou_inv_robust,used_inversion,pred_fg_ratio,gt_fg_ratio,agg_iou,agg_iou_inv,agg_iou_inv_robust,agg_used_inversion,agg_num_segments
rwtd_1,0.027808771779222547,0.0032361864484686522,0.027808771779222547,0,0.00762939453125,0.1750946044921875,0.9522636541230338,0.9896548550389344,0.9896548550389344,1,2
rwtd_101,0.019753375021909957,0.0,0.019753375021909957,0,0.01031494140625,0.522186279296875,0.7888411518808672,0.8103852770969162,0.8103852770969162,1,2
rwtd_102,0.07497618500146586,0.37312925170042643,0.37312925170042643,1,0.153350830078125,0.8453521728515625,0.8622041850746838,0.4700691471844122,0.8622041850746838,0,1
rwtd_103,0.0,0.03741896835753677,0.03741896835753677,1,0.0266876220703125,0.2867889404296875,0.29465251540277887,0.7132110595702037,0.7132110595702037,1,2
rwtd_104,0.3306306306302051,0.07864396426661394,0.3306306306302051,0,0.1177825927734375,0.03997802734375,0.3306306306302051,0.9600219726561036,0.9600219726561036,1,3
rwtd_106,0.0,0.06704429712487411,0.06704429712487411,1,0.0572509765625,0.1460723876953125,0.15494302732096418,0.8539276123045573,0.8539276123045573,1,2
rwtd_107,0.04737128847724125,0.034037039378031084,0.04737128847724125,0,0.04296875,0.5437164306640625,0.5619420616169214,0.4566014378897528,0.5619420616169214,0,5
rwtd_109,0.022027637159656117,0.0,0.022027637159656117,0,0.0073699951171875,0.3345794677734375,0.6588390671303122,0.7905548996456652,0.7905548996456652,1,3
rwtd_118,0.02761926500795752,0.00043828123630363454,0.02761926500795752,0,0.0040740966796875,0.1333160400390625,0.9055187637959099,0.9850694202189031,0.9850694202189031,1,1
rwtd_12,0.0035364606166875534,0.0014608739837393735,0.0035364606166875534,0,0.0025482177734375,0.5213775634765625,0.8050070109836397,0.8242449774873419,0.8242449774873419,1,1
rwtd_121,0.04386010317993619,0.029719106509414513,0.04386010317993619,0,0.04351806640625,0.8796234130859375,0.8796234130858033,0.3864660773866496,0.8796234130858033,0,5
rwtd_122,0.0062778509570902506,0.08390692574767501,0.08390692574767501,1,0.0454559326171875,0.502410888671875,0.601251827142798,0.4975891113280491,0.601251827142798,0,1
rwtd_125,0.00024408103490346884,0.008668866886686761,0.008668866886686761,1,0.0060882568359375,0.3065643310546875,0.40215883121114876,0.6934356689452067,0.6934356689452067,1,6
rwtd_128,0.0524513504059406,0.3469198273059064,0.3469198273059064,1,0.157501220703125,0.71478271484375,0.9344732370431321,0.856784736084278,0.9344732370431321,0,3
rwtd_129,0.017501599608559786,0.015160218786679199,0.017501599608559786,0,0.016357421875,0.396148681640625,0.6110799925313779,0.6649184284419798,0.6649184284419798,1,4
rwtd_13,0.014593487728199293,0.0,0.014593487728199293,0,0.007720947265625,0.5290679931640625,0.895039870252495,0.8802430298541574,0.895039870252495,0,3
rwtd_134,0.0023404316796202316,0.0025091681142628483,0.0025091681142628483,1,0.0024261474609375,0.5269012451171875,0.971454335390151,0.9673878050347796,0.971454335390151,0,2
rwtd_139,0.05022951977399652,0.14573754912281467,0.14573754912281467,1,0.1126251220703125,0.431976318359375,0.5870819504721504,0.6197931358719747,0.6197931358719747,1,2
rwtd_14,0.00044012045401889275,0.25843106075655653,0.25843106075655653,1,0.11932373046875,0.5396881103515625,0.6122802459512233,0.4603118896483673,0.6122802459512233,0,1
rwtd_142,0.0027480916030492397,0.003378150124990984,0.003378150124990984,1,0.003326416015625,0.096893310546875,0.40134112335652544,0.9031066894529872,0.9031066894529872,1,5
rwtd_149,0.08959454952592082,0.10960823935854586,0.10960823935854586,1,0.10870361328125,0.5892181396484375,0.7954776480153617,0.7226688574612046,0.7954776480153617,0,2
rwtd_15,8.381948635417357e-05,0.1112284938120869,0.1112284938120869,1,0.011322021484375,0.8989715576171875,0.9091189678851667,0.1598538479104413,0.9091189678851667,0,2
rwtd_16,0.029976623733778712,0.05396592483897694,0.05396592483897694,1,0.0401611328125,0.645599365234375,0.6455993652342765,0.37331411510339274,0.6455993652342765,0,5
rwtd_17,0.06083644373737061,0.801638244874113,0.801638244874113,1,0.3160400390625,0.7421417236328125,0.9151451814510123,0.801638244874113,0.9151451814510123,0,2
rwtd_175,0.07558478963138769,0.07477525353171366,0.07558478963138769,0,0.0811614990234375,0.34051513671875,0.7542960871316037,0.8699532420947392,0.8699532420947392,1,3
rwtd_176,0.16984434877221466,0.14029021855963092,0.16984434877221466,0,0.1742706298828125,0.203033447265625,0.22667329454070978,0.7969665527342534,0.7969665527342534,1,4
rwtd_178,0.9461141361993685,0.006657252370384281,0.9461141361993685,0,0.4148406982421875,0.4250030517578125,0.9461141361993685,0.9606993656194336,0.9606993656194336,1,2
rwtd_18,0.026964231121964558,0.003053803190420088,0.026964231121964558,0,0.0090484619140625,0.2472381591796875,0.6172317578419645,0.8222475263073618,0.8222475263073618,1,3
rwtd_180,0.009330308206080168,0.23213103428416706,0.23213103428416706,1,0.128631591796875,0.4755096435546875,0.5823720736733515,0.5244903564452325,0.5823720736733515,0,1
rwtd_181,0.5692835889218633,0.0,0.5692835889218633,0,0.56927490234375,0.9999847412109375,0.999984741210785,3.637024913619336e-05,0.999984741210785,0,3
rwtd_182,0.00029364944438429536,0.9730899213540403,0.9730899213540403,1,0.47039794921875,0.517181396484375,0.9806333950900358,0.9788699030349708,0.9806333950900358,0,1
rwtd_183,0.0,0.0,0.0,0,0.0,0.5508575439453125,0.5508575439452285,0.449142456054619,0.5508575439452285,0,1
rwtd_184,0.004196231021590876,0.0,0.004196231021590876,0,0.0041961669921875,0.9999847412109375,0.999984741210785,0.0009372071227653497,0.999984741210785,0,3
rwtd_185,0.0025396591703770693,0.0040164805265466,0.0040164805265466,1,0.00341796875,0.412200927734375,0.9931228277745348,0.9951908160096714,0.9951908160096714,1,3
rwtd_186,0.0,0.004432021354283592,0.004432021354283592,1,0.002685546875,0.3940582275390625,0.7764815538648858,0.8127974616602924,0.8127974616602924,1,2
rwtd_188,0.02341147439851221,0.0,0.02341147439851221,0,0.0115814208984375,0.49468994140625,0.5005558300394485,0.511230838106039,0.511230838106039,1,3
rwtd_189,0.0,0.00598500496039716,0.00598500496039716,1,0.005615234375,0.0617828369140625,0.7620929794828495,0.979442809048908,0.979442809048908,1,3
rwtd_194,0.02057385636130236,0.03291469481858,0.03291469481858,1,0.02734375,0.5077972412109375,0.9757822803018297,0.9755003032137735,0.9757822803018297,0,1
rwtd_197,0.004098178092564458,0.2262068452933122,0.2262068452933122,1,0.0956878662109375,0.5922088623046875,0.8191978961207994,0.683203270159538,0.8191978961207994,0,1
rwtd_2,0.017590583284008157,0.025152418186285056,0.025152418186285056,1,0.0222015380859375,0.450042724609375,0.9049592212572661,0.923983376295196,0.923983376295196,1,3
rwtd_200,4.789960243327686e-05,0.019538968166845326,0.019538968166845326,1,0.0135955810546875,0.3049774169921875,0.317028266700475,0.6950225830077065,0.6950225830077065,1,3
rwtd_201,0.3435044331760687,0.0,0.3435044331760687,0,0.1767578125,0.5145721435546875,0.9876842198526279,0.9870069171804738,0.9876842198526279,0,2
rwtd_202,0.00024658885418368955,0.08679947703146967,0.08679947703146967,1,0.0598602294921875,0.3115081787109375,0.6589608531666474,0.7682961850271117,0.7682961850271117,1,3
rwtd_205,0.04009062873684936,0.05691056910567574,0.05691056910567574,1,0.05169677734375,0.45263671875,0.9564397129666959,0.9651914068806965,0.9651914068806965,1,3
rwtd_207,0.05159194662295108,0.0,0.05159194662295108,0,0.0269012451171875,0.52142333984375,0.9443403956452815,0.9428245055008289,0.9443403956452815,0,2
rwtd_210,0.0014847186038038254,0.16686641210731434,0.16686641210731434,1,0.0921630859375,0.453338623046875,0.6047943518593292,0.5466613769530416,0.6047943518593292,0,1
rwtd_213,0.00032094878574371157,0.9966272284380865,0.9966272284380865,1,0.5684356689453125,0.4302825927734375,0.9955483323908297,0.9966272284380865,0.9966272284380865,1,1
rwtd_214,0.9914575906366477,0.001376736217340547,0.9914575906366477,0,0.451202392578125,0.45233154296875,0.9914575906366477,0.9929554027066251,0.9929554027066251,1,1
rwtd_215,0.9925572656980299,0.002245063151946142,0.9925572656980299,0,0.4214324951171875,0.4200897216796875,0.9925572656980299,0.9945880622107518,0.9945880622107518,1,1
rwtd_216,0.08373452544701865,0.0,0.08373452544701865,0,0.044586181640625,0.532470703125,0.5324707031249187,0.4893474302870781,0.5324707031249187,0,3
rwtd_219,0.40202331542962616,0.5721222554240983,0.5721222554240983,1,0.9395751953125,0.4624481201171875,0.46244812011711695,0.5721222554240983,0.5721222554240983,1,1
rwtd_22,0.1204266805424175,0.03077155519741369,0.1204266805424175,0,0.0751495361328125,0.4505462646484375,0.4671550169286987,0.562596024776323,0.562596024776323,1,3
rwtd_221,7.648066568770246e-05,0.994761904761589,0.994761904761589,1,0.47821044921875,0.5194244384765625,0.9951755796611225,0.994761904761589,0.9951755796611225,0,1
rwtd_222,0.007996199825824085,0.9423606950267741,0.9423606950267741,1,0.7276763916015625,0.2436981201171875,0.9571729174396848,0.986179348911327,0.986179348911327,1,3
rwtd_224,0.9934539615880339,0.0006883997001635809,0.9934539615880339,0,0.4916229248046875,0.4934844970703125,0.9934539615880339,0.9936454648998881,0.9936454648998881,1,1
rwtd_228,0.4583875063094883,0.012876802096981364,0.4583875063094883,0,0.4632720947265625,0.9915771484375,0.9939428239287527,0.2864864864813246,0.9939428239287527,0,3
rwtd_229,0.0004122892743708142,0.9980321675016405,0.9980321675016405,1,0.5808258056640625,0.418853759765625,0.9972725289108308,0.9980321675016405,0.9980321675016405,1,1
rwtd_236,5.621451458765074e-05,0.023690813699604494,0.023690813699604494,1,0.0111236572265625,0.5317840576171875,0.5471487784964286,0.46821594238274106,0.5471487784964286,0,1
rwtd_237,0.0,0.004871721868968121,0.004871721868968121,1,0.002349853515625,0.5176544189453125,0.9897872589468324,0.9889947023205761,0.9897872589468324,0,1
rwtd_238,0.0,0.020619414996941608,0.020619414996941608,1,0.0113372802734375,0.450164794921875,0.45532696433249653,0.5754851074022878,0.5754851074022878,1,2
rwtd_24,0.014344262295069186,0.0005137520412468553,0.014344262295069186,0,0.0028839111328125,0.17083740234375,0.5089344804761994,0.8570001927219622,0.8570001927219622,1,3
rwtd_240,0.0,0.1493046730328785,0.1493046730328785,1,0.062744140625,0.5797576904296875,0.9394471367814906,0.9110780291198899,0.9394471367814906,0,1
rwtd_243,0.0,0.9224255354064295,0.9224255354064295,1,0.857666015625,0.0702056884765625,0.4932461406512722,0.9297943115232956,0.9297943115232956,1,2
rwtd_244,0.0,0.08928788554288306,0.08928788554288306,1,0.067230224609375,0.247039794921875,0.5088314790368631,0.7529602050780101,0.7529602050780101,1,4
rwtd_245,0.001496585913384857,0.9653241237688512,0.9653241237688512,1,0.6326904296875,0.347564697265625,0.9385137371727331,0.9653241237688512,0.9653241237688512,1,1
rwtd_246,0.08817603223843408,0.0,0.08817603223843408,0,0.0420684814453125,0.4770965576171875,0.5923904445497958,0.6334115805945335,0.6334115805945335,1,2
rwtd_247,0.007592562947376314,0.28090289054878825,0.28090289054878825,1,0.1370391845703125,0.535247802734375,0.6107898113803486,0.465825495144075,0.6107898113803486,0,2
rwtd_25,0.0025394522038809666,0.18862044032209127,0.18862044032209127,1,0.1167144775390625,0.3892974853515625,0.5023105452092378,0.6107025146483444,0.6107025146483444,1,3
rwtd_250,0.0032492518170144295,0.064062777088122,0.064062777088122,1,0.045257568359375,0.31280517578125,0.7487946178281634,0.8522922069357716,0.8522922069357716,1,5
rwtd_251,0.008844631370605874,0.0,0.008844631370605874,0,0.004364013671875,0.493408203125,0.5112411067192868,0.5151839610197361,0.5151839610197361,1,2
rwtd_252,0.030585325638886572,0.00011155941468491688,0.030585325638886572,0,0.0057525634765625,0.18499755859375,0.9368984787325854,0.9847937903299384,0.9847937903299384,1,1
rwtd_253,0.11498042447967367,0.021192427239326492,0.11498042447967367,0,0.0784149169921875,0.5821075439453125,0.9753666743723575,0.9652082426349712,0.9753666743723575,0,2
rwtd_254,0.9856646690271773,0.004494794294362474,0.9856646690271773,0,0.4461822509765625,0.443634033203125,0.9856646690271773,0.9884938096146415,0.9884938096146415,1,1
rwtd_256,0.012119923453111352,0.0,0.012119923453111352,0,0.0060882568359375,0.5023345947265625,0.5023345947264859,0.5007138799759736,0.5023345947264859,0,2
rwtd_257,0.004389833637612179,0.5898233931671999,0.5898233931671999,1,0.3762969970703125,0.370819091796875,0.6529970165444392,0.6914134105159935,0.6914134105159935,1,2
rwtd_258,0.0,0.9810281318248261,0.9810281318248261,1,0.4592132568359375,0.5319061279296875,0.9835783414686428,0.9810281318248261,0.9835783414686428,0,2
rwtd_259,0.02275339002527719,0.6945163666980961,0.6945163666980961,1,0.5215606689453125,0.2932586669921875,0.5540669268350938,0.7067413330077047,0.7067413330077047,1,2
rwtd_260,0.06476082817703928,0.0004983291317346256,0.06476082817703928,0,0.033477783203125,0.5126800537109375,0.9967053515772769,0.9965264739013029,0.9967053515772769,0,2
rwtd_261,0.004026455188461982,0.983090174019693,0.983090174019693,1,0.4307098388671875,0.569976806640625,0.9871979133394584,0.983090174019693,0.9871979133394584,0,3
rwtd_262,0.03986403806932975,0.0,0.03986403806932975,0,0.022369384765625,0.5611419677734375,0.9859687287556803,0.9823752433647633,0.9859687287556803,0,2
rwtd_263,0.99383489066532,0.0010853779714131186,0.99383489066532,0,0.473358154296875,0.47412109375,0.99383489066532,0.9944484603148781,0.9944484603148781,1,1
rwtd_265,0.44056721344590904,0.25343322753902386,0.44056721344590904,0,0.4530181884765625,0.1995849609375,0.44056721344590904,0.8004150390623779,0.8004150390623779,1,2
rwtd_268,0.02965336984254476,0.0,0.02965336984254476,0,0.0145416259765625,0.490386962890625,0.9933349866696654,0.9935807482157486,0.9935807482157486,1,1
rwtd_269,0.9944939921421828,0.002777523425815283,0.9944939921421828,0,0.5319366455078125,0.5293121337890625,0.9944939921421828,0.993777748970738,0.9944939921421828,0,1
rwtd_27,0.005660676114319666,0.02658895498662687,0.02658895498662687,1,0.0190277099609375,0.368621826171875,0.618435487046604,0.6885189437426663,0.6885189437426663,1,5
rwtd_270,0.19211192916829808,0.0,0.19211192916829808,0,0.1238250732421875,0.6445465087890625,0.6445465087889641,0.4719312817810677,0.6445465087889641,0,4
rwtd_274,0.0028131279303408407,0.02489755156857161,0.02489755156857161,1,0.01263427734375,0.558502197265625,0.9310256672459017,0.907342537261863,0.9310256672459017,0,1
rwtd_276,0.0,0.004231407966875758,0.004231407966875758,1,0.002838134765625,0.3292694091796875,0.35026381971491855,0.6707305908202101,0.6707305908202101,1,5
rwtd_28,0.013661446681576836,0.02021787018316177,0.02021787018316177,1,0.0172119140625,0.5013275146484375,0.8634949230262956,0.8524822276626494,0.8634949230262956,0,1
rwtd_280,0.0,0.028365769128224912,0.028365769128224912,1,0.0162353515625,0.427642822265625,0.44846004439496095,0.6977150895333807,0.6977150895333807,1,3
rwtd_281,0.09038129097488816,0.012951601908653729,0.09038129097488816,0,0.0498199462890625,0.4602813720703125,0.8840166823305675,0.8885628015913062,0.8885628015913062,1,1
rwtd_282,0.0,0.08617609772960523,0.08617609772960523,1,0.0456390380859375,0.47039794921875,0.6861697330445784,0.6034811839442203,0.6861697330445784,0,1
rwtd_288,0.0,0.014414135151885301,0.014414135151885301,1,0.00567626953125,0.606201171875,0.6096617764408861,0.39379882812493994,0.6096617764408861,0,2
rwtd_293,0.0008998200359919017,0.007327578503385462,0.007327578503385462,1,0.0063934326171875,0.1463623046875,0.3572481572480222,0.8536376953123698,0.8536376953123698,1,6
rwtd_294,0.007931351848841988,0.0,0.007931351848841988,0,0.0044708251953125,0.563690185546875,0.9904575022845572,0.9876259193415637,0.9904575022845572,0,2
rwtd_299,0.1510665712240083,0.0,0.1510665712240083,0,0.08050537109375,0.5329132080078125,0.5541100128511394,0.5079820776633741,0.5541100128511394,0,2
rwtd_3,0.026853139904603824,0.006220312146570828,0.026853139904603824,0,0.019012451171875,0.6117401123046875,0.631606513665265,0.4336117733828865,0.631606513665265,0,4
rwtd_30,0.05290065819683058,0.07753219399043446,0.07753219399043446,1,0.07073974609375,0.4540557861328125,0.4892615670156952,0.5459442138671042,0.5459442138671042,1,4
rwtd_300,0.0017551624669950466,0.9955780808867664,0.9955780808867664,1,0.4483642578125,0.55316162109375,0.9964154741222059,0.9955780808867664,0.9964154741222059,0,1
rwtd_302,0.0016232379325070133,0.15521924718660812,0.15521924718660812,1,0.0863189697265625,0.4503631591796875,0.9439295491272984,0.9539507543947359,0.9539507543947359,1,2
rwtd_303,0.00027433901443699654,0.13765969045527776,0.13765969045527776,1,0.0887451171875,0.3563385009765625,0.9125780924610942,0.9518853868192662,0.9518853868192662,1,2
rwtd_304,0.803318169654445,0.059961553248741264,0.803318169654445,0,0.3343353271484375,0.2826385498046875,0.803318169654445,0.9072047807421709,0.9072047807421709,1,1
rwtd_308,0.9095441841204739,0.0800018310546753,0.9095441841204739,0,0.884429931640625,0.8044281005859375,0.9095441841204739,0.5909339158924936,0.9095441841204739,0,1
rwtd_310,0.0044128462858537,0.9138196368099203,0.9138196368099203,1,0.095001220703125,0.905242919921875,0.9906037115337779,0.9138196368099203,0.9906037115337779,0,3
rwtd_311,0.002622377622377182,0.1030793696687826,0.1030793696687826,1,0.0132598876953125,0.8968353271484375,0.978622685378623,0.8182335371912698,0.978622685378623,0,1
rwtd_315,0.01806371687341703,0.0,0.01806371687341703,0,0.0164642333984375,0.9114532470703125,0.9114532470701735,0.09144342893159606,0.9114532470701735,0,3
rwtd_318,0.012153251921498937,0.035293355782906814,0.035293355782906814,1,0.017822265625,0.7738800048828125,0.9614150411324683,0.8767778398851768,0.9614150411324683,0,2
rwtd_319,0.001230895476458703,0.006509312693157972,0.006509312693157972,1,0.004180908203125,0.4426422119140625,0.785016995241119,0.7859255039199192,0.7859255039199192,1,3
rwtd_321,0.027405349079531988,0.0008252142895168969,0.027405349079531988,0,0.01251220703125,0.4388275146484375,0.43882751464837055,0.5861986169803134,0.5861986169803134,1,1
rwtd_322,0.01369683637125139,0.0003227657437956094,0.01369683637125139,0,0.00811767578125,0.5825042724609375,0.5825042724608487,0.5513000945941556,0.5825042724608487,0,4
rwtd_323,0.17724959518847525,0.00929735506278138,0.17724959518847525,0,0.098846435546875,0.52239990234375,0.7893672760405521,0.8043897924102065,0.8043897924102065,1,1
rwtd_324,0.9633821362507561,0.01782226562499728,0.9633821362507561,0,0.4867095947265625,0.4688873291015625,0.9633821362507561,0.9664435314732766,0.9664435314732766,1,1
rwtd_325,0.18990579170572375,0.023618441664853444,0.18990579170572375,0,0.104461669921875,0.4563751220703125,0.4563751220702429,0.6514819403410557,0.6514819403410557,1,1
rwtd_327,0.0,0.0,0.0,0,0.0,0.5543060302734375,0.5543060302733529,0.4456939697264945,0.5543060302733529,0,1
rwtd_328,0.02690907740305547,0.0010645578283012206,0.02690907740305547,0,0.0223236083984375,0.821441650390625,0.8214416503904997,0.18470562195658877,0.8214416503904997,0,3
rwtd_329,0.19637654288282133,0.15155605910851397,0.19637654288282133,0,0.2090606689453125,0.4801483154296875,0.8166147890453255,0.8049844236758196,0.8166147890453255,0,2
rwtd_33,0.03472422062346789,0.0,0.03472422062346789,0,0.005523681640625,0.1590728759765625,0.531046613895751,0.91038354230379,0.91038354230379,1,1
rwtd_330,0.017213446739563706,0.0006295856841899824,0.017213446739563706,0,0.0068817138671875,0.3763427734375,0.3763427734374426,0.7083762383267571,0.7083762383267571,1,1
rwtd_331,0.012821596045791724,0.04514982224477138,0.04514982224477138,1,0.0228271484375,0.7088165283203125,0.9689724676213722,0.9288838649427783,0.9689724676213722,0,1
rwtd_332,0.004739794931320193,0.0006148800983805636,0.004739794931320193,0,0.0032196044921875,0.6307525634765625,0.6307525634764662,0.3743362694861411,0.6307525634764662,0,4
rwtd_334,0.3088216681431427,0.001949278157931745,0.3088216681431427,0,0.1131591796875,0.3602142333984375,0.8230678013389986,0.8790328349665263,0.8790328349665263,1,1
rwtd_337,0.16019868428533185,0.0014574518100604337,0.16019868428533185,0,0.1294097900390625,0.80438232421875,0.8043823242186273,0.4375784885866744,0.8043823242186273,0,3
rwtd_34,0.05523123232689262,0.06078957294328386,0.06078957294328386,1,0.062744140625,0.2902984619140625,0.8300728807053941,0.9265096217649041,0.9265096217649041,1,2
rwtd_342,0.007832445160488826,0.14543688019292902,0.14543688019292902,1,0.0710601806640625,0.54937744140625,0.9789872167660671,0.9743366389704589,0.9789872167660671,0,1
rwtd_343,0.03733119935980048,0.008199988611122259,0.03733119935980048,0,0.030670166015625,0.7605133056640625,0.926202769959005,0.7501892983337013,0.926202769959005,0,4
rwtd_344,0.0021333742613763897,0.9711479775836591,0.9711479775836591,1,0.269195556640625,0.72711181640625,0.9891741094662027,0.9711479775836591,0.9891741094662027,0,2
rwtd_345,0.006412268508137212,0.0,0.006412268508137212,0,0.004364013671875,0.680572509765625,0.6805725097655212,0.4921032905108972,0.6805725097655212,0,5
rwtd_346,0.010199659495432565,0.9300776424912078,0.9300776424912078,1,0.331756591796875,0.6641693115234375,0.964344363709769,0.9300776424912078,0.964344363709769,0,2
rwtd_347,0.09319925091708957,0.025061361581182967,0.09319925091708957,0,0.0672760009765625,0.5829620361328125,0.9381484738095872,0.9126733586347985,0.9381484738095872,0,3
rwtd_348,0.9818913061596688,0.002452719587819324,0.9818913061596688,0,0.721405029296875,0.7298126220703125,0.9818913061596688,0.9528153336586019,0.9818913061596688,0,1
rwtd_349,0.0,0.0728554045832119,0.0728554045832119,1,0.0219268798828125,0.69903564453125,0.9808714822978039,0.9560903001731798,0.9808714822978039,0,1
rwtd_350,0.0009408812921434937,0.9614792312720796,0.9614792312720796,1,0.6963653564453125,0.2776031494140625,0.9085124505231181,0.9614792312720796,0.9614792312720796,1,1
rwtd_351,0.8344032725207267,0.004331878309072989,0.8344032725207267,0,0.430389404296875,0.507049560546875,0.8810907465352762,0.889077312279089,0.889077312279089,1,1
rwtd_352,0.0,0.0,0.0,0,0.0,0.2394866943359375,0.23948669433590097,0.7605133056639465,0.7605133056639465,1,1
rwtd_357,0.0,0.005273649415859991,0.005273649415859991,1,0.0031890869140625,0.3952789306640625,0.3965435424862007,0.6047210693358452,0.6047210693358452,1,2
rwtd_358,0.07608161453460437,0.0,0.07608161453460437,0,0.0732269287109375,0.9624786376953125,0.9624786376951657,0.07018286488311024,0.9624786376951657,0,4
rwtd_359,0.02802874012946289,0.0015417178395041571,0.02802874012946289,0,0.0129241943359375,0.4280853271484375,0.4280853271483722,0.6852285831193161,0.6852285831193161,1,1
rwtd_36,0.002567760342366214,0.0076039039790541125,0.0076039039790541125,1,0.0065765380859375,0.2079010009765625,0.6642151561030613,0.9173176620976996,0.9173176620976996,1,4
rwtd_362,0.006035435776388289,0.014416175437520412,0.014416175437520412,1,0.010284423828125,0.5034942626953125,0.8132709362449626,0.8270871786638775,0.8270871786638775,1,2
rwtd_363,0.14396533938512732,0.007797616410436446,0.14396533938512732,0,0.0586090087890625,0.3644256591796875,0.36442565917963193,0.6656405627990611,0.6656405627990611,1,1
rwtd_364,0.18969468950004548,0.017781511428465197,0.18969468950004548,0,0.1416168212890625,0.69793701171875,0.8387480935167376,0.6960340278048537,0.8387480935167376,0,2
rwtd_365,0.27415858122746767,0.031618941312833986,0.27415858122746767,0,0.1401824951171875,0.4068603515625,0.7922897030682473,0.8642301278486048,0.8642301278486048,1,2
rwtd_366,0.030991797166284567,0.0003931887608503786,0.030991797166284567,0,0.01605224609375,0.5113525390625,0.8497667514840835,0.8306846696138038,0.8497667514840835,0,4
rwtd_367,0.0006860789788590848,0.9287606711802255,0.9287606711802255,1,0.5783538818359375,0.3786468505859375,0.8950715421300423,0.9287606711802255,0.9287606711802255,1,1
rwtd_371,0.17595136065627368,0.0028267568757378934,0.17595136065627368,0,0.075164794921875,0.4147491455078125,0.8023005294866524,0.8757259267758808,0.8757259267758808,1,1
rwtd_373,0.020319476138501772,0.0006800197823932492,0.020319476138501772,0,0.0157928466796875,0.768798828125,0.7687988281248828,0.31811380445463683,0.7687988281248828,0,5
rwtd_374,0.0125776857058278,0.0022988505747107563,0.0125776857058278,0,0.01080322265625,0.82452392578125,0.8898729366664646,0.42936643835579674,0.8898729366664646,0,5
rwtd_376,0.278929379910214,0.013588152891732323,0.278929379910214,0,0.1062469482421875,0.333404541015625,0.7275294322078598,0.8714464325973331,0.8714464325973331,1,1
rwtd_377,0.03645937813439712,0.009532171077374222,0.03645937813439712,0,0.0344390869140625,0.91162109375,0.9665974214394819,0.7067168500279289,0.9665974214394819,0,5
rwtd_378,0.0037345947964640028,0.8700807698909863,0.8700807698909863,1,0.158172607421875,0.826080322265625,0.9858873187739061,0.9349132458730978,0.9858873187739061,0,1
rwtd_38,0.14934453538049586,0.038416160171605575,0.14934453538049586,0,0.0642547607421875,0.177886962890625,0.5026992356617122,0.8553071877926558,0.8553071877926558,1,3
rwtd_380,0.025502811105300234,0.0001436486763800239,0.025502811105300234,0,0.0068206787109375,0.263153076171875,0.26315307617183487,0.7639309411839265,0.7639309411839265,1,1
rwtd_382,0.016058773811835344,0.0008524135196747245,0.016058773811835344,0,0.004425048828125,0.234039306640625,0.7751823922501532,0.9306700446190481,0.9306700446190481,1,2
rwtd_383,0.011003631917720521,0.0002365806214183701,0.011003631917720521,0,0.0048065185546875,0.4241943359375,0.8438795436634198,0.8885928026596693,0.8885928026596693,1,1
rwtd_387,0.2756684321356163,0.005487849643931157,0.2756684321356163,0,0.0704803466796875,0.23455810546875,0.7054480019851666,0.9123636162237317,0.9123636162237317,1,1
rwtd_388,0.9385905471790028,0.00042113143980153464,0.9385905471790028,0,0.3385772705078125,0.3598785400390625,0.9385905471790028,0.9665698344628196,0.9665698344628196,1,1
rwtd_389,0.07401431177210817,0.00707816424385238,0.07401431177210817,0,0.0364532470703125,0.4307403564453125,0.8390090976146917,0.8630158481089851,0.8630158481089851,1,1
rwtd_39,0.7426238145412967,0.0020402702521904407,0.7426238145412967,0,0.25994873046875,0.345672607421875,0.7426238145412967,0.8794372917607505,0.8794372917607505,1,2
rwtd_391,0.027731731575554787,0.002036530261565559,0.027731731575554787,0,0.022186279296875,0.7819366455078125,0.9194055034013177,0.6863429968559648,0.9194055034013177,0,4
rwtd_392,0.006992125984249766,0.014089406853361719,0.014089406853361719,1,0.01080322265625,0.47705078125,0.48019941238974806,0.5229492187499202,0.5229492187499202,1,6
rwtd_393,0.12580538575907574,0.012375907047141439,0.12580538575907574,0,0.054962158203125,0.3609619140625,0.36096191406244493,0.6612898063689132,0.6612898063689132,1,1
rwtd_394,0.8859412780653243,0.021785602011942507,0.8859412780653243,0,0.412506103515625,0.42059326171875,0.8859412780653243,0.9172182109905442,0.9172182109905442,1,1
rwtd_395,0.0,0.0,0.0,0,0.0,0.376556396484375,0.37655639648431755,0.6234436035155299,0.6234436035155299,1,1
rwtd_397,0.038724498167675585,0.028519921408165345,0.038724498167675585,0,0.03228759765625,0.2574920654296875,0.2590799961585981,0.7425079345701993,0.7425079345701993,1,4
rwtd_398,0.0014014325755214263,0.7748959333961337,0.7748959333961337,1,0.075225830078125,0.90606689453125,0.9768353763014076,0.7748959333961337,0.9768353763014076,0,2
rwtd_399,0.012498896636947216,0.0,0.012498896636947216,0,0.01080322265625,0.8643341064453125,0.8643341064451806,0.22289911752902555,0.8643341064451806,0,6
rwtd_4,0.0009496145682041393,0.09801434817995835,0.09801434817995835,1,0.0792694091796875,0.19415283203125,0.2749913149209061,0.8058471679686271,0.8058471679686271,1,3
rwtd_40,0.045828293190824265,0.9407881429173902,0.9407881429173902,1,0.826324462890625,0.21588134765625,0.7759999999994601,0.9407881429173902,0.9407881429173902,1,1
rwtd_400,0.0,0.009118752610326773,0.009118752610326773,1,0.003997802734375,0.56158447265625,0.5638385881054381,0.5230872433196954,0.5638385881054381,0,3
rwtd_403,0.058751988025017535,0.00030635046493182686,0.058751988025017535,0,0.0098419189453125,0.162841796875,0.16284179687497516,0.8449959943303068,0.8449959943303068,1,1
rwtd_408,0.0927978716665317,0.0993823694553379,0.0993823694553379,1,0.1068267822265625,0.4196624755859375,0.45164044858527647,0.580337524413974,0.580337524413974,1,6
rwtd_41,0.03888419273029962,0.04068711574667344,0.04068711574667344,1,0.04217529296875,0.0890960693359375,0.13036151346140898,0.9109039306639235,0.9109039306639235,1,4
rwtd_410,0.17982456140348102,0.7667592523082414,0.7667592523082414,1,0.80108642578125,0.3646240234375,0.49643435980530937,0.7667592523082414,0.7667592523082414,1,1
rwtd_411,0.012245080701123269,0.0,0.012245080701123269,0,0.0083465576171875,0.6816253662109375,0.6816253662108335,0.3478363879439597,0.6816253662108335,0,3
rwtd_412,0.010655851465756217,0.9221833765642707,0.9221833765642707,1,0.2600860595703125,0.7399444580078125,0.9719409540073661,0.9221833765642707,0.9719409540073661,0,2
rwtd_413,0.0732348522783947,0.008938424188918303,0.0732348522783947,0,0.0406494140625,0.48260498046875,0.8836607920845255,0.8786145815001236,0.8836607920845255,0,4
rwtd_414,0.0563582721839634,0.0032970539227839555,0.0563582721839634,0,0.0355224609375,0.60369873046875,0.7189224704334826,0.607642922653437,0.7189224704334826,0,3
rwtd_416,0.15442174073915454,0.005638598973994862,0.15442174073915454,0,0.0612030029296875,0.36724853515625,0.367248535156194,0.6689282410036409,0.6689282410036409,1,1
rwtd_417,0.0,0.010354194120966477,0.010354194120966477,1,0.0058746337890625,0.4326324462890625,0.931559943021522,0.9447815047438342,0.9447815047438342,1,4
rwtd_418,0.11222317660676846,0.03294813222250312,0.11222317660676846,0,0.1010589599609375,0.8078155517578125,0.9653065356227403,0.8559749388746516,0.9653065356227403,0,3
rwtd_422,0.9931312391241588,0.0032811403107158564,0.9931312391241588,0,0.4996795654296875,0.496551513671875,0.9931312391241588,0.9931826445276352,0.9931826445276352,1,1
rwtd_423,0.14251359996261062,0.0,0.14251359996261062,0,0.0931396484375,0.6535491943359375,0.9872084624522969,0.9763014763010548,0.9872084624522969,0,2
rwtd_424,0.00896250950265716,4.9056881454033935e-05,0.00896250950265716,0,0.003448486328125,0.3813323974609375,0.5584231087958019,0.7822321689207391,0.7822321689207391,1,1
rwtd_425,0.017591921753301577,0.0961962288792359,0.0961962288792359,1,0.047821044921875,0.6379852294921875,0.9522158085837091,0.9166294416239932,0.9522158085837091,0,2
rwtd_426,0.03734807660903788,0.004552725482956174,0.03734807660903788,0,0.026123046875,0.65240478515625,0.8942418514589244,0.8284346720511448,0.8942418514589244,0,2
rwtd_428,0.023610836464297562,0.0001958096729977982,0.023610836464297562,0,0.0092315673828125,0.3856964111328125,0.38569641113275366,0.6198278384328956,0.6198278384328956,1,1
rwtd_429,0.06255872786409014,0.005974645412324345,0.06255872786409014,0,0.0300445556640625,0.4185791015625,0.8822544283411007,0.9041476587486488,0.9041476587486488,1,1
rwtd_431,0.15785573122524074,0.1511244194573146,0.15785573122524074,0,0.18145751953125,0.3191680908203125,0.3191680908202638,0.6808319091795837,0.6808319091795837,1,4
rwtd_432,0.03809695765999905,0.05425229347987635,0.05425229347987635,1,0.0515899658203125,0.2993316650390625,0.37495828466536485,0.7006683349608306,0.7006683349608306,1,4
rwtd_434,0.00943912448700226,0.4996967654984839,0.4996967654984839,1,0.233673095703125,0.5544891357421875,0.7071491963315832,0.4996967654984839,0.7071491963315832,0,2
rwtd_436,0.007534752855335718,0.0,0.007534752855335718,0,0.00482177734375,0.6399383544921875,0.6802458379445969,0.629475005457152,0.6802458379445969,0,2
rwtd_437,0.0023735509854061264,0.9796229189638256,0.9796229189638256,1,0.2869873046875,0.711822509765625,0.9917240790902904,0.9796229189638256,0.9917240790902904,0,2
rwtd_44,0.009847244953625246,0.005814744287266793,0.009847244953625246,0,0.00811767578125,0.5567779541015625,0.8097243695684786,0.7969852104662125,0.8097243695684786,0,2
rwtd_440,0.864882656419702,0.13368265073858732,0.864882656419702,0,0.995574951171875,0.863189697265625,0.864882656419702,0.13681030273435413,0.864882656419702,0,1
rwtd_441,0.15107120632942467,0.00419862285170229,0.15107120632942467,0,0.13079833984375,0.857086181640625,0.9668299041711939,0.8232090883477389,0.9668299041711939,0,3
rwtd_442,0.0,0.5182443151768124,0.5182443151768124,1,0.11962890625,0.7691650390625,0.8771701222548429,0.6756072874490507,0.8771701222548429,0,2
rwtd_443,0.03648582968809619,0.07887807670282898,0.07887807670282898,1,0.043731689453125,0.899932861328125,0.8999328613279877,0.10036731383865218,0.8999328613279877,0,3
rwtd_444,0.007151984830370759,0.004414631349613339,0.007151984830370759,0,0.0064697265625,0.7391510009765625,0.9778820237431892,0.9403043091953908,0.9778820237431892,0,2
rwtd_447,0.027372549019597108,0.11243299777746277,0.11243299777746277,1,0.089385986328125,0.31036376953125,0.356882271741186,0.7367762540538438,0.7367762540538438,1,4
rwtd_448,0.057606902677306934,0.0011152001784317178,0.057606902677306934,0,0.0283203125,0.48040771484375,0.5865868040467423,0.7143561702582365,0.7143561702582365,1,1
rwtd_449,0.04930815198285581,0.0001396999245620017,0.04930815198285581,0,0.02362060546875,0.4774169921875,0.47741699218742717,0.6058178827482781,0.6058178827482781,1,1
rwtd_45,0.01197924145145495,0.30082118992017515,0.30082118992017515,1,0.1229400634765625,0.629852294921875,0.9720581113799099,0.9545490350527945,0.9720581113799099,0,2
rwtd_450,0.0,0.0,0.0,0,0.0,0.40704345703125,0.4070434570311879,0.5929565429686595,0.5929565429686595,1,1
rwtd_451,0.031274433150892705,0.0020549426779136624,0.031274433150892705,0,0.023773193359375,0.74102783203125,0.741027832031137,0.27078057380986204,0.741027832031137,0,3
rwtd_452,0.9048305949403986,0.03891395793498449,0.9048305949403986,0,0.431243896484375,0.3948822021484375,0.9048305949403986,0.9320658998440575,0.9320658998440575,1,1
rwtd_453,0.005219921273316267,0.027170037039587005,0.027170037039587005,1,0.0198822021484375,0.3386077880859375,0.390505007608665,0.7049433839068189,0.7049433839068189,1,3
rwtd_455,0.0,0.013551502919329956,0.013551502919329956,1,0.00286865234375,0.7883148193359375,0.9533222283914579,0.8202167094376815,0.9533222283914579,0,3
rwtd_456,0.007829334865678344,0.0004562800730046224,0.007829334865678344,0,0.005157470703125,0.6371307373046875,0.6371307373045904,0.3645202349368393,0.6371307373045904,0,2
rwtd_457,0.9623413475284394,0.026123046874996014,0.9623413475284394,0,0.6936798095703125,0.6675567626953125,0.9623413475284394,0.9214210308895573,0.9623413475284394,0,1
rwtd_461,0.07316161351823501,0.0065346727786973246,0.07316161351823501,0,0.0339508056640625,0.4040679931640625,0.4040679931640009,0.6283861624040308,0.6283861624040308,1,1
rwtd_463,0.0,0.013999841809694298,0.013999841809694298,1,0.01080322265625,0.22833251953125,0.28411893669492005,0.7728930370552318,0.7728930370552318,1,5
rwtd_464,0.1901426250224986,0.029624293721714063,0.1901426250224986,0,0.100433349609375,0.4025115966796875,0.4025115966796261,0.7056637234924334,0.7056637234924334,1,1
rwtd_465,0.057953410003711146,0.008014095714443552,0.057953410003711146,0,0.0472869873046875,0.77667236328125,0.9528542750782606,0.8546798029551516,0.9528542750782606,0,4
rwtd_466,0.028307813818228958,0.03002466615630686,0.03002466615630686,1,0.029449462890625,0.84466552734375,0.9264750758403622,0.7058105293394341,0.9264750758403622,0,4
rwtd_467,0.014056809905313413,0.005744146156605471,0.014056809905313413,0,0.0110321044921875,0.626312255859375,0.802114946889036,0.7367690657917313,0.802114946889036,0,4
rwtd_468,0.05032683359183184,0.004079421232111394,0.05032683359183184,0,0.0296783447265625,0.5489501953125,0.5489501953124163,0.5488633567412033,0.5489501953124163,0,3
rwtd_469,0.026446117274163624,0.0,0.026446117274163624,0,0.024444580078125,0.92431640625,0.924316406249859,0.14932979970432222,0.924316406249859,0,5
rwtd_47,0.00045536303818208713,0.31184197970663446,0.31184197970663446,1,0.14990234375,0.5205841064453125,0.6989013310795059,0.5609267646422772,0.6989013310795059,0,1
rwtd_471,0.022530036019043555,0.0011539992041380207,0.022530036019043555,0,0.0146636962890625,0.630767822265625,0.7064711484894592,0.5181760642834096,0.7064711484894592,0,4
rwtd_472,0.0874311533260488,0.0013187045046942404,0.0874311533260488,0,0.0412139892578125,0.4618988037109375,0.7589655945307747,0.7762374177437054,0.7762374177437054,1,1
rwtd_473,0.019678957619706037,0.0005101440175802476,0.019678957619706037,0,0.0048675537109375,0.2267913818359375,0.35078224933565344,0.78726039016102,0.78726039016102,1,4
rwtd_474,0.22402819935372095,0.0,0.22402819935372095,0,0.174560546875,0.7791900634765625,0.7791900634764436,0.2739993183625035,0.7791900634764436,0,4
rwtd_475,0.1467395842029946,0.007176980824690757,0.1467395842029946,0,0.0586090087890625,0.36053466796875,0.360534667968695,0.670450331339277,0.670450331339277,1,1
rwtd_476,0.01701180138053128,0.00027602070155255295,0.01701180138053128,0,0.006011962890625,0.3424530029296875,0.7109127068079757,0.8598132758795815,0.8598132758795815,1,1
rwtd_478,0.0013406229707364334,0.06418317091058148,0.06418317091058148,1,0.0196685791015625,0.709747314453125,0.7222714621136785,0.3330590233396367,0.7222714621136785,0,2
rwtd_479,0.05051136059399031,0.0004050550874915707,0.05051136059399031,0,0.0432586669921875,0.854827880859375,0.8548278808592445,0.16147222175040143,0.8548278808592445,0,3
rwtd_48,0.08064809757872189,0.0002659574468083338,0.08064809757872189,0,0.067657470703125,0.838104248046875,0.8381042480467471,0.22995191822728558,0.8381042480467471,0,3
rwtd_485,0.7921905517576917,0.1964059065721146,0.7921905517576917,0,0.985809326171875,0.8063812255859375,0.8063812255858145,0.1964059065721146,0.8063812255858145,0,2
rwtd_492,0.06741493467405466,0.0022400407280126666,0.06741493467405466,0,0.0303955078125,0.4296112060546875,0.42961120605462194,0.5860730450087085,0.5860730450087085,1,1
rwtd_5,0.0,0.013525179856112115,0.013525179856112115,1,0.0093231201171875,0.3106842041015625,0.6411600852037879,0.761806356180905,0.761806356180905,1,4
rwtd_51,0.9783707118160393,1.543090810893983e-05,0.9783707118160393,0,0.5052490234375,0.516387939453125,0.9783707118160393,0.9774248265224433,0.9783707118160393,0,1
rwtd_54,0.0019293994165493187,0.9618257261406588,0.9618257261406588,1,0.337921142578125,0.652557373046875,0.9799149718485627,0.9618257261406588,0.9799149718485627,0,2
rwtd_56,0.009089161655268395,0.013334226748856428,0.013334226748856428,1,0.0111236572265625,0.5496063232421875,0.8138064101187658,0.8061635539026998,0.8138064101187658,0,3
rwtd_58,0.02639198218262072,0.05585073520324482,0.05585073520324482,1,0.04205322265625,0.5205078125,0.90882638215299,0.9051012530432613,0.90882638215299,0,1
rwtd_59,0.01358402813226318,9.754194303547356e-05,0.01358402813226318,0,0.007354736328125,0.5380096435546875,0.8388101670615762,0.8334615055966181,0.8388101670615762,0,3
rwtd_60,0.041381835937493686,0.9410409148221791,0.9410409148221791,1,0.701873779296875,0.339508056640625,0.8781123595501671,0.9410409148221791,0.9410409148221791,1,1
rwtd_63,0.0,0.015023284972233786,0.015023284972233786,1,0.0102386474609375,0.3184814453125,0.3217759962999581,0.6815185546873961,0.6815185546873961,1,2
rwtd_67,0.0040044770550916545,0.0,0.0040044770550916545,0,0.0024566650390625,0.6134796142578125,0.6212816590174121,0.38747227533454875,0.6212816590174121,0,3
rwtd_69,0.0,0.07154304029301982,0.07154304029301982,1,0.03814697265625,0.466796875,0.9467150682264458,0.9547444049877627,0.9547444049877627,1,3
rwtd_70,0.00754950843685525,0.0,0.00754950843685525,0,0.00408935546875,0.5416717529296875,0.9961825632961894,0.9954736071353939,0.9961825632961894,0,2
rwtd_71,0.10696842432725044,0.8647519147517708,0.8647519147517708,1,0.897430419921875,0.1884918212890625,0.4026766674017187,0.8647519147517708,0.8647519147517708,1,1
rwtd_73,4.844022476263117e-05,0.2768749068136941,0.2768749068136941,1,0.1417083740234375,0.4883270263671875,0.6777400890395002,0.5471445169361138,0.6777400890395002,0,1
rwtd_74,5.506153126116922e-05,0.05244551115722222,0.05244551115722222,1,0.0247039794921875,0.529571533203125,0.8499101960067549,0.8246616998629088,0.8499101960067549,0,1
rwtd_76,0.00013790989886605304,0.9920404401494186,0.9920404401494186,1,0.542144775390625,0.4537811279296875,0.9905047476258568,0.9920404401494186,0.9920404401494186,1,1
rwtd_77,0.0,0.0,0.0,0,0.0,0.17938232421875,0.17938232421872263,0.8206176757811248,0.8206176757811248,1,1
rwtd_78,0.0,0.016552015589412217,0.016552015589412217,1,0.0107574462890625,0.3500823974609375,0.4383680197814881,0.6499176025389634,0.6499176025389634,1,4
rwtd_79,0.03265171503955091,0.0015217310618710757,0.03265171503955091,0,0.007293701171875,0.183807373046875,0.6613008483788984,0.9172043391943921,0.9172043391943921,1,2
rwtd_8,0.00013704262025485231,0.013541016526006476,0.013541016526006476,1,0.0076751708984375,0.4377593994140625,0.764719798905585,0.7994808075205284,0.7994808075205284,1,5
rwtd_84,0.0,0.010992478830271133,0.010992478830271133,1,0.006378173828125,0.419769287109375,0.5182157958319771,0.5802307128905365,0.5802307128905365,1,6
rwtd_85,0.00010784494977504964,0.9763174579491379,0.9763174579491379,1,0.3995513916015625,0.590972900390625,0.983866050103922,0.9763174579491379,0.983866050103922,0,2
rwtd_86,0.09867841409687489,0.0003176980506954597,0.09867841409687489,0,0.036102294921875,0.3634796142578125,0.8944966980184532,0.9389631138997988,0.9389631138997988,1,2
rwtd_88,0.08621941809266802,0.0037841460049652,0.08621941809266802,0,0.0594329833984375,0.670867919921875,0.6708679199217726,0.5700830140483797,0.6708679199217726,0,4
rwtd_91,0.006636771300446447,0.01957333171486069,0.01957333171486069,1,0.0132293701171875,0.5005645751953125,0.502976836490976,0.49943542480461134,0.502976836490976,0,2
rwtd_93,0.7916170162056746,0.10672159914547849,0.7916170162056746,0,0.5121917724609375,0.405487060546875,0.7916170162056746,0.8204707029744064,0.8204707029744064,1,1
rwtd_95,0.006943777799108207,0.0,0.006943777799108207,0,0.0033111572265625,0.4768524169921875,0.9442944480647536,0.9488720519537004,0.9488720519537004,1,3
rwtd_96,0.901394355860664,0.034020745863170845,0.901394355860664,0,0.445953369140625,0.423797607421875,0.901394355860664,0.9232486887882528,0.9232486887882528,1,2
