baseline_ari,baseline_iou,image_id,merged_components,proposal_count,union_ari,union_iou,v2_ari,v2_delta,v2_frag,v2_iou,v2_score,v2_var
0.9362596918376475,0.9279993461839816,rwtd_1,1,24,-0.04990243145245818,0.7750986208360982,-0.043894673777160116,3.277423858642578,1.0,0.7896994397875323,2.536632472276688,0.9795364141464233
-0.0006678527554990479,0.18512187871535593,rwtd_101,1,24,0.424963324370103,0.6669878814405986,0.45333507476182916,3.5454373359680176,2.0,0.6874580230670537,2.3699028730392455,1.2789654731750488
0.4039112931747566,0.4658684419690686,rwtd_102,1,24,0.04990253727204732,0.7372141306231085,0.029845522099042027,1.59177827835083,0.0,0.7468776019971614,1.1485396176576614,0.9849748015403748
-0.07189706281557905,0.26520634513916774,rwtd_103,1,24,-0.06947845350019712,0.5433578484159409,-0.07302920718734908,0.9357866048812866,0.0,0.5570770647826879,0.4453020393848419,1.0899657011032104
0.8762128898564749,0.8030116779101718,rwtd_104,1,24,-0.044316093837213265,0.8817729478908365,-0.04333967354913025,3.0532872676849365,0.5,0.9055023193345558,2.4943945884704593,0.9086503982543945
-0.06916256459665963,0.7941894531237882,rwtd_106,1,24,-0.0869657901903701,0.7658081054675815,-0.07749287271627674,1.194108247756958,1.0,0.7823486328113062,0.44279267787933346,1.0029234886169434
0.10819067807089379,0.5642465862167271,rwtd_107,1,24,0.810150877607988,0.908365753307094,0.8541887022092,2.411456823348999,0.5,0.9307275973637688,1.5956299245357513,1.479615330696106
0.047581954850792633,0.44464794464693924,rwtd_109,2,24,0.039185421894602515,0.5836392507716228,-0.03117970343998267,3.5503170490264893,0.0,0.056502098190610875,3.422188822925091,0.28472939133644104
0.8990910734087569,0.8701385041454831,rwtd_118,1,24,-0.02286724827702774,0.684653008921781,-0.054093552052229675,0.6939190030097961,1.5,0.6987402426760975,-0.2392905533313751,1.0737990140914917
0.3987515907432396,0.6579901433165525,rwtd_12,1,24,0.15211599196398914,0.6074601053364369,0.12733599132701282,1.9867913722991943,3.0,0.6035255565169997,0.6734788954257966,0.918472170829773
0.19648222777890686,0.30446439452287255,rwtd_121,2,24,0.016980655002042884,0.8261640729817448,-0.10022485417058964,4.669422626495361,0.0,0.17846548822978045,4.614944373071194,0.12106278538703918
0.877817529852189,0.9403876103104909,rwtd_122,1,24,0.05060940827836877,0.5561788916259351,0.048166937376162934,1.5622477531433105,0.5,0.560521703267415,0.9191850483417511,1.095694899559021
-0.023288320725383775,0.0656980279731003,rwtd_125,2,36,0.03332538001483953,0.4303457536076304,0.8834196118056267,3.5304625034332275,0.0,0.9094795189735556,2.6101505637168883,2.045137643814087
0.2300769085870944,0.25940572894260683,rwtd_128,1,24,0.13527818762372815,0.7017766922061401,0.12160542999873486,1.5452839136123657,0.5,0.7003663975318727,0.9355217456817627,1.0216937065124512
0.5601511141096163,0.804453095326613,rwtd_129,1,24,0.038632343360549944,0.5794346896507139,0.06305535968451749,1.7825196981430054,1.5,0.6105005695895421,0.9202035814523697,0.9162580370903015
0.7779874936243742,0.8754431195588932,rwtd_13,1,24,0.09995315821609196,0.6079144272304635,0.03237230012958561,0.7077956199645996,1.0,0.5654159124625908,-0.044172531366348244,1.0043736696243286
0.9308033259757887,0.9629367934193123,rwtd_134,1,24,0.06977262598137093,0.5758575663456806,0.0565779663036624,0.9314854145050049,2.5,0.5749547024023538,-0.29730600714683536,1.0639809370040894
0.4907703636381985,0.7269590382882709,rwtd_139,1,24,0.19835616610124998,0.5795667786387593,0.18259717593976194,1.5130929946899414,0.0,0.5720714546770558,0.9771748661994933,1.1909291744232178
0.07903441157905758,0.22692052980057312,rwtd_14,1,24,0.0003995275802222096,0.5216474734118028,-0.0006411851652733326,1.3570291996002197,0.0,0.5266375003870324,0.9095225811004639,0.9944591522216797
0.11153619633604023,0.32189345500553646,rwtd_142,1,24,-0.07984090451043495,0.678723209097932,-0.08876137375064756,0.44150635600090027,1.0,0.7007631257620562,-0.32842170596122744,1.0442845821380615
0.1273877357360265,0.5366964364653446,rwtd_149,1,24,0.07967313841954984,0.5863608650421648,0.07992319263956701,1.2773820161819458,0.5,0.5933328612389028,0.6194952249526977,1.1286373138427734
-0.0211691376961114,0.5033260447776426,rwtd_15,1,24,0.07600197014160356,0.6195264298805744,0.085011100423027,1.0680575370788574,0.5,0.6318490867873753,0.44004932045936573,1.062240481376648
0.19329039337967396,0.3205199115031585,rwtd_16,1,24,0.5696532670750731,0.8126618302250749,0.44148573822988535,1.6958731412887573,0.0,0.7429272854787399,1.121904444694519,1.2754859924316406
0.40222631561155364,0.7562127999002757,rwtd_17,1,24,0.03495536392920201,0.6900969143355399,0.0271502895147671,2.1846799850463867,0.5,0.7041365209174203,1.57504500746727,1.0214110612869263
-0.0039086386017376275,0.4667220146664129,rwtd_175,1,24,0.5649525332524192,0.814600205313529,0.6109207651554744,3.0118439197540283,0.5,0.8362185586847127,2.7684830099344255,0.2074686884880066
0.29066566562612006,0.2686337677531949,rwtd_176,1,24,0.4226558847139081,0.8477713507981494,0.5431316318118653,3.0793492794036865,0.5,0.8818914003622034,2.612679421901703,0.7037107944488525
0.11109660833982767,0.2387556893515437,rwtd_178,1,24,0.022597504161950603,0.535295833117981,0.012695555677155067,2.1982011795043945,0.5,0.5324927579904347,1.6529308766126634,0.8783784508705139
0.00021539439367717942,0.41722402896174565,rwtd_18,2,24,0.42941027689595423,0.568939245944251,0.8298022781754189,4.2868475914001465,0.0,0.8442274554805042,3.3436143517494203,2.096073865890503
0.34699475712820077,0.6104985965199221,rwtd_180,1,24,0.104824654294525,0.583844503818568,0.08909674617790825,1.1144773960113525,0.0,0.5751148488430367,0.6406536936759948,1.0529415607452393
3.442992337049044e-05,0.6803387502850685,rwtd_181,1,24,0.00023563214890295298,0.8971541924148971,0.0002872988957086332,2.163179397583008,0.0,0.9124132143115703,1.7123912572860718,1.00175142288208
0.6802802914454698,0.8246755229780892,rwtd_182,1,24,-0.0004185304725310188,0.48722420441194986,-0.0005526216580770827,1.4633218050003052,0.0,0.48992947455287833,1.0184788882732392,0.9885398149490356
0.04477243678769855,0.18443452285297132,rwtd_183,1,24,-0.0031032941383725317,0.5389597464431123,-0.0014314007738731084,1.805134892463684,0.0,0.5462694316334082,1.356354868412018,0.9972889423370361
0.0,0.0,rwtd_184,1,24,0.0005973396770133482,0.9536736095201744,0.0009889104514551193,1.2114322185516357,0.0,0.9709620813291051,0.7718077272176742,0.97694331407547
0.06661760279943214,0.1484415488259849,rwtd_185,1,36,-0.010693812917043435,0.5616602245527921,-0.011215796067046663,1.3190546035766602,0.0,0.5650879443010793,0.8663759350776672,1.0059525966644287
0.05506031541839355,0.31670024563156046,rwtd_186,1,24,0.0362719650989802,0.5622764171701942,0.042003240291608936,1.6702755689620972,0.0,0.5725886585564972,1.2385321050882339,0.959429919719696
0.0002507177998854389,0.08647374549147623,rwtd_188,1,24,0.000505809114218047,0.4949443882701988,0.0006602845624044458,0.7449324131011963,0.5,0.5002587545274197,0.1494668483734131,0.9899234771728516
0.06391177059994982,0.3553924560541452,rwtd_189,1,24,-0.07033098862325193,0.7665710449207053,-0.07069069858413148,2.550290107727051,0.5,0.7794494628894356,1.9759457051753997,0.9429875612258911
0.050873354817875124,0.2528055138280086,rwtd_194,2,36,0.20199512512836876,0.6312852587674121,0.007673683469447432,2.3573038578033447,0.0,0.10270741308301719,2.2341610535979273,0.2736506760120392
0.0,0.0,rwtd_197,1,24,0.11523819909211647,0.6464001087518115,0.11097535498208726,1.7659673690795898,0.5,0.647259985511283,1.2061487108469011,0.9107081294059753
0.1241388335058749,0.28830904777943644,rwtd_2,1,36,0.16356699368746622,0.6316568047325298,0.1361652379657257,3.0726304054260254,1.5,0.6262585801929497,2.2678939402103424,0.7883032560348511
-0.012760225734240979,0.6805873903598902,rwtd_200,1,24,0.9436868784757633,0.954752927163352,0.9501218529193634,2.7798471450805664,0.0,0.9600257578712105,1.8185173630714417,2.1362884044647217
0.0009319176162379909,0.025835064975263358,rwtd_201,1,36,0.0009629560513380955,0.49870175382624415,0.00019979544000206837,1.008604645729065,0.0,0.49786152802029915,0.5637829720973968,0.9884926080703735
-0.06675056171964643,0.18753724918838147,rwtd_202,1,24,0.9730762919182679,0.9788845201641722,0.9672672448307412,3.6739256381988525,0.0,0.974462754163176,3.218660515546799,1.0117002725601196
0.11271474483880527,0.5882855515462535,rwtd_205,1,24,0.20340446434672818,0.6622700254728516,0.9646705536479586,3.3684637546539307,0.0,0.9837411954648411,3.244270583987236,0.27598482370376587
0.9926890534210928,0.9961760300787222,rwtd_207,2,36,0.002036216308708814,0.521722241212403,0.9414930514302279,4.731809616088867,0.0,0.9689771712760841,4.615730892121792,0.2579527199268341
0.922634069439624,0.9641798487382215,rwtd_210,1,24,0.003902029513679488,0.4858361833687673,-0.004522310991644753,0.8705230355262756,2.0,0.4747689295247917,-0.18507977724075314,1.0124506950378418
0.0015039448983145446,0.5710243783064096,rwtd_213,2,24,0.0014351898311004364,0.5657791397807632,0.9900111023158359,4.676217079162598,0.0,0.9941852219508077,4.141305905580521,1.18869149684906
0.1651665230003222,0.348670894614935,rwtd_214,1,36,0.284212008698242,0.6987608940520963,0.2968348025012567,2.834707260131836,0.5,0.7063728880531442,2.285209956765175,0.8877717852592468
0.13572682550875148,0.6409170638354371,rwtd_215,1,24,0.3408726416257103,0.7343196663242025,0.707089770113413,2.0325095653533936,1.0,0.8791287975619368,1.3351755172014237,0.882964551448822
0.0669856784563618,0.5862848917894647,rwtd_216,1,24,0.016844469008164335,0.5047989351259199,0.012101767673455605,1.1999306678771973,0.0,0.5031433541733354,0.7934083104133606,0.9033830165863037
0.06510338386141323,0.5426306971130055,rwtd_219,1,36,-0.0011896197836424168,0.5302698312971664,-0.0006392309891561692,2.644059419631958,0.0,0.5344047910038279,2.195022466778755,0.9978598952293396
0.9638302037203728,0.9799799129528625,rwtd_22,1,24,0.11024810553448193,0.5607062237976445,0.08658213264852713,1.5572540760040283,1.0,0.5523486795969612,0.7919910728931427,1.033917784690857
0.6683847182914927,0.8101920939805994,rwtd_221,1,36,-0.0009347377575860604,0.5089700182303418,-0.0008501162798174613,1.311557412147522,0.0,0.5119045800935996,0.8626776367425919,0.9975106120109558
0.9135206970310382,0.9167397020100366,rwtd_222,1,24,-0.03141168205374253,0.7288479741065481,-0.014826650799960093,1.8928258419036865,0.0,0.7447967529285511,1.4435208290815353,0.9984555840492249
0.4118283713035045,0.7365692742679041,rwtd_224,1,24,0.08550452235519587,0.5817712749633193,0.10775244443254048,3.5086560249328613,0.0,0.5984967344098251,3.167416113615036,0.7583109140396118
-0.0033833563506111483,0.0021543764618949983,rwtd_228,3,24,0.13029224834799394,0.9095161885988712,-0.002331751925783568,4.887281894683838,0.0,0.4618059830104921,4.567291113734245,0.711090624332428
0.008358615176789552,0.03404760192696467,rwtd_229,3,24,-0.017473792881602845,0.4985528219963381,0.9818800282955529,5.160434246063232,0.0,0.9891470609622363,4.933054831624031,0.5052875876426697
0.9579099462624744,0.9777494014334309,rwtd_236,1,24,0.0053173118157253205,0.5352313278649358,0.00618391036991681,1.4254285097122192,0.0,0.5407907635325426,0.9718662679195404,1.0079160928726196
0.9576712258777283,0.979703514966183,rwtd_237,1,24,-0.0010448265927689067,0.49355526706155173,-0.0011026243223553125,3.344813108444214,0.0,0.4976424874437535,2.9091962397098543,0.968037486076355
-0.00270627514600254,0.5416259765616735,rwtd_238,2,24,0.004167140061034053,0.5474603718343442,0.927497976266001,3.2408533096313477,0.0,0.9591616321814467,3.053013947606087,0.41742080450057983
-0.036870619182707384,0.3371258440102484,rwtd_24,1,24,-0.06274591454063772,0.5420598211524175,-0.08432414431631631,0.9593958854675293,1.5,0.5891590678815677,-0.008625954389572144,1.151159644126892
0.6406340245965265,0.8489631549693367,rwtd_240,1,24,-0.006292052280592167,0.486095055652003,-0.007376310356021653,1.3786497116088867,0.0,0.4909037366656454,0.9918540358543395,0.8595459461212158
0.14532028078348305,0.1512748756207146,rwtd_243,1,24,0.4752967471671573,0.41674232794246646,0.5723275147999483,2.219423294067383,0.0,0.49563718624910436,0.26351721286773677,4.3464579582214355
0.6741623096433935,0.888765338944266,rwtd_244,1,24,0.32618734818660944,0.5358620461373056,0.31058370149029463,1.0612120628356934,0.0,0.5277913610414742,0.40968938469886773,1.4478281736373901
-0.035897124810031544,0.09657219722599246,rwtd_245,2,36,0.01133527190138723,0.6125933490767017,0.6911606555293908,3.9176406860351562,0.0,0.7907242839132281,3.5227066785097123,0.8776311278343201
-0.0018933589089922158,0.04677697043961955,rwtd_246,1,36,-0.0006446681279539104,0.5087509697431982,9.653520896976162e-05,1.4691264629364014,0.0,0.5166679533690779,1.0196496278047562,0.998837411403656
0.7463617996155766,0.8544231459985814,rwtd_247,2,36,0.0953305704543102,0.6033903078726902,0.9567750077302914,4.554100036621094,0.0,0.97963421224513,4.184719032049179,0.820846676826477
0.10597918203421988,0.4584103512003337,rwtd_25,2,24,0.5762640205423553,0.7610571246911844,0.6253896103822887,2.47908091545105,0.0,0.7858994783344707,2.0119576930999754,1.0380516052246094
-0.03677567967131537,0.2969586657912401,rwtd_250,1,24,-0.03511433777886565,0.5508426163944415,-0.0403456713108509,3.053464412689209,1.0,0.5500977671241484,2.339699071645737,0.9194785356521606
0.0014755488279535151,0.05289156626490093,rwtd_251,1,36,0.005536566832740783,0.5072685290570307,0.0048094474078097275,1.7564796209335327,0.5,0.5108624094791007,1.1505102038383486,1.0132653713226318
0.9715932010147263,0.9682399999922541,rwtd_252,1,24,-0.013591939114010944,0.7937120203260417,-0.008119781969688737,2.0501818656921387,0.0,0.8096008300768897,1.6004088878631593,0.9994955062866211
0.5642837599852611,0.7542357551982085,rwtd_253,2,24,-0.008763563378224738,0.5182420036683126,0.8645921448665124,3.7538158893585205,0.0,0.9168115941995767,3.2178720116615294,1.1909863948822021
0.39346122219930557,0.7044144013163144,rwtd_254,1,24,-0.0001900948731692021,0.554342340688238,7.336181792320795e-05,1.8602709770202637,0.0,0.5562170826645962,1.410188364982605,1.0001835823059082
0.9415528348539203,0.9704541309472599,rwtd_256,2,24,0.0019103038485082213,0.5086420527612086,0.9833460330419198,4.720283508300781,0.0,0.9916770450442219,4.477446335554123,0.5396381616592407
0.9796280946567065,0.9863628940021788,rwtd_257,1,24,-0.0056448983226770125,0.6103787983895127,0.001284561204823263,1.5971101522445679,0.0,0.6286006972041028,1.1473367989063263,0.999496340751648
0.003681306763658946,0.07709771437313362,rwtd_258,1,24,0.0018812264653139303,0.4947805515567443,-0.0012786585775955935,1.1916475296020508,0.0,0.4900090974064429,0.7486469149589539,0.9844458103179932
-0.06789496749561118,0.2701549468778524,rwtd_259,1,36,0.9709180821196951,0.9758429009248488,0.9719764119653803,5.483237266540527,0.0,0.9767272727221988,4.840865695476532,1.427492380142212
0.9561189969319525,0.977608722431386,rwtd_260,1,24,0.005573431441163893,0.5179483088696267,0.00195816882422746,2.687741994857788,0.5,0.5137406846118179,2.1052155941724777,0.9611697793006897
0.8479744623902096,0.9110256762291946,rwtd_261,1,23,0.19026190920267308,0.6680209149362021,0.17952358600185359,2.078730821609497,0.5,0.6653469622792518,1.4413840651512146,1.0829927921295166
-0.00617972721074247,0.1641604350777317,rwtd_262,2,24,0.0002113954155869683,0.4860796681923683,0.9449817883113084,3.244375467300415,0.0,0.9689969811031884,3.0482652992010117,0.43580037355422974
0.12263204117222017,0.3189033189022963,rwtd_263,1,24,0.22448239993572708,0.6620088707448639,0.19882880497657152,2.7491259574890137,0.5,0.6524223078532765,2.258726489543915,0.7564432621002197
-0.10423979233488896,0.1800747292965913,rwtd_265,1,36,-0.077839242134432,0.725494384764518,-0.06298463824746489,1.1388291120529175,0.0,0.7455139160144875,0.6836189746856689,1.01157808303833
-0.00031472280681575757,0.028157251088623284,rwtd_268,2,24,0.0017891288559935758,0.5076445858059367,0.9528393141990631,2.8026535511016846,0.0,0.9765854242739787,2.7538991283625363,0.10834316164255142
0.7592503572936736,0.8633578629984654,rwtd_269,1,24,-0.002107018914693795,0.47917318645478,-0.0023536765637750716,1.1075721979141235,0.0,0.48498577436837426,0.6681778937578201,0.9764317870140076
-0.039839518162418985,0.5268339057891823,rwtd_27,1,24,0.9364375605346222,0.9570834691842309,0.5819148974323031,1.8710674047470093,0.0,0.6878451908493726,1.3001248300075532,1.2687612771987915
0.022104809723905244,0.12369858026893447,rwtd_270,1,24,0.06448175250630053,0.42930512886557703,0.076402143897873,2.5329513549804688,0.0,0.4563338936093929,2.279538795351982,0.563139021396637
0.8239191453742196,0.9228432873891709,rwtd_274,1,24,-0.006016625375750795,0.5063710418705721,-0.005415890667232794,2.050062417984009,1.0,0.5143411586512143,1.308907163143158,0.9803450107574463
0.18532570037726967,0.3196737460092215,rwtd_276,1,23,-0.05843669993614071,0.5736324101616332,-0.051510168124386,0.5563364624977112,0.5,0.5969085693350267,-0.059742093086242704,1.0357301235198975
0.0,0.0,rwtd_28,1,24,0.016371515935025442,0.5226608309241031,0.010845283786806362,1.9603638648986816,1.0,0.5180204587614435,1.2243064701557158,0.969016432762146
0.4785684982766813,0.7329841546947782,rwtd_280,1,24,0.023660096404553774,0.4902119489506264,0.013471897160405633,1.0700609683990479,1.0,0.48666152942813984,0.29546355605125424,1.0546609163284302
0.010752583606134684,0.18922951327255796,rwtd_281,1,36,-0.004042602538791496,0.48168268779083556,-0.004455876341546036,2.5080008506774902,0.5,0.4868345602472114,1.91028628051281,0.9949212670326233
0.0,0.0,rwtd_282,1,24,0.5872315090201355,0.7958949753410745,0.5888193083780838,1.9818319082260132,0.0,0.7976427490621495,1.3993043899536133,1.2945055961608887
-0.02025730036288817,0.12462561180479552,rwtd_288,1,36,0.004517381819976077,0.4718559251143882,0.00673312870595094,0.7375000715255737,1.5,0.48738873711027164,-0.11536442339420316,0.8952544331550598
0.8092131037557886,0.7699970700188494,rwtd_293,1,24,-0.051958286660222,0.8084687270938058,-0.03917189666218678,0.6742810606956482,0.0,0.8255004882799903,0.22436428964138028,0.999815046787262
0.10378266959873936,0.2390711338034585,rwtd_294,1,24,0.0793091464225564,0.5903233778143926,0.06830024551660581,1.095102071762085,0.5,0.5917325541412999,0.4691084623336791,1.0577635765075684
0.37992932841512206,0.6485609599176333,rwtd_299,1,24,0.11593956092356435,0.5687524989992628,0.1031006905015848,1.392352819442749,1.5,0.5677444487717808,0.48351161479949956,1.0196471214294434
0.04704423398836296,0.4374944763578491,rwtd_3,1,24,0.3219083907204034,0.647804853738357,0.3650889872284517,0.5329751372337341,0.5,0.6774965118579891,-0.23586557507514957,1.3752015829086304
0.0802684807466176,0.5599093997724426,rwtd_30,1,24,0.003650224754804525,0.49596876856403976,-0.0029902254855175225,1.155990481376648,0.5,0.4863284808126955,0.5517537176609039,1.0094150304794312
0.006752147290809897,0.028684605928053938,rwtd_300,2,24,0.0008808203809567316,0.5446850729369763,0.9515199731278152,3.4111721515655518,0.0,0.9725793799632598,3.326616035401821,0.18790248036384583
0.92175102536154,0.956708810482039,rwtd_302,1,36,-0.0075964161868762176,0.5110498506769109,-0.0067723860415702325,3.1407384872436523,0.0,0.5224215588968281,2.693484130501747,0.9938985705375671
0.9829866510189538,0.9881520627301903,rwtd_303,1,24,-0.00017388227390584873,0.6333441073700061,-0.002527363734783347,2.1878201961517334,0.5,0.6380723702311839,1.5881926208734514,0.9991723895072937
0.044964269574543254,0.5204146196208865,rwtd_304,1,24,-0.01520864095843318,0.4311657609523331,-0.036510459959882564,0.40390798449516296,0.5,0.45818248757369734,-0.21040546298027038,1.0318076610565186
0.7872614491385975,0.7684016014723714,rwtd_308,1,24,-0.05008393455475093,0.5389537248513204,-0.07350228102899535,2.3148155212402344,1.0,0.563391588957322,1.5889595866203308,0.9463465213775635
0.02358038025858082,0.5442463265634072,rwtd_310,1,24,-0.08304806995156197,0.7046357413508363,-0.09046382941611791,1.9748566150665283,0.5,0.753372192381663,1.3533695459365847,1.0477490425109863
0.9215456912284967,0.8896029705671293,rwtd_311,1,24,0.09361740441823906,0.8847938342953606,0.06544970485970575,2.090693950653076,1.0,0.8943564721032125,1.3552943408489226,0.9675546884536743
0.8525079925279171,0.7919398688502809,rwtd_315,1,24,0.08770675216521698,0.9005135775119161,0.08917330113195386,3.47769832611084,1.0,0.9110053722165602,2.7316331535577776,0.9912559390068054
0.05328967076135249,0.6858590436713946,rwtd_318,1,24,0.25665538880197736,0.7747052953798185,0.23625648278123076,2.7416746616363525,1.0,0.7829991714982883,2.0736987590789795,0.8177242279052734
0.4478407729233144,0.7036905315549922,rwtd_319,2,36,-0.003915333421639075,0.47592690362164974,0.952410807507439,4.814957618713379,0.0,0.9728502116204781,4.5262659102678295,0.6415371298789978
0.10372738108222407,0.24951843698318135,rwtd_321,2,24,0.027267619515225047,0.5798990479832281,0.21131405575350518,2.396768808364868,0.0,0.39861458797572574,2.302045027911663,0.21049728989601135
0.29773831333060846,0.6659108766401034,rwtd_322,1,24,0.5318708823215599,0.7204680944998251,0.5337683867597262,3.046377182006836,0.0,0.722423288746743,2.467174905538559,1.2871161699295044
0.24583085535746638,0.537293359482944,rwtd_323,1,24,0.38753086499599804,0.7078707421913643,0.37354816983730965,2.3877084255218506,0.0,0.7023623151139043,2.0215590804815293,0.8136652112007141
0.7553201252458728,0.8618412575671246,rwtd_324,2,24,0.42098975230159835,0.7429254772212819,0.04650177887641324,2.3043735027313232,0.0,0.1699697354285204,2.014390283823013,0.6444071531295776
0.3796852023216172,0.5845552944272465,rwtd_325,3,24,0.5076232434581693,0.7810538064437961,0.7188391719497429,3.6029911041259766,0.0,0.8719463638910017,3.020784002542496,1.2937935590744019
0.04453835804699591,0.13697832859688117,rwtd_327,1,36,-0.004052446347351652,0.4826688610477905,-0.008171139677011332,2.045747756958008,1.0,0.48657144601036656,1.3279526382684708,0.9284335970878601
-0.09421420801842778,0.13138157650441581,rwtd_328,1,24,0.2562089004207785,0.4192888206687158,0.2286021797114267,3.302388906478882,0.0,0.4046964247923112,2.6658894419670105,1.4144432544708252
0.09599289661694742,0.2849360192566675,rwtd_329,1,24,0.04562087797092936,0.5666852160999533,0.042012618979361385,2.183675527572632,0.0,0.564401435614389,1.7124935328960418,1.047071099281311
-0.07325622376211208,0.07834385659322457,rwtd_33,1,24,0.9485617512157251,0.9381014063569754,0.9488761773436472,3.4471657276153564,0.0,0.9384828862077845,3.19991457760334,0.5494470000267029
0.25832544740305674,0.3780014552495028,rwtd_330,2,24,0.6460212883701495,0.8601341869828536,0.02548607820153383,2.58357572555542,0.0,0.0490188128444331,2.4948003068566322,0.1972787082195282
0.8901488912883689,0.9117200137203484,rwtd_331,1,24,-0.01718189809974528,0.6739666491990969,-0.021636261043137983,1.0209112167358398,0.5,0.6875286285756137,0.4124720752239227,1.0187536478042603
0.3459374571793813,0.5525461180469632,rwtd_332,1,24,0.8445279783748295,0.8924928600534782,0.8539210824036555,3.7203404903411865,0.0,0.8998703298448015,2.902467316389084,1.8174959421157837
-0.038802184676981245,0.10281153204645506,rwtd_334,1,24,-0.027123603344721126,0.49026922344198,-0.03378886196367617,0.9929375052452087,2.0,0.5092633160159772,-0.031075564026832647,0.9422512650489807
0.6718692477227668,0.6927836243743912,rwtd_337,1,24,0.005941402606371557,0.42051344968189963,-0.011353481296712147,3.0253374576568604,0.0,0.4387110587724797,2.4529326498508452,1.2720106840133667
0.0015280963623113414,0.40702910678167836,rwtd_34,1,24,0.15820150841594127,0.6937307473873346,0.16658539366465086,2.2796311378479004,0.0,0.7059415911367608,1.8684952199459075,0.9136353731155396
0.3808380484052556,0.6572147329833551,rwtd_342,1,24,0.7212594673980037,0.8510689623952867,0.6832613106648799,3.1625890731811523,0.0,0.8329855089479057,2.72323816716671,0.976335346698761
0.5704904802134498,0.664050032345637,rwtd_343,1,24,0.40714300610852505,0.5549130734450681,0.40035896821925376,3.755380868911743,0.0,0.5550794903575935,3.064122658967972,1.536129355430603
0.8751597086260814,0.8962163263181941,rwtd_344,2,24,0.005286493525129781,0.7063943600990903,0.5341345168349648,3.4216203689575195,0.0,0.8172652540405856,3.248102729022503,0.38559475541114807
0.408723578021279,0.7943781784543793,rwtd_345,1,24,-0.040163739726532637,0.4900070428038344,-0.053379839863449886,0.803148627281189,2.5,0.5194391627625725,-0.4483290791511536,1.1143949031829834
0.6723227893930896,0.7890056298605479,rwtd_346,1,24,-0.006197297276194189,0.44086086327377044,-0.02709852368708538,1.7041599750518799,0.5,0.4516035430658955,1.053002256155014,1.113683819770813
0.6406042136050097,0.8294793920570674,rwtd_347,1,24,0.06988141352114112,0.5294912022867508,0.061075906466802096,2.126119613647461,0.5,0.528525422073722,1.4729726612567902,1.118104338645935
0.926497932888784,0.9353338500667958,rwtd_348,1,24,0.02645856914588815,0.6849529780553418,0.02822933234165947,3.1279101371765137,2.0,0.7115906750293175,2.0940960347652435,0.9640313386917114
-0.03828080111962499,0.45977783203054845,rwtd_349,1,24,-0.016188167557782695,0.683853149413019,-0.005529384647217328,1.6232903003692627,0.0,0.6940765380848785,1.1718237221240997,1.0032590627670288
0.800867588683953,0.8439228445231516,rwtd_350,2,24,0.03327714764469413,0.7179383621214149,0.8013028129543891,3.8838789463043213,0.0,0.8227889847698412,3.694127209484577,0.421670526266098
0.0046254731590105415,0.5212702499049962,rwtd_351,2,24,-0.000165468265977855,0.49266260319343774,0.9411975125627904,4.87864875793457,0.0,0.9705687631628932,4.861769893206656,0.037508588284254074
0.03377923306268061,0.684282146515298,rwtd_352,1,24,0.815703562825463,0.9396966778989333,0.8246698228749935,3.7777299880981445,0.0,0.9428519848335248,3.343235033750534,0.9655443429946899
-0.014157105441861273,0.4611833596772863,rwtd_357,1,24,-0.006482117695240921,0.5892443421548305,-0.0027011038462028537,1.1577372550964355,0.0,0.5990094469402931,0.7078171044588089,0.9998225569725037
-0.0286129244389412,0.11782204851477472,rwtd_358,2,24,0.6436128614315347,0.9642500435959791,-0.04517855047239255,4.594644069671631,0.0,0.07251454571385368,4.516242329031229,0.1742260903120041
0.028635462770406732,0.15031511922503307,rwtd_359,1,24,0.8480963910104673,0.9332904056640482,0.8321888082746193,3.8954684734344482,0.0,0.9265806616402438,3.426986926794052,1.0410701036453247
0.9133141527782086,0.9086906308581731,rwtd_36,1,24,-0.03256346835368348,0.7397300289023742,-0.028408652093583647,1.8115688562393188,0.0,0.7679397706263184,1.360360038280487,1.0026862621307373
0.0012223790202395362,0.042335899145274455,rwtd_362,3,24,0.01960048032947839,0.5334635890973715,0.007379457079157125,2.8881285190582275,0.0,0.09249325696247387,2.8476711813360454,0.08990519493818283
0.03845216990088017,0.06853491480091657,rwtd_363,1,24,0.2141146058712891,0.7140530237381493,0.18973540794891872,3.4778952598571777,0.0,0.7078005006203146,3.0139333963394166,1.0310263633728027
0.7192925823704247,0.8954854140842791,rwtd_364,1,24,-0.03271342482409054,0.48391356924566586,-0.04966336883585574,0.913910448551178,0.5,0.5030722563576214,0.24477484822273257,1.1536346673965454
0.4556933273774012,0.6075765477143427,rwtd_365,3,24,0.6702171397603909,0.8548095261361074,0.7817367724474876,4.035865783691406,0.0,0.9026273926184055,3.545793044567108,1.089050531387329
0.2783860866415369,0.5561896022695031,rwtd_366,1,24,0.2935225140251328,0.6599628572707796,0.29523459173314764,1.583587646484375,1.0,0.6671782893990275,0.729158627986908,1.2320644855499268
0.4759620703088824,0.6073411838816615,rwtd_367,2,24,0.3436184673831623,0.7455173737747254,0.8782717535711482,4.1158366203308105,0.0,0.9495346381450614,3.5923483312129973,1.1633073091506958
0.1370618412222935,0.2650996836597326,rwtd_371,2,24,0.3413862000321171,0.7368729603487447,0.35947691324651937,3.508788824081421,0.0,0.7446724779112086,3.0216515481472017,1.0825272798538208
0.4760753536904556,0.5951211525843356,rwtd_373,2,24,0.022071639126848824,0.39752502780806215,-0.06113442001717428,3.4765007495880127,0.5,0.07734412184658626,3.2255839563906195,0.22425954043865204
-0.0949552759063977,0.2960618846689317,rwtd_374,1,24,-0.06067158678474112,0.530648714432347,0.33017720017203095,1.8209000825881958,0.0,0.4498099801699859,1.4229133993387222,0.8844148516654968
0.06316425086405975,0.09418181818139008,rwtd_376,1,24,0.9064233667708156,0.964408252891339,0.922762438918448,2.9958229064941406,0.0,0.9707732064834752,2.473622614145279,1.1604450941085815
-0.07552723039567001,0.11923475701508539,rwtd_377,3,17,0.29207345803356694,0.307628671037596,-0.07263628558004352,3.318053722381592,0.0,0.08561529191201524,2.743997210264206,1.2756811380386353
0.2516913059417762,0.2699163803703253,rwtd_378,2,24,0.6432971219829827,0.9081578668907908,0.2377683807119887,5.441691875457764,0.0,0.19652570626253266,4.919066721200943,1.1613892316818237
0.05795778965439111,0.6412026689172979,rwtd_38,2,24,0.5165898771914474,0.49996410366501565,0.17823113749980576,6.187041759490967,0.0,0.14688782489614494,4.746506905555725,3.201188564300537
0.15340154851758778,0.16610305496551783,rwtd_380,1,24,0.8681360403781885,0.9554865424410859,0.870591646068976,2.7528469562530518,0.0,0.9563579147841572,2.2208985507488253,1.1821075677871704
0.7179187585772929,0.7270150357362151,rwtd_382,3,24,0.4753909158123046,0.8527915243590075,0.2345760991503477,4.227625370025635,0.0,0.23249551166816815,4.212132548540831,0.034428492188453674
0.31667019245037603,0.4985154814064099,rwtd_383,1,24,0.1727852079800849,0.6623586429713474,0.1626852223761934,1.7966361045837402,0.0,0.660381705090003,1.2948882460594175,1.1149952411651611
0.126816574271104,0.2497922552756781,rwtd_387,1,24,0.6857075415298836,0.8963341991662669,0.7249145340274035,3.192481756210327,0.0,0.9112475633510502,2.8688659965991974,0.7191461324691772
0.1643602255076707,0.24934736842000274,rwtd_388,1,24,-0.01478806256875984,0.593336553894137,-0.026174028220677232,0.5961049199104309,0.0,0.5953356348283922,0.15574161410331727,0.9785851240158081
0.3041328497138664,0.5766680122236991,rwtd_389,2,24,0.3564757515750758,0.7164137337192629,0.12077816548880274,3.092409610748291,0.0,0.26001415428075014,3.083114827796817,0.0206550732254982
-0.02754352136868605,0.24754112629417804,rwtd_39,1,36,0.0013541943287209601,0.41123896771244833,-0.011615276121343908,0.787456750869751,0.0,0.4339338386875037,0.32402655482292175,1.029844880104065
0.0290493949707085,0.4968105565807323,rwtd_391,1,24,0.0436328176940623,0.3778039775365676,0.01673038179544645,1.1158673763275146,0.5,0.40523598819996737,0.3325535178184509,1.4073641300201416
0.1308487813504276,0.3388644352248682,rwtd_392,1,24,0.8971370359292969,0.9502214298011439,0.8971947629148035,5.066335678100586,0.0,0.9504198549825168,4.602353644371033,1.0310711860656738
0.31396910604664924,0.4233930453090689,rwtd_393,3,24,0.5560924247325112,0.8270366866375969,0.8419826708594681,3.79795503616333,0.0,0.9362664960766311,3.3196370780467985,1.0629287958145142
0.0,0.0,rwtd_394,1,24,0.9440688054340748,0.9757574176013785,0.9429997220757059,3.505584716796875,0.0,0.975323761625517,2.9014570474624635,1.342505931854248
0.0,0.0,rwtd_395,1,24,0.8461052081886595,0.935826521119644,0.8555658098195431,3.6855127811431885,1.0,0.9399383229699448,2.8865230917930607,1.1088659763336182
0.04432696037712082,0.0649030377756703,rwtd_397,1,23,0.6963002358511372,0.891535315754112,-0.00411439547098359,2.226562976837158,0.0,0.4344341464408162,1.9832865923643113,0.5406141877174377
0.18602895026869617,0.1536992840077124,rwtd_398,1,24,-0.040393380014212124,0.8665282062232881,-0.022805405502736676,2.0956952571868896,0.0,0.8914489746080148,1.6530166685581207,0.9837301969528198
-0.07946933297395091,0.08747462264968227,rwtd_399,1,24,-0.01974880574020276,0.36715451014912215,-0.019605745551290656,3.0180153846740723,0.0,0.3712522045849083,2.423480582237244,1.3211884498596191
-0.0885980911008304,0.5555284168095691,rwtd_4,1,24,0.3647786912413855,0.49816951850179797,0.3215623622304112,1.8976582288742065,0.0,0.4758981697654745,1.1032321751117706,1.765391230583191
0.038711560340664856,0.09756365232606692,rwtd_40,2,36,0.13110707109002914,0.37923250564221445,0.2633309043174153,1.6823753118515015,0.5,0.4491267368994815,1.1323499619960786,0.8889452219009399
0.5953046095933597,0.8237567758641909,rwtd_400,1,24,0.010830674070411214,0.45021776754892595,0.00559783288758877,2.057077407836914,1.5,0.4471631205665413,1.1341347575187684,1.0509836673736572
0.3197731806996926,0.826759628152678,rwtd_403,1,36,0.7558264982879868,0.9341177756308007,0.7881563462325011,2.057675361633301,0.5,0.9439243826019088,1.4291149318218233,1.0634676218032837
0.06494353838310839,0.17866900175068767,rwtd_408,3,21,0.18351937393425624,0.4858972949183915,0.0778359545580141,2.6418097019195557,0.0,0.17784869804824163,2.1857875525951385,1.0133825540542603
0.050139505050676214,0.29397904925606716,rwtd_41,1,24,0.0740501543554579,0.6863955750636143,0.08119809134318678,0.8288867473602295,2.5,0.7110662953348201,-0.39094309210777284,1.044066309928894
0.0,0.0,rwtd_410,1,24,0.9526850001788699,0.9812548003048644,0.9528629302001228,4.212137222290039,0.0,0.9813330774005918,3.7792591035366057,0.9619513750076294
0.8147974062683613,0.867877925227664,rwtd_411,1,24,-0.04322616627497224,0.48257629634135835,-0.057950720159687545,1.0906963348388672,0.0,0.509703388532692,0.5709734380245208,1.1549397706985474
0.7687882065335064,0.7844440557356163,rwtd_412,1,24,0.02884306515292392,0.7339730691832008,0.02447880911329265,2.6753547191619873,0.0,0.7413472044803069,2.2344485610723495,0.9797914624214172
0.01028933942424678,0.0951601445467611,rwtd_413,1,36,0.8504699536127683,0.92482599976134,0.8522721461550834,4.867471218109131,0.0,0.9257697298545305,4.600614783167839,0.5930142998695374
0.02888804949734438,0.3580017142148696,rwtd_414,1,36,0.8933794915939091,0.9314528475163371,0.8955825145850349,3.3382484912872314,0.0,0.9329149286252615,2.676920139789581,1.469618558883667
0.25075554323817506,0.44059423285645005,rwtd_416,1,24,0.8909123094343248,0.9557983071669058,0.911870597853383,3.5574140548706055,0.5,0.9645036051002809,2.9630230903625487,0.9875354766845703
0.4683068755252878,0.7772954059466137,rwtd_417,1,24,-0.0011078058970653503,0.5352465514499203,-0.00373976932715999,0.3531246483325958,0.0,0.5441733996262521,-0.09333201944828035,0.992125928401947
0.479119842931645,0.5249959899453296,rwtd_418,2,24,0.09510988718446017,0.33190494740891013,0.8916572977722629,3.3957996368408203,0.0,0.8806693775345583,2.133547139167786,2.8050055503845215
0.9234583577376729,0.9607005684407414,rwtd_422,1,24,0.0037391811559325146,0.5121359223292846,0.0019356445367145348,1.8301386833190918,0.5,0.5094014415535735,1.2331797719001771,0.9932420253753662
0.9833167343480003,0.9880738369755422,rwtd_423,2,24,-0.0022233108249221163,0.6301295477455122,0.9366678185269941,3.7211403846740723,0.5,0.9540730955484188,3.41213990598917,0.3533343970775604
0.013666985456673896,0.13920332662242432,rwtd_424,1,24,0.808625498159746,0.923193756423677,0.7970156102149213,4.117061138153076,0.5,0.9188254410377928,3.49488565325737,1.0492788553237915
0.8777754444342459,0.9173434107866956,rwtd_425,1,24,0.07594343198676214,0.49221347331475895,0.044363670405752086,2.731879949569702,1.5,0.48588990177858693,1.766548579931259,1.1451808214187622
0.5222057650447177,0.6374642126763294,rwtd_426,1,24,0.5446258005445298,0.830575924689755,0.5524502802999374,4.155391216278076,0.5,0.8357092731812817,3.833065965771675,0.3829450011253357
0.22017603187280566,0.3492391728429604,rwtd_428,1,24,0.940779163888064,0.9755855251695711,0.9411349385654146,4.957024097442627,0.0,0.9757345453618068,4.592687657475471,0.8096365332603455
0.2229170964821703,0.4098462816770189,rwtd_429,2,24,0.7709873735330443,0.9000850765666598,0.8795567936219669,3.687687873840332,0.0,0.9466401090236224,3.3654918342828752,0.715991199016571
-0.0008728537161262634,0.003939475333503583,rwtd_431,1,24,0.8756839118016481,0.9534086325109735,0.8923433109064983,2.6036829948425293,0.0,0.9598628479203983,2.075649917125702,1.1734068393707275
0.20576051048584448,0.34331512420613536,rwtd_432,1,24,0.6059769176624628,0.8429917524408788,0.6592519311304678,2.027238368988037,0.0,0.866926527588374,1.5180272638797758,1.1315802335739136
0.1332126889094157,0.5953444810821343,rwtd_434,2,24,0.11627975061204032,0.5146089655626204,0.13869793158980492,3.136465549468994,0.0,0.4377406225925703,3.1338601352414117,0.0057898093946278095
-0.035459719816063454,0.09626481134068751,rwtd_436,1,35,0.03513054165279808,0.47243833115397516,0.019473124550867527,1.3993033170700073,0.5,0.4667408231358747,0.8212989062070847,0.951120913028717
0.9636534657267731,0.9693429885249255,rwtd_437,1,24,0.05588645588246301,0.7098042917363447,0.04207058454384961,2.009075880050659,2.0,0.7155318520350232,0.9610680371522903,0.9955729842185974
0.11294558240221865,0.4288193075152383,rwtd_44,1,36,0.1522542672399298,0.5769515941095711,0.1470326503763343,0.9564508199691772,1.5,0.5785660597950172,0.0712260901927948,0.9671660661697388
-0.0347962868075904,0.4314307417802897,rwtd_440,2,36,0.7007649400287346,0.6757214313145384,0.9764354096798672,3.1855506896972656,0.0,0.9692120944496886,2.5750457465648653,1.3566776514053345
-0.06614088117712671,0.5417341111068904,rwtd_441,1,24,0.8058481250896405,0.7786648547581224,0.8034273864142442,5.833432197570801,0.0,0.7763491794892882,4.293070137500763,3.4230268001556396
0.10817568601393485,0.24346140149470397,rwtd_442,2,24,0.1423294956847914,0.38990152943524614,-0.04594882990026045,3.502380609512329,0.0,0.051023647040051134,3.426429308205843,0.16878066956996918
0.009081277565153237,0.2802081798983974,rwtd_443,2,24,0.05196123913523411,0.5744073748892847,-0.0704681644542315,2.979126214981079,0.0,0.07529926413226068,2.9141214042901993,0.14445513486862183
-0.00026462938450246855,0.6196642531153833,rwtd_444,1,24,0.32825353740196456,0.8077253797764197,0.2847589104635089,2.257282018661499,1.0,0.8011220706990582,1.5588201820850371,0.8854707479476929
0.20258189723952985,0.39394574211656735,rwtd_447,1,24,0.8088822893155225,0.9293892298965448,0.79197306880834,4.264930248260498,0.0,0.9236209945208013,3.8121374785900115,1.0062061548233032
0.7132465290575736,0.8473524916818574,rwtd_448,1,24,0.951052752561489,0.9761611179584987,0.951052752561489,4.832563877105713,0.0,0.9761611179584987,4.454421785473824,0.8403157591819763
0.11305313055359918,0.3094420054707977,rwtd_449,1,24,0.9245144272392495,0.963180331695389,0.9245144272392495,4.791698932647705,0.0,0.963180331695389,4.46666833460331,0.7222902178764343
0.15422618095369484,0.46366333962648054,rwtd_45,1,24,0.9786003550741514,0.9915026508800167,0.9799344154844501,2.572065591812134,0.0,0.9920352482606046,2.1246801555156707,0.9941898584365845
0.19672723893416788,0.33979280017761126,rwtd_450,1,24,0.5799854827325234,0.8258028421151934,0.572498360678015,3.8946313858032227,1.0,0.8254366283911279,3.1955527752637867,0.886841356754303
0.8429234898361445,0.8634951248212606,rwtd_451,1,24,-0.0691488684136354,0.6132298242084588,-0.08294400481060357,3.203524351119995,0.0,0.613454384003225,2.749058312177658,1.0099245309829712
0.0,0.0,rwtd_452,1,24,0.11797930458988422,0.6572739958629814,0.09535728294897038,1.4938979148864746,1.0,0.6486062228380366,0.7572988480329512,0.970220148563385
0.02828150081546382,0.21920206394477962,rwtd_453,1,24,0.77659836393213,0.9106656825185434,0.8222845107037584,4.340302467346191,0.0,0.9300009222518445,3.95967273414135,0.8458438515663147
0.15913744075607195,0.4086828594577456,rwtd_455,2,24,0.6011491825608476,0.64966843160104,0.862394101675175,4.895598888397217,0.0,0.8605200945568353,4.290661406517029,1.3443055152893066
0.2552557508846924,0.6356094161012756,rwtd_456,1,24,0.12726819307652557,0.5216232363607665,0.11471397827440574,2.7426931858062744,0.0,0.5182583952473561,2.1679679989814757,1.2771670818328857
0.7206509342962578,0.8098901948623187,rwtd_457,2,24,0.10181587365199148,0.489498100099099,0.9166321316564834,4.948957443237305,0.0,0.9370443394885732,4.0919114112854,1.9045467376708984
0.03259130047722992,0.48085047303500494,rwtd_461,1,24,0.3352964210180764,0.7325019638634476,0.29704457206313,2.713611364364624,0.5,0.7222201152898926,2.10877845287323,1.010739803314209
0.28114928632156383,0.46097065221102956,rwtd_463,3,24,0.022887657814721026,0.4974058607652306,0.24495129399858545,4.201137542724609,0.0,0.23450530388795446,4.198251890251413,0.006412561051547527
-0.005001701567895586,0.013509717291892868,rwtd_464,2,24,0.2216714080106109,0.6851543106948887,0.08699744841471517,2.110703468322754,0.0,0.21988122171867971,1.9298008620738982,0.40200579166412354
0.046856512435099335,0.3032462661114655,rwtd_465,1,24,0.6038524452167389,0.6667790731252202,0.561012671751604,2.4855549335479736,0.5,0.6402452976951157,1.5659208595752716,1.71029794216156
0.6782737207775714,0.6214111922080641,rwtd_466,1,24,-0.03547006892069645,0.8067259019088735,-0.02700374393991477,2.0717124938964844,2.0,0.8236775818627224,1.0332744508981704,0.9743067622184753
0.19193183932687233,0.5560266505134923,rwtd_467,1,24,-0.008063401470227329,0.4778599655478808,-0.013069507391716159,0.13987824320793152,2.5,0.5058545705000068,-1.0495657086372376,0.9765421152114868
0.042628955642818135,0.29368745188525874,rwtd_468,1,36,0.9307341118516906,0.9609401420325974,0.9324429895652029,3.3244049549102783,0.0,0.9619208657390533,3.094275364279747,0.5113990902900696
0.006351062137419023,0.5093572545461125,rwtd_469,1,18,0.16144889826865308,0.25228485554767177,-0.08001953783377616,3.790872097015381,0.0,0.18817683571020177,3.109246772527695,1.5147229433059692
0.3077875920616331,0.5407125082667946,rwtd_47,1,24,0.1592582522202885,0.6240804081542735,0.3652179964225895,2.2203452587127686,0.0,0.7181839925187141,1.6881836175918579,1.1825814247131348
0.5389994706947856,0.8290260443821401,rwtd_471,1,24,-0.0025189514073785,0.5856946006294476,-0.015679409513219052,0.48751503229141235,1.5,0.5897956337822627,-0.4225907802581787,1.0224573612213135
0.6581188088408443,0.8198368773643465,rwtd_472,1,24,0.023464505736831613,0.5611654232046547,0.016989679412237974,2.4921927452087402,0.0,0.5565574941647644,2.0454749912023544,0.9927061200141907
0.015496700281476558,0.3363114896569854,rwtd_473,1,24,0.5331526063774424,0.8338956606517135,0.543973878142406,3.611682891845703,0.0,0.8391838482938317,3.160477077960968,1.0026795864105225
-0.02602761535856761,0.20556949698452082,rwtd_474,1,36,0.23061272801389104,0.7963159527723496,0.21507227540520976,2.4323151111602783,2.0,0.8046156571581263,1.4251794397830961,0.9047459363937378
0.041694294816539024,0.07117181883506926,rwtd_475,1,24,0.22003216436606404,0.7183525661005677,0.19818300344771345,3.4778952598571777,0.0,0.7134847736052325,3.0139333963394166,1.0310263633728027
0.00843328830063033,0.013278082252759086,rwtd_476,1,24,0.6053020691553416,0.8570793779017227,0.5835871857951459,2.197309970855713,0.0,0.8502126130425621,1.7312946617603302,1.035589575767517
0.29127978695244316,0.7031399046090955,rwtd_478,1,24,0.8651065093582833,0.9526682528871672,0.8780432867833129,3.960277557373047,1.0,0.9577711619244573,3.527907256782055,0.2941562235355377
0.1451972191539476,0.3186537287089684,rwtd_479,1,22,0.39011346619829873,0.44828798071870524,0.3861159053192511,2.326209783554077,1.0,0.450115213019316,1.4364222764968873,1.3106389045715332
-0.10635428616078553,0.6433563232412058,rwtd_48,4,24,0.0010623542795678584,0.5529361965378556,-0.006467229169914241,4.068637847900391,0.0,0.004897498452454398,3.8876333445310594,0.40223222970962524
0.20331190497145932,0.6641898864796619,rwtd_485,2,24,-0.0708820684757928,0.6681791523896222,0.1451757082867773,4.388870716094971,0.0,0.3707683707051035,3.9166253328323366,1.0494341850280762
0.03722626737672495,0.11431174656534093,rwtd_492,1,24,0.9170018160338994,0.9628430795544304,0.9342671785376282,3.378101348876953,0.0,0.9707078272939631,2.8443958282470705,1.1860122680664062
0.22910843755477633,0.44399111022508375,rwtd_5,1,23,0.006209115992351195,0.44886987052803584,0.023501050032753417,0.8742462992668152,1.5,0.49596515947136094,0.031428769230842646,0.8729278445243835
0.02945361851534277,0.20360514011761224,rwtd_51,1,24,0.9735050285138045,0.9862162503123069,0.9837091932964744,4.1906867027282715,0.0,0.9915476077806429,3.9628817558288576,0.5062332153320312
0.29017249030654113,0.38478004455731607,rwtd_54,3,24,0.6326709102770847,0.8650112216096011,0.07195128635886919,5.285113334655762,0.0,0.11010101010052656,5.206242898106575,0.17526763677597046
0.04223701416258004,0.17475884762985205,rwtd_56,1,36,0.005001989618471355,0.48137626262541844,0.006222679936947743,1.7078427076339722,2.0,0.49305339015262956,0.6611854910850524,0.9925715923309326
0.06944507135192667,0.3453997392995182,rwtd_58,1,36,0.0033620667188780325,0.5217704887180392,0.0038435354469673823,0.7246950268745422,0.0,0.5271623199680386,0.2694070518016815,1.0117510557174683
0.007510162740286086,0.05021712867714691,rwtd_59,1,36,0.21153646619443647,0.6636029061218062,0.1721916929829462,1.4288408756256104,1.0,0.6472544527369609,0.6844727098941803,0.9874848127365112
0.011584064529602693,0.022622016387501682,rwtd_60,1,24,0.05446961845693731,0.47280973354744055,0.04903312588417231,1.8961151838302612,0.0,0.4720043219870945,1.4325210511684419,1.0302091836929321
-0.022156456985337775,0.050506846878777996,rwtd_63,1,36,-0.06596837272185485,0.5622100830069546,-0.06334319042936673,1.3333191871643066,0.0,0.5803833007803644,0.8816336333751678,1.003745675086975
-0.01654661729378207,0.21977746363213146,rwtd_67,1,36,0.026007985604200888,0.6264512006971584,0.007940730351116147,0.8868218064308167,0.0,0.6175693527071096,0.4359559893608093,1.0019240379333496
0.0586849665538106,0.30191557891082693,rwtd_69,1,36,0.006690294907565706,0.505022938083071,0.0023658007690598205,2.590414047241211,0.0,0.5006832062945513,2.1568161308765412,0.9635509252548218
0.043469200826058145,0.2764866615953224,rwtd_70,1,24,0.0052437158293232485,0.49757199130586527,0.0043111167734646615,2.848278760910034,0.0,0.5002860700694977,2.4852846592664717,0.8066535592079163
0.7191622858225476,0.7317908653802175,rwtd_71,1,35,-0.10439727691668438,0.6103303578231322,-0.1070666250908481,2.760183095932007,0.0,0.6451263427724531,2.383165493607521,0.8378168940544128
0.7208457633812736,0.8637114992537779,rwtd_73,1,24,0.009940535419892477,0.5118218596622367,0.00819147904293595,2.6924355030059814,0.0,0.5145562903085729,2.3137414664030076,0.8415423035621643
-0.0007645154341757959,0.006915230795807885,rwtd_74,1,36,0.06745785860385552,0.5863906643580267,0.05204363029635495,1.8406661748886108,0.0,0.5772942798524107,1.41618854701519,0.9432836174964905
0.9463540391536823,0.9708509176531198,rwtd_76,2,24,0.0019987858049379257,0.5407486763852675,0.9712766577044685,3.500339984893799,0.0,0.9867586669246395,3.1700125604867937,0.7340609431266785
0.3521873428495432,0.3049506634883893,rwtd_77,1,24,-0.041228043648250445,0.7599484156215304,-0.04950747424034051,1.2909549474716187,0.5,0.7677795458706657,0.7006823271512984,0.9783836007118225
0.03663171890834743,0.47660178172690615,rwtd_78,1,24,-0.02039321608140321,0.6172500536849752,-0.016049487760970427,1.1062071323394775,0.0,0.6308135986318499,0.6512276113033295,1.0110656023025513
0.8201265655990184,0.8120690880601885,rwtd_79,1,24,0.15117401337732816,0.7809395196283384,0.1253430355511851,2.4934463500976562,3.5,0.7994220018306443,1.0220935493707655,0.9363395571708679
-0.011529376049273479,0.07877556548807049,rwtd_8,1,36,0.8055487553953631,0.8892846541971264,0.7986111634318228,3.4136085510253906,0.0,0.8858640458611438,3.164541706442833,0.5534818768501282
0.08579964811798209,0.6058673913790358,rwtd_84,1,24,0.5018821952431411,0.740242078061362,0.47411747258388603,2.387819290161133,0.0,0.7291871365198258,1.798885154724121,1.3087425231933594
-0.0018863443649180952,0.005293054479717807,rwtd_85,1,36,-0.0029094785981795624,0.5632952002369939,-0.004753192977365999,3.178572416305542,0.0,0.5653708598964929,2.7313738226890565,0.9937746524810791
0.06611928013262147,0.34780261310779664,rwtd_86,1,24,0.51134915237403,0.8050092842656883,0.4595240706438179,3.2952542304992676,0.5,0.7806515218241339,2.8217219948768615,0.7189605236053467
0.017687699198391412,0.5603867188151904,rwtd_88,1,24,-0.02979481266823729,0.4800916278248253,-0.03761245705970963,0.95067298412323,2.0,0.5073298511929631,-0.11423661112785338,1.0331324338912964
0.05703079009472506,0.2872085048002766,rwtd_91,1,24,0.1267614775918127,0.6015296006031507,0.11558859975540021,3.682584047317505,0.5,0.5963304464674549,3.130800160765648,0.8928530812263489
-0.012576664478678756,0.039089369128794495,rwtd_93,1,36,0.014085029120761615,0.4777579733769241,0.016795837071228194,4.058756351470947,0.5,0.4879892902924655,3.4980371952056886,0.9127092361450195
0.37558071967335,0.6310476245872311,rwtd_95,1,24,0.9388300417411335,0.9678072228164954,0.9485541596919951,2.817065715789795,0.0,0.9730045835278236,2.2579483568668364,1.2424830198287964
-0.016595711616303885,0.0901098901096515,rwtd_96,1,36,0.011068592674317156,0.4839999266463406,0.004248044706487994,1.8567039966583252,1.5,0.48179186073609115,0.9218224048614503,1.0775146484375
