image_id,v9_iou,v9_ari,used_v8,cov7,prec7,areaU7,cov8,prec8,areaU8
1,0.8064880371081444,-0.026272012090885262,1,0.19137347500983865,0.9954147220175223,0.19225501770956316,0.98633608815427,0.9740086119790452,1.0126564344746163
2,0.9310268290627001,0.8540193065627938,0,0.533098510029601,0.96063531795697,0.5549436920176614,0.8973226836004035,0.9668923734853885,0.9280481553141176
3,0.4382760389934566,-0.001573356351876662,0,0.46688508179191407,0.9603612879071509,0.4861556662798899,0.5331149182080859,0.9719192002986436,0.5485177348531386
4,0.963055729485261,0.9665406999834419,0,0.1956369760716896,0.9965199093557786,0.19632018812164354,0.1956369760716896,0.9965199093557786,0.19632018812164354
5,0.9693730775167201,0.9159396218173528,0,0.6941610945710707,0.9737328556105799,0.7128865895521174,0.704996176810321,0.9673847527625851,0.728765028389217
8,0.48052861665162466,-0.007690073309777964,0,1.0,0.9847243857092608,1.015512578455886,1.0,0.9847243857092608,1.015512578455886
12,0.8845665604082356,0.7658322508639945,0,1.0,0.968396399446937,1.0326349835368163,1.0,0.968396399446937,1.0326349835368163
13,0.8319670803200209,0.7084688569122056,0,0.4152607802874743,0.9844997468551622,0.42179876796714577,1.0,0.9683602697887503,1.0326735112936345
14,0.9769615805317832,0.9580271128834078,0,0.45957744019556485,0.9823561346362649,0.4678318015143578,1.0,0.970573281772382,1.0303189040747973
15,0.8564773656667385,0.7684846359588393,0,1.0,0.9867409270571326,1.0134372382651762,0.9008776082444193,0.9943727641786245,0.905975747423619
16,0.5071261652230113,0.16696028154637912,0,0.7692494830312614,0.9604130808950087,0.8009568989984998,0.7692494830312614,0.9604130808950087,0.8009568989984998
17,0.8185065714035389,0.6276277266733303,1,0.03430479659987857,0.9733750978856696,0.03524314180051885,1.0,0.9925491699994522,1.0075067616051223
18,0.4089701596461224,0.08339961581815863,0,1.0,0.9739506076456658,1.026746112328328,0.528108801368033,0.9839207487056949,0.5367391652861647
22,0.9475593220306863,0.9077862686774758,0,0.4476210656713012,0.9821888412017168,0.4557382927743639,1.0,0.9567556609069927,1.0451989372626362
24,0.9467764789147469,0.9548487110544254,0,0.22313619325281134,0.9933252989709835,0.22463556851311953,0.22313619325281134,0.9933252989709835,0.22463556851311953
25,0.977985453972871,0.9658395695669256,0,0.397540073004285,0.9990826419910658,0.39790509442945565,1.0,0.9615590044102611,1.0399777813045548
27,0.906100379722197,0.8649609971857959,0,0.36490339460619886,0.9879217182036961,0.36936468536159933,1.0,0.9322950870938487,1.072621763048437
28,0.5138341129337068,0.2649160514530143,0,0.8638037474277049,0.9474903474903474,0.9116755117513268,0.8638037474277049,0.9474903474903474,0.9116755117513268
30,0.9618204133049331,0.9309751106715561,0,1.0,0.9895868781052202,1.010522696011004,1.0,0.9895868781052202,1.010522696011004
33,0.9567187443343663,0.8298490746787678,0,0.8383621740190105,0.9763098639520142,0.858705012592412,1.0,0.9694416003780421,1.0315216508246
34,0.9103807700469891,0.7549367855880682,0,0.7448362720403022,0.9561622320768662,0.7789852464915438,1.0,0.9469613071405448,1.0560093558834114
36,0.984274247875995,0.9448100531115357,0,0.7932880378834671,0.9787213255695807,0.8105351514863559,0.7932880378834671,0.9787213255695807,0.8105351514863559
38,0.9151829128120035,0.6697699072177301,0,0.0,0.0,0.0,0.0,0.0,0.0
39,0.5896608839656976,0.4917503863521102,0,1.0,0.9542559351476549,1.0479368932038835,1.0,0.9542559351476549,1.0479368932038835
40,0.9296270718167843,0.9313373955484379,0,1.0,0.9811498586239397,1.0192122958693564,1.0,0.9811498586239397,1.0192122958693564
41,0.7838842624048609,0.47303684886447495,0,1.0,0.9607125236945289,1.0408941023839127,1.0,0.9607125236945289,1.0408941023839127
44,0.04833365815614781,0.007870577219940932,0,0.06026151222285389,0.989993328885924,0.06087062454316576,0.12624868025663932,0.9813762626262627,0.12864452204986598
45,0.9878580836311003,0.9819892365249264,0,0.3734658094681473,0.9835267690003744,0.37972104190689815,1.0,0.9716517788623876,1.0291752886726586
47,0.6626394938458569,0.45708828863090245,0,0.3819611650485437,0.942278214217283,0.40535922330097085,0.3819611650485437,0.942278214217283,0.40535922330097085
48,0.5281822242048764,0.4353425199856096,1,0.08706212759497514,0.9438387163135158,0.09224258985160727,0.22019810998519868,0.9563210812592715,0.2302554176629094
51,0.992680002521005,0.9858897324417667,0,0.4843189824484833,0.987572309452673,0.4904136920534963,0.4843189824484833,0.987572309452673,0.4904136920534963
54,0.28290369329285975,0.20384043623548373,0,0.12789729932170946,0.9540586683222102,0.13405601098581,0.12789729932170946,0.9540586683222102,0.13405601098581
56,0.9373906729564098,0.8875528548382685,0,1.0,0.9493215460526315,1.053383865728208,1.0,0.9493215460526315,1.053383865728208
58,0.942469026054385,0.8775870451734646,0,1.0,0.971379108145087,1.029464183051627,1.0,0.971379108145087,1.029464183051627
59,0.7788931934485793,0.5796386297863215,0,0.420908711963318,0.9130497685185185,0.46099208003334724,0.45192163401417257,0.9160780072329063,0.4933222175906628
60,0.9886571025920284,0.9699660256400674,0,0.6691375968992248,0.9681286071453606,0.6911660206718346,0.6691375968992248,0.9681286071453606,0.6911660206718346
63,0.5255126953116981,-0.06376431501108457,0,0.9467459678110485,0.9986259762800116,0.9480486090876369,1.0,0.9942231007804778,1.0058104656942564
67,0.7557014598702885,0.4901705661111979,0,0.52987307263361,0.9849292530437644,0.5379808458283913,0.52987307263361,0.9849292530437644,0.5379808458283913
69,0.9676052268245172,0.9393616993920572,0,0.48038340084845776,0.9813638288860652,0.4895059168766547,0.9102102006315588,0.9693593314763231,0.9389812127204874
70,0.9863501681226942,0.975130180596846,0,0.4544613599661341,0.9783643298342728,0.464511374860852,1.0,0.9738151948210578,1.0268888854047444
71,0.7480773925769835,-0.07065401950657273,1,0.05376482308705852,0.9486815990927133,0.05667320114406916,0.9462351769129415,0.959416086935271,0.9862615290677121
73,0.9213962084150429,0.845523880541478,0,0.4863689607034547,0.9801138200866585,0.49623722340784004,0.9769259158229169,0.9668572336033031,1.0104138251953596
74,0.7938047356445221,0.6495520658967757,1,0.03897099459825647,0.9208087615838247,0.042322571443852174,0.4228335086374414,0.9691496751522085,0.43629329862906246
76,0.9848683546824545,0.9727197368661904,0,0.45046620046620045,0.97650995254191,0.46130221130221133,1.0,0.971375242874409,1.0294682794682795
77,0.816177368162817,-0.006777086810903126,0,1.0,0.9841520423020921,1.016103159894722,1.0,0.9841520423020921,1.016103159894722
78,0.6313781738271615,-0.015620070560634225,0,1.0,0.9710669921176599,1.0297950688440602,1.0,0.9710669921176599,1.0297950688440602
79,0.9724637681141352,0.8962950961822824,0,0.8142572818601125,0.9787537024379129,0.8319327731092437,0.18675364882795223,0.990781865415235,0.18849118594806344
84,0.9582091113526905,0.9048045821217082,0,1.0,0.9692553999782916,1.031719812984686,1.0,0.9692553999782916,1.031719812984686
85,0.9471053416855151,0.9151813217203446,0,0.39286388224933955,0.9838925645872716,0.39929550886904014,0.6077336771920996,0.9836345125986256,0.6178450119511888
86,0.931614725451358,0.8327735314600846,0,1.0,0.9355120049250975,1.0689333698930628,1.0,0.9355120049250975,1.0689333698930628
88,0.9044157628111369,0.8065290908886418,0,0.8957828672098657,0.9626386629196865,0.9305494384496806,1.0,0.952440878821247,1.0499339352565513
91,0.9506644174111377,0.9008409236682487,0,0.6229598840756558,0.9869207998550111,0.6312156802928615,0.6229598840756558,0.9869207998550111,0.6312156802928615
93,0.6497099738189782,0.33923676447748546,0,0.41623153811726094,0.9919412182981749,0.41961310855835693,0.838049297992607,0.9828916927503548,0.8526364646012565
95,0.9745656972806905,0.9520644374886347,0,0.4839601858849636,0.98782329000919,0.4899258711347666,0.858753155702777,0.9763968114670177,0.8795124539709595
96,0.9733280541322679,0.9552520141063298,0,0.42764188649080737,0.9889090169692041,0.4324380495603517,0.8768824940047961,0.9786250825200279,0.89603517186251
101,0.8544103284798971,0.6614862160298591,1,0.0155545030784954,0.975,0.015953336490764514,1.0,0.9586360160581151,1.0431487897898646
102,0.8580424661566295,0.7039459645037986,0,0.909017035725687,0.9821271792299009,0.9255593928664713,0.909017035725687,0.9821271792299009,0.9255593928664713
103,0.7147562018804218,0.35153963108251135,0,0.6386962273984685,0.9527825124846745,0.6703483943390931,0.6195124884737201,0.9789356984478935,0.6328428817704366
104,0.9603293175228705,0.6309044689285838,0,0.9565542827388701,0.9728915662650602,0.9832074980473835,0.9565542827388701,0.9728915662650602,0.9832074980473835
106,0.9669905331323101,0.8586108022523139,0,0.8572430668841762,0.9628944185876058,0.8902773246329527,1.0,0.953180637838006,1.0491190864600326
107,0.5620755458254417,0.273489764786026,0,0.36341778838272526,0.9961058412381428,0.36483852753137463,0.46654887889109486,0.9986743605739239,0.46716817544307027
109,0.24499529913493776,-0.052300824988146796,0,0.29058823529411765,0.9247472856608012,0.31423529411764706,0.37658823529411767,0.9246100519930676,0.4072941176470588
118,0.8965870307065233,0.9208323650544092,0,1.0,0.9808419460549533,1.019532253919301,1.0,0.9808419460549533,1.019532253919301
121,0.9130097767086415,0.7987993016250067,0,0.9117785815379776,0.9520264907911661,0.9577239607904807,0.9117785815379776,0.9520264907911661,0.9577239607904807
122,0.9047257486457367,0.8176948513912358,0,0.4739375777090573,0.9980865420121522,0.4748461759173654,1.0,0.9573471287521556,1.0445531928459846
125,0.9215733707440051,0.9011278244571337,0,0.31563819421890227,0.9903699174564353,0.3187073725235466,1.0,0.9686806877349735,1.0323319259499837
128,0.6876770190391649,0.08823103729555062,1,0.1663898169058773,0.9714503650430424,0.17127979245599956,1.0,0.9526679824327448,1.0496836447115474
129,0.9572443833067505,0.9327146279369543,0,0.4069820332044576,0.9916874480465503,0.4103934500795997,1.0,0.9504238138615696,1.0521621885051495
134,0.9724247685157048,0.9426783436798863,1,0.016068967539512653,0.9272419627749577,0.017329853678562004,0.9839310324604873,0.9975918658580093,0.9863061900712548
139,0.8547423187764369,0.7634181219348213,0,0.40302157309393005,0.9841308793456033,0.4095203001473938,0.41879941042476215,0.9837510327733406,0.42571686989146457
142,0.8932356608339583,0.9260753562068402,0,1.0,0.9930998792478868,1.0069480632273753,1.0,0.9930998792478868,1.0069480632273753
149,0.8904472878365856,0.7703814858455151,0,0.547235841081995,0.9720712333703715,0.5629585798816568,0.547235841081995,0.9720712333703715,0.5629585798816568
175,0.8664757472665721,0.823165694317952,0,0.32144848679430205,0.9807692307692307,0.32775139830007266,0.32144848679430205,0.9807692307692307,0.32775139830007266
176,0.9685038021494682,0.8390549952135533,1,0.08336002427470879,0.9447841039358044,0.08823182346892332,0.9371891910116148,0.9813249077718744,0.955024358995971
178,0.09619467147835635,-0.016548537181568502,0,0.05640347197573489,0.9644137931034483,0.058484721370720534,0.07753864025039528,0.9732685297691372,0.07966829079410151
180,0.8498860828519401,0.7348310311203192,0,0.4303702126962815,0.9924107985652256,0.43366135608206574,1.0,0.9493261623117218,1.0533787434709283
181,0.9859325906848545,0.9760838831551094,0,0.5449709864603481,0.9789005102964062,0.5567174403610574,0.5449709864603481,0.9789005102964062,0.5567174403610574
182,0.9753948199590164,0.9530178837990009,0,0.9934834316249064,0.9867956891808797,1.0067772311100973,0.9934834316249064,0.9867956891808797,1.0067772311100973
183,0.9745238014650521,0.95456153382521,0,0.44313855061518614,0.977815581169282,0.4531923597344158,0.44313855061518614,0.977815581169282,0.4531923597344158
184,0.9723022164666808,0.9484343416176666,0,0.47596123088733927,0.9850385621131376,0.4831904548653317,1.0,0.9743038349461611,1.0263738724329858
185,0.9701951201415446,0.9514090823744789,0,0.42282615818098424,0.9813322180822751,0.4308695367276063,0.5771738418190158,0.9629923196763878,0.5993545639211061
186,0.4971166679245118,0.14647353457535017,0,0.3392964045497764,0.9761410262904615,0.3475895341057154,0.39143219354157127,0.981154559096125,0.39895059337253935
188,0.8935893951719854,0.7964745180604955,0,0.46358699208270626,0.9576265459214706,0.48409998037034613,0.4681508866060328,0.957701703309574,0.48882745534253746
189,0.8658740872040173,0.37156769350368546,0,0.835548755219789,0.9846731780616078,0.8485543973733704,0.16445124478021103,0.9695545950009397,0.16961524975295655
194,0.7286432160787224,0.41054112794570025,0,1.0,0.9709712998380776,1.029896558391338,1.0,0.9709712998380776,1.029896558391338
197,0.9639095059531106,0.91542005924735,0,0.602441570958156,0.9821148004608777,0.6134125773030279,0.602441570958156,0.9821148004608777,0.6134125773030279
200,0.9620272163249848,0.9529895609207061,0,0.30803485306411166,0.996411856474259,0.30914410648832874,1.0,0.9642536040923888,1.0370715709600669
201,0.4761919610824279,0.23741809370083464,0,0.4995977743514111,0.976033003732565,0.5118656566333714,0.9982905409934973,0.9709209453952731,1.0281893142052692
202,0.9757763674193315,0.9690856626407195,0,0.31880806421032676,0.9907202828104287,0.3217942235985591,1.0,0.9669100797457912,1.0342223345762498
205,0.9397586299860444,0.8938814490575467,0,0.43552452042700057,0.9732395881909818,0.44749979934184125,0.43552452042700057,0.9732395881909818,0.44749979934184125
207,0.9942928197902235,0.9891043352911328,0,0.4836879208421585,0.9812730479397146,0.49291878734233235,0.4836879208421585,0.9812730479397146,0.49291878734233235
210,0.9596081184974768,0.9276186953768438,0,0.45790174367633213,0.9760520487264673,0.4691366042146962,0.45790174367633213,0.9760520487264673,0.4691366042146962
213,0.9930853515797557,0.9881285138292231,0,0.43250399523705074,0.9856112539274493,0.43881803653683454,1.0,0.9758879562099598,1.024707799329427
214,0.9579820597526203,0.9253830282191597,0,0.4432825495905661,0.969596734464072,0.45718238710403963,0.13816181083994272,1.0,0.13816181083994272
215,0.9326214085905611,0.8898511381787468,0,0.40051729400613684,0.9709845770369216,0.41248574228476875,0.9944254341574694,0.9750181142299089,1.019904573714396
216,0.7839580467652912,0.5927362371928416,0,0.4211956951182894,0.9742296304419344,0.43233718412693395,0.4211956951182894,0.9742296304419344,0.43233718412693395
219,0.9865377635497193,0.9752512451645622,0,0.4618775278058645,0.9777918993946286,0.47236792214357937,1.0,0.9684951419172213,1.032529701718908
221,0.9929195110303447,0.9864352249835218,0,0.48572102902997405,0.987145049884881,0.4920462591456219,0.48572102902997405,0.987145049884881,0.4920462591456219
222,0.9643861293285574,0.9627870357241152,0,0.2431747331297037,0.998448509923072,0.24355260257581005,0.7568252668702963,0.975406343215438,0.775907673898668
224,0.9821588695433593,0.9650922415046137,0,0.4904898773343385,0.9831570331192545,0.4988927107383499,0.4904898773343385,0.9831570331192545,0.4988927107383499
228,0.9899825353379577,0.9815304017119233,0,0.4813052345343304,0.9865304226660474,0.48787672784953545,0.5186947654656696,0.98870788596816,0.5246188210158299
229,0.9949009323973087,0.9914670007420535,0,0.45612585573129194,0.9900812532025474,0.46069537652176845,0.5438741442687081,0.9460053965274519,0.5749165345833473
236,0.9860848595418559,0.974106791249201,0,0.4727052871076037,0.9818241903502974,0.48145614230481615,0.4727052871076037,0.9818241903502974,0.48145614230481615
237,0.9473154784328325,0.9003190835578169,0,0.47543980627676125,0.9837735598619591,0.48328174864089035,1.0,0.9819536084909375,1.0183780489760572
238,0.9629177682836318,0.9343296550897707,0,0.44565269461077844,0.9824345254857787,0.45362075848303396,0.44565269461077844,0.9824345254857787,0.45362075848303396
240,0.8677607929963772,0.7896682113709116,0,0.3835638998682477,0.9745177622494665,0.3935935441370224,1.0,0.9812381829640762,1.0191205533596839
243,0.42015262164532674,-0.03028412900423097,0,0.40265152124595754,0.9775017576751817,0.41191897414445,0.5011986549321835,0.9961307239703249,0.5031454636139848
244,0.9193382772337744,0.9105587738809587,0,0.35023523261892314,0.9595554537121906,0.3649973863042342,1.0,0.9506062413039157,1.0519602718243597
245,0.8457598578024095,0.6376135880813321,0,0.5842645007793913,0.984652821945082,0.5933710722782837,0.5842645007793913,0.984652821945082,0.5933710722782837
246,0.9851280903157158,0.9718193871531178,0,0.47600843244603863,0.9823063437439127,0.4845824680636838,0.47600843244603863,0.9823063437439127,0.4845824680636838
247,0.7347823231967471,0.5675086968359505,0,0.3476730915546538,0.9800714924039321,0.3547425817905148,0.4600557950798884,0.9634522821576763,0.4775076084199848
250,0.8904878048737049,0.8639271317788163,0,0.28914406684522,0.9876198301835114,0.29276859172774367,1.0,0.9706711085511466,1.0302150658348435
251,0.9748886689727397,0.9510527571343622,0,0.48730101245492763,0.9817282070803197,0.4963705931442788,1.0,0.9719475987879159,1.028862051047883
252,0.813964843748758,-0.0015955496373600126,1,0.09514556972023443,0.9731782194215544,0.09776787829960665,1.0,0.9669304087493127,1.0342005908092824
253,0.774410862668027,0.5435822781671439,0,0.525666209554872,0.9601597671191145,0.5474778547867017,0.525666209554872,0.9601597671191145,0.5474778547867017
254,0.9915753424623576,0.9850390805159858,0,0.45746442640083607,0.9784044016506189,0.4675617011013747,1.0,0.9655509671810476,1.0356781091727632
256,0.9908568998481491,0.9817125176798824,0,0.5034428672260999,0.9839668914776211,0.5116461454003608,0.49655713277390007,0.9841151419068047,0.504572190416438
257,0.9757812499959877,0.9641918432691324,0,0.38019945311243364,0.9952840119583982,0.3820009650957053,1.0,0.9623987987430146,1.0390702911372045
258,0.9439971313982984,0.8978832730180341,0,0.44943389597738775,0.9718567630097724,0.4624486993181201,1.0,0.9790038146457383,1.0214464796154645
259,0.9818177905904768,0.9476778727770488,0,0.7220778382217631,0.9769798628401695,0.7390918336050623,0.7220778382217631,0.9769798628401695,0.7390918336050623
260,0.5128465023412226,0.0004017991156558262,1,0.0068542795915794786,0.9841628959276018,0.006964578343627884,0.9942014370351695,0.9720536126945001,1.022784570780285
261,0.9342133276526357,0.8899572343049914,0,0.4060427529497015,0.9790337283500455,0.41473826814322395,0.42793906838266565,0.9736917562724015,0.439501583150864
262,0.4199320190335284,0.11810436681312823,0,0.2743282951468244,0.9249498154503658,0.296587220803165,0.32781501469204327,0.9270584401477298,0.35360771284257425
263,0.8117457381966195,0.573999207363395,0,1.0,0.9729916567342074,1.0277580419923071,0.15537643628880124,0.9607635206786851,0.16172183158977876
265,0.67385999694854,0.22665527967242366,0,0.5494719067114843,0.9757836369808759,0.5631083427588295,0.17674796488936326,0.9746991127119389,0.1813359246809934
268,0.9714667994244462,0.9448130152480351,1,0.06038559476173154,0.9907759088442757,0.06094778266477066,0.4656569330996395,0.902021075558118,0.5162373094348358
269,0.8005996137080902,0.6223430685236865,0,0.45719542552040116,0.9126458303327092,0.5009560229445507,0.45719542552040116,0.9126458303327092,0.5009560229445507
270,0.3657166669679747,-0.06917264029045958,0,0.38897474480458744,0.9476839237057221,0.41044776119402987,0.38897474480458744,0.9476839237057221,0.41044776119402987
274,0.9382105954282123,0.893802270874048,0,0.43632266936165276,0.9699469652327637,0.4498417800162362,1.0,0.9704019292604502,1.0305008366606472
276,0.6623992919911768,-0.00816996637595827,0,1.0,0.9705800892444991,1.0303116776055044,1.0,0.9705800892444991,1.0303116776055044
280,0.9495589072248521,0.9152642985864917,0,0.43949659541312375,0.9688946975354742,0.45360615196991766,1.0,0.9471539498171084,1.0557945729868898
281,0.9597100692145758,0.9260960020327894,0,0.511542921395692,0.9751816994339686,0.5245616500931164,1.0,0.9450107919641375,1.0581889736111598
282,0.9706463631914121,0.9454644202762301,0,0.48961516973939334,0.9933657821042806,0.4928850767360084,0.5103848302606067,0.9702923903536174,0.5260113707318677
288,0.9837453229406627,0.9827559444705293,0,1.0,0.9911795763712031,1.00889891583631,1.0,0.9911795763712031,1.00889891583631
293,0.9858045798260718,0.9888645257101757,0,1.0,0.9997910790765695,1.0002089645805037,1.0,0.9997910790765695,1.0002089645805037
294,0.9875930521057296,0.9784430017213144,0,1.0,0.981928776037062,1.0184038032125622,1.0,0.981928776037062,1.0184038032125622
299,0.8227674190359658,0.6513987881358431,0,1.0,0.9520902378045235,1.0503206106870229,0.09251908396946565,0.9815354713313897,0.09425954198473283
300,0.9957343707309727,0.9923840224967222,0,0.4547571523619428,0.9831501078804069,0.4625510882995913,0.4547571523619428,0.9831501078804069,0.4625510882995913
302,0.9860800650240937,0.9750684634235883,0,0.4567142541993634,0.9951246309139601,0.4589518136837793,1.0,0.9716893019552603,1.02913554568088
303,0.9752610854264028,0.964763022030058,0,0.35608150470219435,0.9965346317497916,0.35731974921630094,1.0,0.973718750953878,1.0269905956112853
304,0.7168579101551562,-0.0006090239710809179,0,1.0,0.9701082393172832,1.0308128098198128,1.0,0.9701082393172832,1.0308128098198128
308,0.12132248335491697,-0.0907994927830405,0,0.09968597690621832,0.9529393370856786,0.10460894311602499,0.09968597690621832,0.9529393370856786,0.10460894311602499
310,0.9771572327027637,0.8627202648046833,1,0.08758543951676999,0.997465604634323,0.08780797965347321,0.9124781433794309,0.9802260851746867,0.9308853918295978
311,0.9855392074324341,0.9124594089121637,1,0.09150990563089807,0.9981254260395365,0.09168176988938191,0.9085213424160989,0.9827446341051208,0.9244734704080995
315,0.996522727651008,0.9766853132233686,1,0.0857102864785841,0.999455930359086,0.08575694422843634,0.9143052661047,0.9848390933610306,0.9283803539767955
318,0.9890456594140916,0.9627979400684947,0,0.7851577932647482,0.9783396345305608,0.802541127388233,1.0,0.9677463754817398,1.033328592424027
319,0.42695768715180943,0.12690397126345093,0,0.2476483040730896,0.9945666070058808,0.24900122558772503,0.5568147452528371,0.9726686314852917,0.5724608846515034
321,0.5149569683491291,0.3258426603890733,0,0.5223073617874534,0.9792561761546724,0.5333715267831567,0.5223073617874534,0.9792561761546724,0.5333715267831567
322,0.9595846270228309,0.9076492450154185,0,1.0,0.9360140806932034,1.068359996528481,1.0,0.9360140806932034,1.068359996528481
323,0.9143076923048791,0.8372371219679273,0,1.0,0.9796862364547954,1.0207349687984943,1.0,0.9796862364547954,1.0207349687984943
324,0.9608320353032164,0.927683812221141,0,0.46620714204812064,0.9702653556034483,0.4804944743782664,1.0,0.9693827935063917,1.0315842273028817
325,0.9234277859323208,0.855994224115847,0,1.0,0.9571356371217385,1.0447840005280353,1.0,0.9571356371217385,1.0447840005280353
327,0.9587854722179893,0.9278447432603506,0,0.44207148389952416,0.9982865098347196,0.4428302692107052,0.9801609257180797,0.9647124719940254,1.0160135316713828
328,0.9430931619969832,0.9179065051063638,0,0.38414489913155137,0.9937497268237249,0.3865610110499105,0.38414489913155137,0.9937497268237249,0.3865610110499105
329,0.9092762487231417,0.8189091291339031,0,1.0,0.984469287937496,1.01577572023099,0.7433299996773881,0.9961091176343435,0.746233506468368
330,0.5986421725215709,0.47154106055623246,0,0.23630667923985488,0.9621892489912794,0.24559272459922962,1.0,0.9636514855145009,1.03771956462672
331,0.8647168753487858,0.5779901389680571,0,1.0,0.9611461146114612,1.0404245356641173,0.04286327454346808,0.9900856241550248,0.043292492586233806
332,0.9046517392344681,0.8630609849054163,0,0.34654554147740857,0.992650079890436,0.34911148298669215,0.06797354370866204,0.9983614232209738,0.06808510638297872
334,0.9475530246721648,0.9234584899693539,0,0.3610695221976305,0.9405256464603645,0.38390183569847675,1.0,0.9439451894864587,1.0593835438094
337,0.9931624902911279,0.9746789672107519,0,0.8069535542649614,0.9815678732600872,0.8221067297005369,0.7893896463737261,0.9880091694586493,0.7989699597689454
342,0.9570143398236032,0.9239140916688924,0,0.871995043370508,0.9934705114177814,0.87772614622057,0.12800495662949193,0.9453214367421643,0.1354089219330855
343,0.9846584658446151,0.9502625318783986,0,0.7669668907776227,0.9794662022599327,0.7830457947481924,0.7731035138906508,0.9791340322127164,0.7895788405429405
344,0.9874401788865699,0.9620836162916739,0,0.7431333386594232,0.9801892558325781,0.7581529120396261,0.7431333386594232,0.9801892558325781,0.7581529120396261
345,0.8220244716317635,0.7509898063046844,0,0.3644515763639796,0.9945904173106646,0.3664338304700774,1.0,0.96990966796875,1.031023849977975
346,0.9301677194470478,0.9034903955543115,0,0.3625729083274789,0.9952462104224594,0.364304736386361,1.0,0.9496229869364198,1.0530494878036827
347,0.9704900067813743,0.9321235639450713,0,1.0,0.9611158752277843,1.0404572703192527,1.0,0.9611158752277843,1.0404572703192527
348,0.9008110848208808,0.889310235777387,0,0.2522575330312728,0.9927057356608479,0.25411108646747566,0.2522575330312728,0.9927057356608479,0.25411108646747566
349,0.9187794139926179,0.9013437857955646,0,0.28733924434859015,0.988621997471555,0.2906462177490215,0.28733924434859015,0.988621997471555,0.2906462177490215
350,0.8523058319086885,0.8335843931505627,0,0.2371117841841779,0.9743970076099574,0.24334206933350072,0.7628882158158221,0.9843674064474324,0.7750035310180318
351,0.983656286754833,0.9680325822827865,0,0.4926277773416032,0.9872553338787841,0.49898720263798385,0.4926277773416032,0.9872553338787841,0.49898720263798385
352,0.9536526153147937,0.8560448966704362,0,1.0,0.9978540321053628,1.00215058297666,1.0,0.9978540321053628,1.00215058297666
357,0.9764521792192334,0.9626229267778154,0,0.4104054596547571,0.9874816474770111,0.4156081894821357,0.4104054596547571,0.9874816474770111,0.4156081894821357
358,0.5547941640779369,0.046690261076309504,0,0.504881361348566,0.9880550343964978,0.5109850603179675,0.8713429735559639,0.9783283400010764,0.89064472317648
359,0.9336730610150912,0.8540062361912851,0,0.5741106394181722,0.9970281468781255,0.5758218975219667,0.42588936058182775,0.9448074466143457,0.4507684207062231
362,0.5207905787255378,0.00537394799504516,0,0.0,0.0,0.0,0.0,0.0,0.0
363,0.9383732654704509,0.8490447842132451,0,1.0,0.9960345886205485,1.003981198469165,1.0,0.9960345886205485,1.003981198469165
364,0.9791702642009602,0.9404573772436566,0,1.0,0.9743204718069247,1.026356346742311,1.0,0.9743204718069247,1.026356346742311
365,0.563889712420982,0.13218758768041525,0,1.0,0.9585470266604501,1.04324563342914,0.3839044881715675,0.9865909090909091,0.38912226398408134
366,0.9174618187862201,0.8271040056417368,0,1.0,0.9584639277142454,1.0433360829601697,1.0,0.9584639277142454,1.0433360829601697
367,0.9197711254612613,0.8103072347112382,0,1.0,0.9834196614513804,1.0168598810848968,1.0,0.9834196614513804,1.0168598810848968
371,0.961755044577502,0.9124240733328056,0,1.0,0.9976961023472651,1.0023092178543291,1.0,0.9976961023472651,1.0023092178543291
373,0.8955253431831076,0.895329649796684,0,0.22136342050534658,0.9962414326774265,0.22219856878510488,0.7786365794946534,0.9601785101270168,0.8109289796453076
374,0.8964059196597998,0.724984276007654,0,0.6754257193188491,0.9965585290720061,0.6777582044757617,0.5063776342402296,0.9978144184103108,0.5074867880211391
376,0.8828185769806323,0.846924324893578,0,0.3092785177734153,0.9877713871185035,0.3131073867968915,0.32712494118792285,0.984954325631381,0.33212193974398496
377,0.5257758952629561,0.0015844685728217825,0,1.0,0.931926259881423,1.0730462731324244,0.35875345847346707,0.9937130007801386,0.3610232111201312
378,0.9806806550647378,0.922362057994541,0,0.8388277227722772,0.9764332737096387,0.8590732673267327,0.8388277227722772,0.9764332737096387,0.8590732673267327
380,0.9442948850674171,0.8369421220738964,0,1.0,0.9983333333333333,1.001669449081803,1.0,0.9983333333333333,1.001669449081803
382,0.9360930714352442,0.8032980033451299,0,1.0,0.9981485422430304,1.001854892011172,1.0,0.9981485422430304,1.001854892011172
383,0.9677453173016224,0.944435580888509,0,0.43459493771324287,0.9606089305131713,0.4524160914068079,0.43459493771324287,0.9606089305131713,0.4524160914068079
387,0.26372555389342,0.2702859526831446,0,0.06314740720826151,0.9791564492398235,0.06449164202236174,0.06314740720826151,0.9791564492398235,0.06449164202236174
388,0.6536781852844873,0.5537686133678955,0,0.23619491752398658,0.97243302847506,0.2428906779260473,1.0,0.9709954259664367,1.0298709687583698
389,0.9629451560803498,0.9352093393055138,0,0.45696189906243767,0.9501901140684411,0.4809162843274154,0.5430381009375623,0.9943384165829604,0.5461300618392181
391,0.8839204743572799,0.8876356829298239,0,0.2019116465863454,0.9885174990169091,0.2042570281124498,0.2019116465863454,0.9885174990169091,0.2042570281124498
392,0.9353991596611362,0.8694312009745162,0,1.0,0.9977540707467715,1.0022509848058525,1.0,0.9977540707467715,1.0022509848058525
393,0.9695954435004205,0.9558985109544612,0,0.36651019269277485,0.9553349875930521,0.3836457341693202,1.0,0.9516267591334364,1.0508321570429702
394,0.9754249215077931,0.9588361499859291,0,0.4174579111146573,0.962578651065239,0.4336870661453762,0.4174579111146573,0.962578651065239,0.4336870661453762
395,0.9754008967121404,0.9630213739797009,0,0.36895054707399516,0.9506335906220332,0.3881101517069029,0.6310494529260048,0.9984791645543952,0.6320106371049132
397,0.7555948295333931,0.4037414114200559,0,0.6815111193821531,0.9960019582245431,0.6842467665394993,0.6815111193821531,0.9960019582245431,0.6842467665394993
398,0.7716579686810786,0.7944959276639542,0,0.1556780416632893,0.9964719310988897,0.15622922914809112,0.1556780416632893,0.9964719310988897,0.15622922914809112
399,0.6428117833821788,0.1257359499792453,0,0.921454834542383,0.8955572725516708,1.0289178177481864,1.0,0.8898065291974675,1.1238398092020272
400,0.9283332175330774,0.8779845052217989,0,0.6146529324424648,0.989431228292938,0.6212184484038604,1.0,0.9595725734639359,1.0421306607275427
403,0.7390180878541672,-0.08301302926085505,1,0.1826056635284186,0.9386792452830188,0.19453467672374242,1.0,0.9255346253800554,1.080456605920461
408,0.9630592336596341,0.9276274688805661,0,0.5024034635342056,0.9963069347558473,0.5042657498487887,0.20230477827650972,0.999842668344871,0.20233661223060517
410,0.9727905859726879,0.9317627660087859,0,1.0,0.9979262843459156,1.002078024886822,1.0,0.9979262843459156,1.002078024886822
411,0.9489786177885214,0.9344985587885386,0,0.31164410422124267,0.9948422633950926,0.3132598158402485,0.31164410422124267,0.9948422633950926,0.3132598158402485
412,0.8971019593987029,0.8885079994188188,0,0.24254064392731908,0.9949002942137953,0.24378386993943257,0.24254064392731908,0.9949002942137953,0.24378386993943257
413,0.9350300813939629,0.870057310056338,0,0.5066970372627966,0.996309730326447,0.5085738117771611,0.4933029627372034,0.9619932432432432,0.5127925442325275
414,0.9395642466666426,0.9062069205346268,0,0.38795884136507325,0.9852953223560252,0.39374879040061933,0.6120411586349268,0.9668781370225993,0.6330075479001355
416,0.5163809130323637,0.39709455389216175,1,0.10769673704414587,0.9717700034638033,0.11082533589251439,0.23245681381957772,0.9584520417853751,0.24253358925143953
417,0.9549462365565727,0.9003066973066218,0,1.0,0.9923468669986776,1.0077121551504153,1.0,0.9923468669986776,1.0077121551504153
418,0.9012413576296257,0.9106184721299797,0,0.33552962032796574,0.9786280592899,0.34285714285714286,0.5564189688284827,0.9690732259558483,0.5741763923770129
422,0.9904738491764782,0.9811683141596826,0,0.49789704959196485,0.984301315462894,0.5058380414312618,0.49789704959196485,0.984301315462894,0.5058380414312618
423,0.9709819462748965,0.9597763972630451,0,0.34994362663363665,0.9991385564018861,0.35024534324234197,0.34994362663363665,0.9991385564018861,0.35024534324234197
424,0.9676902207399983,0.9214688063341882,0,1.0,0.9883777239709443,1.0117589416952475,1.0,0.9883777239709443,1.0117589416952475
425,0.9285054575947586,0.8979503114186875,0,0.35054672128503694,0.9785701422654421,0.358223397735703,1.0,0.9462375436829495,1.05681708221785
426,0.9250658472303552,0.8973101765977578,0,0.33082149669730265,0.9958240402410667,0.3322087872243154,1.0,0.9679107666015625,1.033153090662589
428,0.9637099778907481,0.9126597727305312,0,1.0,0.998943244497139,1.001057873416415,1.0,0.998943244497139,1.001057873416415
429,0.6091440911498458,0.04777674222592012,0,1.0,0.9512511134504819,1.0512471269260237,0.3774410487784115,0.9369822485207101,0.40282625351153484
431,0.46426351771064556,0.39372297078876345,0,0.1823207704196885,0.9474822366388631,0.19242658423493045,0.1823207704196885,0.9474822366388631,0.19242658423493045
432,0.9375204163833325,0.8298557386243312,0,0.6767719207523998,0.972822299651568,0.6956788726931903,0.9311754629779257,0.9566682715454983,0.9733525096150738
434,0.9656302262842908,0.9394682988063618,0,0.45195307422331993,0.979608367965063,0.46136097751202393,0.5480469257766801,0.9636031197325944,0.5687475627193552
436,0.9919079259587282,0.9791654957382511,0,0.6416482707873437,0.9758095238095238,0.6575548353764501,1.0,0.9746246337890625,1.0260360402674056
437,0.9704777524947331,0.9650178415033689,0,0.2937781350482315,0.9953698659984748,0.2951446945337621,1.0,0.9645953196966642,1.0367041800643086
440,0.6503295898427577,-0.1012352764435279,1,0.1754643012711361,0.9962900505902192,0.17611768898744704,1.0,0.9790640871554298,1.0213835979883579
441,0.9758461839443362,0.8941666086115403,0,0.8636502304073473,0.9794420772788521,0.8817777492333135,0.8636502304073473,0.9794420772788521,0.8817777492333135
442,0.8924844802477051,0.8923467635022158,0,0.22304684911536676,0.9952690715552928,0.22410708369226692,0.9218076999536148,0.9445915665104909,0.9758796633755218
443,0.7095028687245173,0.19932152451482596,0,0.0,0.0,0.0,0.0,0.0,0.0
444,0.9568985574630241,0.9526285425254761,0,0.2635833533029795,0.9970389170896785,0.264366163431584,1.0,0.9587079383069642,1.043070532790159
447,0.9617520185798877,0.895647476547029,0,1.0,0.9878578820282856,1.0122913611285704,1.0,0.9878578820282856,1.0122913611285704
448,0.9551861858306261,0.909027706530536,0,0.512792991871202,0.9988317038676751,0.5133927866782416,0.487207008128798,0.9681334880657404,0.5032436271801752
449,0.9414272366242075,0.8813092827968712,0,0.509058715654346,0.998697351280938,0.5097227052834603,0.49094128434565404,0.969468031968032,0.5064027571378885
450,0.9415594441560948,0.8661275394273464,0,0.5795088854013094,0.9990980895897674,0.5800320223205085,0.33880249203405144,1.0,0.33880249203405144
451,0.935309020203056,0.9297686160105079,0,0.25115240222401747,0.9986772486772487,0.25148505441239366,0.25115240222401747,0.9986772486772487,0.25148505441239366
452,0.9628594450295541,0.9118872670278467,0,0.6208416240482807,0.9858470858575308,0.6297544852082683,1.0,0.9670960559796438,1.034023449704823
453,0.5094243857411248,0.11341673753727415,0,0.3536063322833374,0.9913500294370726,0.3566917050319037,0.3536063322833374,0.9913500294370726,0.3566917050319037
455,0.9583016453025203,0.8462094098858822,0,0.824453915823122,0.9759603791434031,0.8447616659876523,0.824453915823122,0.9759603791434031,0.8447616659876523
456,0.867874502868807,0.8079682414411841,0,0.3531298367666066,0.9742472266244057,0.3624642976815433,0.3531298367666066,0.9742472266244057,0.3624642976815433
457,0.9148233134423367,0.8879970600255876,0,0.311626011161974,0.9970406781361288,0.3125509500219477,0.311626011161974,0.9970406781361288,0.3125509500219477
461,0.9221354500040401,0.8229381270057093,0,1.0,0.9899205864386073,1.0101820425794508,1.0,0.9899205864386073,1.0101820425794508
463,0.8983450220770746,0.6598661918894076,1,0.05576724360630328,0.930245084837059,0.05994897959183673,0.8114505295789202,0.9712629239540053,0.8354591836734694
464,0.09132466736447806,-0.023514310575072302,0,0.09635498304311893,0.9454697986577181,0.10191228020177263,0.14041437487531705,0.9511583011583011,0.14762461170167288
465,0.9107240437096261,0.9123840470565893,0,0.3686406497733026,0.9937017320236935,0.3709771633612417,0.48446496620399987,0.9870225546866145,0.4908347472949292
466,0.85776369397141,0.879609833122423,0,0.2850249821556031,0.9655672695618531,0.29518915060670947,0.7150321199143469,0.9549666348903718,0.7487508922198429
467,0.8971881872412143,0.8458575949836127,0,1.0,0.9691855583543241,1.0317941609633545,1.0,0.9691855583543241,1.0317941609633545
468,0.9444575990226145,0.9022693575947467,0,0.44431967660175176,0.9919066036384472,0.4479450736308512,0.44431967660175176,0.9919066036384472,0.4479450736308512
469,0.8753214507365641,0.8331700298742168,0,0.31306653120187955,0.9989362779860197,0.3133999015763656,0.3255758576349753,0.9981020050613199,0.32619497404473513
471,0.5724026779048995,0.45576525843692706,0,0.2187000237510886,0.9971843188217457,0.21931755205446915,0.33696461087799856,0.9914740961610138,0.33986224368616896
472,0.26015032658200626,0.094427716080054,0,0.20342629069044163,0.9663875892637281,0.21050176238855484,0.20342629069044163,0.9663875892637281,0.21050176238855484
473,0.6956661729622277,0.6937104660560092,0,1.0,0.925799982561688,1.0801469203239782,0.9951968355622528,0.9307671980974191,1.0692220757204747
474,0.8042982516702073,0.8099842411807466,0,0.2795603529005865,0.9746541799123636,0.2868303021341614,0.42594509340036474,0.9724316417238663,0.43802060229681106
475,0.9327097451538305,0.8348067705789143,0,1.0,0.9960345886205485,1.003981198469165,1.0,0.9960345886205485,1.003981198469165
476,0.9553059661639818,0.8851503894140824,0,1.0,0.9966963830252387,1.003314567034681,1.0,0.9966963830252387,1.003314567034681
478,0.9042413412471527,0.8874184532953514,0,0.27341312790475586,0.9981406159209761,0.2739224549563889,0.27341312790475586,0.9981406159209761,0.2739224549563889
479,0.3828821393183275,0.26916319709143754,0,1.0,0.958993165527588,1.0427602989744482,0.4754041369720146,0.956377305708541,0.4970884755779593
485,0.9196864111466213,0.8641809625122701,0,1.0,0.9973100966092063,1.0026971584865523,0.9960112444917186,0.99817261202269,0.9978346755812186
492,0.9763815238592786,0.9590916701601979,0,1.0,0.9770494104435711,1.0234896918324834,1.0,0.9770494104435711,1.0234896918324834
