image_id,iou,ari,used_inversion,used_v6_rescue
rwtd_1,0.9011235954983858,0.9115158691874177,0,1
rwtd_2,0.9310268290627001,0.8540193065627938,0,0
rwtd_3,0.4382760389934566,-0.001573356351876662,0,0
rwtd_4,0.963055729485261,0.9665406999834419,0,0
rwtd_5,0.9693730775167201,0.9159396218173528,0,0
rwtd_8,0.48052861665162466,-0.007690073309777964,0,0
rwtd_12,0.8845665604082356,0.7658322508639945,0,0
rwtd_13,0.8319670803200209,0.7084688569122056,0,0
rwtd_14,0.9769615805317832,0.9580271128834078,0,0
rwtd_15,0.8564773656667385,0.7684846359588393,0,0
rwtd_16,0.5071261652230113,0.16696028154637912,0,0
rwtd_17,0.037749793070717304,-0.0009246668550430508,0,0
rwtd_18,0.4089701596461224,0.08339961581815863,0,1
rwtd_22,0.9475593220306863,0.9077862686774758,0,0
rwtd_24,0.9467764789147469,0.9548487110544254,0,0
rwtd_25,0.977985453972871,0.9658395695669256,0,0
rwtd_27,0.906100379722197,0.8649609971857959,0,0
rwtd_28,0.5138341129337068,0.2649160514530143,0,0
rwtd_30,0.9618204133049331,0.9309751106715561,0,0
rwtd_33,0.9567187443343663,0.8298490746787678,0,0
rwtd_34,0.9103807700469891,0.7549367855880682,0,0
rwtd_36,0.984274247875995,0.9448100531115357,0,0
rwtd_38,0.9151829128120035,0.6697699072177301,0,0
rwtd_39,0.5896608839656976,0.4917503863521102,0,0
rwtd_40,0.9296270718167843,0.9313373955484379,0,0
rwtd_41,0.7838842624048609,0.47303684886447495,0,0
rwtd_44,0.04833365815614781,0.007870577219940932,0,0
rwtd_45,0.9878580836311003,0.9819892365249264,0,0
rwtd_47,0.6626394938458569,0.45708828863090245,0,0
rwtd_48,0.2119017632232282,0.1510150468482746,0,0
rwtd_51,0.992680002521005,0.9858897324417667,0,0
rwtd_54,0.28290369329285975,0.20384043623548373,0,0
rwtd_56,0.9373906729564098,0.8875528548382685,0,0
rwtd_58,0.942469026054385,0.8775870451734646,0,0
rwtd_59,0.7788931934485793,0.5796386297863215,0,0
rwtd_60,0.9886571025920284,0.9699660256400674,0,0
rwtd_63,0.5255126953116981,-0.06376431501108457,0,0
rwtd_67,0.7557014598702885,0.4901705661111979,0,0
rwtd_69,0.9676052268245172,0.9393616993920572,0,0
rwtd_70,0.9863501681226942,0.975130180596846,0,0
rwtd_71,0.0663181843821027,-0.06292204231030749,0,0
rwtd_73,0.9213962084150429,0.845523880541478,0,0
rwtd_74,0.07700291923426207,0.01434806244594485,0,0
rwtd_76,0.9848683546824545,0.9727197368661904,0,0
rwtd_77,0.816177368162817,-0.006777086810903126,0,0
rwtd_78,0.6313781738271615,-0.015620070560634225,0,0
rwtd_79,0.9724637681141352,0.8962950961822824,0,0
rwtd_84,0.9582091113526905,0.9048045821217082,0,0
rwtd_85,0.9471053416855151,0.9151813217203446,0,0
rwtd_86,0.931614725451358,0.8327735314600846,0,0
rwtd_88,0.9044157628111369,0.8065290908886418,0,0
rwtd_91,0.9506644174111377,0.9008409236682487,0,0
rwtd_93,0.6497099738189782,0.33923676447748546,0,0
rwtd_95,0.9745656972806905,0.9520644374886347,0,0
rwtd_96,0.9733280541322679,0.9552520141063298,0,0
rwtd_101,0.021566171242774938,0.004612819269160408,0,0
rwtd_102,0.8580424661566295,0.7039459645037986,0,0
rwtd_103,0.7147562018804218,0.35153963108251135,0,0
rwtd_104,0.9603293175228705,0.6309044689285838,0,0
rwtd_106,0.9669905331323101,0.8586108022523139,0,0
rwtd_107,0.5620755458254417,0.273489764786026,0,0
rwtd_109,0.24499529913493776,-0.052300824988146796,0,0
rwtd_118,0.8965870307065233,0.9208323650544092,0,0
rwtd_121,0.9130097767086415,0.7987993016250067,0,0
rwtd_122,0.9047257486457367,0.8176948513912358,0,0
rwtd_125,0.9215733707440051,0.9011278244571337,0,0
rwtd_128,0.4909586989059974,0.4510629142216618,0,0
rwtd_129,0.9572443833067505,0.9327146279369543,0,0
rwtd_134,0.019061441702889658,0.002375608650502428,0,0
rwtd_139,0.8547423187764369,0.7634181219348213,0,0
rwtd_142,0.8932356608339583,0.9260753562068402,0,0
rwtd_149,0.8904472878365856,0.7703814858455151,0,0
rwtd_175,0.8664757472665721,0.823165694317952,0,0
rwtd_176,0.08815870622886288,-0.06703178597585664,0,0
rwtd_178,0.09619467147835635,-0.016548537181568502,0,0
rwtd_180,0.8498860828519401,0.7348310311203192,0,0
rwtd_181,0.9859325906848545,0.9760838831551094,0,0
rwtd_182,0.9753948199590164,0.9530178837990009,0,0
rwtd_183,0.9745238014650521,0.95456153382521,0,0
rwtd_184,0.9723022164666808,0.9484343416176666,0,0
rwtd_185,0.9701951201415446,0.9514090823744789,0,0
rwtd_186,0.4971166679245118,0.14647353457535017,0,0
rwtd_188,0.8935893951719854,0.7964745180604955,0,0
rwtd_189,0.8658740872040173,0.37156769350368546,0,0
rwtd_194,0.7286432160787224,0.41054112794570025,0,1
rwtd_197,0.9639095059531106,0.91542005924735,0,0
rwtd_200,0.9620272163249848,0.9529895609207061,0,0
rwtd_201,0.4761919610824279,0.23741809370083464,0,0
rwtd_202,0.9757763674193315,0.9690856626407195,0,0
rwtd_205,0.9397586299860444,0.8938814490575467,0,0
rwtd_207,0.9942928197902235,0.9891043352911328,0,0
rwtd_210,0.9596081184974768,0.9276186953768438,0,0
rwtd_213,0.9930853515797557,0.9881285138292231,0,0
rwtd_214,0.9579820597526203,0.9253830282191597,0,0
rwtd_215,0.9326214085905611,0.8898511381787468,0,0
rwtd_216,0.7839580467652912,0.5927362371928416,0,0
rwtd_219,0.9865377635497193,0.9752512451645622,0,0
rwtd_221,0.9929195110303447,0.9864352249835218,0,0
rwtd_222,0.9643861293285574,0.9627870357241152,0,0
rwtd_224,0.9821588695433593,0.9650922415046137,0,0
rwtd_228,0.9899825353379577,0.9815304017119233,0,0
rwtd_229,0.9949009323973087,0.9914670007420535,0,0
rwtd_236,0.9860848595418559,0.974106791249201,0,0
rwtd_237,0.9473154784328325,0.9003190835578169,0,0
rwtd_238,0.9629177682836318,0.9343296550897707,0,0
rwtd_240,0.8677607929963772,0.7896682113709116,0,0
rwtd_243,0.42015262164532674,-0.03028412900423097,0,0
rwtd_244,0.9193382772337744,0.9105587738809587,0,0
rwtd_245,0.8457598578024095,0.6376135880813321,0,0
rwtd_246,0.9851280903157158,0.9718193871531178,0,0
rwtd_247,0.7347823231967471,0.5675086968359505,0,0
rwtd_250,0.8904878048737049,0.8639271317788163,0,0
rwtd_251,0.9748886689727397,0.9510527571343622,0,0
rwtd_252,0.11587283756437529,-0.09005900823133313,0,0
rwtd_253,0.774410862668027,0.5435822781671439,0,0
rwtd_254,0.9915753424623576,0.9850390805159858,0,0
rwtd_256,0.9908568998481491,0.9817125176798824,0,0
rwtd_257,0.9757812499959877,0.9641918432691324,0,0
rwtd_258,0.9439971313982984,0.8978832730180341,0,0
rwtd_259,0.9818177905904768,0.9476778727770488,0,0
rwtd_260,0.013839747001866675,0.0008834780965522698,0,0
rwtd_261,0.9342133276526357,0.8899572343049914,0,0
rwtd_262,0.4199320190335284,0.11810436681312823,0,0
rwtd_263,0.8117457381966195,0.573999207363395,0,1
rwtd_265,0.67385999694854,0.22665527967242366,0,0
rwtd_268,0.11469288692477847,0.017059167569013548,0,0
rwtd_269,0.8005996137080902,0.6223430685236865,0,0
rwtd_270,0.3657166669679747,-0.06917264029045958,0,0
rwtd_274,0.9382105954282123,0.893802270874048,0,0
rwtd_276,0.6623992919911768,-0.00816996637595827,0,0
rwtd_280,0.9495589072248521,0.9152642985864917,0,0
rwtd_281,0.9597100692145758,0.9260960020327894,0,0
rwtd_282,0.9706463631914121,0.9454644202762301,0,0
rwtd_288,0.9837453229406627,0.9827559444705293,0,0
rwtd_293,0.9858045798260718,0.9888645257101757,0,0
rwtd_294,0.9875930521057296,0.9784430017213144,0,0
rwtd_299,0.8227674190359658,0.6513987881358431,0,1
rwtd_300,0.9957343707309727,0.9923840224967222,0,0
rwtd_302,0.9860800650240937,0.9750684634235883,0,0
rwtd_303,0.9752610854264028,0.964763022030058,0,0
rwtd_304,0.7168579101551562,-0.0006090239710809179,0,0
rwtd_308,0.12132248335491697,-0.0907994927830405,0,0
rwtd_310,0.8880128720693804,0.9230116595133606,0,0
rwtd_311,0.8654357459251782,0.9047246043307782,0,0
rwtd_315,0.9414993995378024,0.9610484737299039,0,0
rwtd_318,0.9890456594140916,0.9627979400684947,0,0
rwtd_319,0.42695768715180943,0.12690397126345093,0,0
rwtd_321,0.5149569683491291,0.3258426603890733,0,0
rwtd_322,0.9595846270228309,0.9076492450154185,0,0
rwtd_323,0.9143076923048791,0.8372371219679273,0,0
rwtd_324,0.9608320353032164,0.927683812221141,0,0
rwtd_325,0.9234277859323208,0.855994224115847,0,0
rwtd_327,0.9587854722179893,0.9278447432603506,0,0
rwtd_328,0.9430931619969832,0.9179065051063638,0,0
rwtd_329,0.9092762487231417,0.8189091291339031,0,0
rwtd_330,0.5986421725215709,0.47154106055623246,0,0
rwtd_331,0.8647168753487858,0.5779901389680571,0,1
rwtd_332,0.9046517392344681,0.8630609849054163,0,0
rwtd_334,0.9475530246721648,0.9234584899693539,0,0
rwtd_337,0.9931624902911279,0.9746789672107519,0,0
rwtd_342,0.9570143398236032,0.9239140916688924,0,0
rwtd_343,0.9846584658446151,0.9502625318783986,0,0
rwtd_344,0.9874401788865699,0.9620836162916739,0,0
rwtd_345,0.8220244716317635,0.7509898063046844,0,0
rwtd_346,0.9301677194470478,0.9034903955543115,0,0
rwtd_347,0.9704900067813743,0.9321235639450713,0,0
rwtd_348,0.9008110848208808,0.889310235777387,0,0
rwtd_349,0.9187794139926179,0.9013437857955646,0,0
rwtd_350,0.8523058319086885,0.8335843931505627,0,0
rwtd_351,0.983656286754833,0.9680325822827865,0,0
rwtd_352,0.9536526153147937,0.8560448966704362,0,0
rwtd_357,0.9764521792192334,0.9626229267778154,0,0
rwtd_358,0.5547941640779369,0.046690261076309504,0,0
rwtd_359,0.9336730610150912,0.8540062361912851,0,0
rwtd_362,0.5207905787255378,0.00537394799504516,0,0
rwtd_363,0.9383732654704509,0.8490447842132451,0,0
rwtd_364,0.9791702642009602,0.9404573772436566,0,0
rwtd_365,0.563889712420982,0.13218758768041525,0,1
rwtd_366,0.9174618187862201,0.8271040056417368,0,0
rwtd_367,0.9197711254612613,0.8103072347112382,0,0
rwtd_371,0.961755044577502,0.9124240733328056,0,0
rwtd_373,0.8955253431831076,0.895329649796684,0,0
rwtd_374,0.8964059196597998,0.724984276007654,0,0
rwtd_376,0.8828185769806323,0.846924324893578,0,0
rwtd_377,0.5257758952629561,0.0015844685728217825,0,0
rwtd_378,0.9806806550647378,0.922362057994541,0,0
rwtd_380,0.9442948850674171,0.8369421220738964,0,0
rwtd_382,0.9360930714352442,0.8032980033451299,0,0
rwtd_383,0.9677453173016224,0.944435580888509,0,0
rwtd_387,0.26372555389342,0.2702859526831446,0,0
rwtd_388,0.6536781852844873,0.5537686133678955,0,0
rwtd_389,0.9629451560803498,0.9352093393055138,0,0
rwtd_391,0.8839204743572799,0.8876356829298239,0,0
rwtd_392,0.9353991596611362,0.8694312009745162,0,0
rwtd_393,0.9695954435004205,0.9558985109544612,0,0
rwtd_394,0.9754249215077931,0.9588361499859291,0,0
rwtd_395,0.9754008967121404,0.9630213739797009,0,0
rwtd_397,0.7555948295333931,0.4037414114200559,0,0
rwtd_398,0.7716579686810786,0.7944959276639542,0,0
rwtd_399,0.6428117833821788,0.1257359499792453,0,0
rwtd_400,0.9283332175330774,0.8779845052217989,0,0
rwtd_403,0.974016332581904,0.9785111594378201,0,0
rwtd_408,0.9630592336596341,0.9276274688805661,0,0
rwtd_410,0.9727905859726879,0.9317627660087859,0,0
rwtd_411,0.9489786177885214,0.9344985587885386,0,0
rwtd_412,0.8971019593987029,0.8885079994188188,0,0
rwtd_413,0.9350300813939629,0.870057310056338,0,0
rwtd_414,0.9395642466666426,0.9062069205346268,0,0
rwtd_416,0.2328857674024669,0.14698126311822993,0,0
rwtd_417,0.9549462365565727,0.9003066973066218,0,0
rwtd_418,0.9012413576296257,0.9106184721299797,0,0
rwtd_422,0.9904738491764782,0.9811683141596826,0,0
rwtd_423,0.9709819462748965,0.9597763972630451,0,0
rwtd_424,0.9676902207399983,0.9214688063341882,0,0
rwtd_425,0.9285054575947586,0.8979503114186875,0,0
rwtd_426,0.9250658472303552,0.8973101765977578,0,0
rwtd_428,0.9637099778907481,0.9126597727305312,0,0
rwtd_429,0.6091440911498458,0.04777674222592012,0,1
rwtd_431,0.46426351771064556,0.39372297078876345,0,0
rwtd_432,0.9375204163833325,0.8298557386243312,0,0
rwtd_434,0.9656302262842908,0.9394682988063618,0,0
rwtd_436,0.9919079259587282,0.9791654957382511,0,0
rwtd_437,0.9704777524947331,0.9650178415033689,0,0
rwtd_440,0.9679374173538129,0.9754392157793723,0,0
rwtd_441,0.9758461839443362,0.8941666086115403,0,0
rwtd_442,0.8924844802477051,0.8923467635022158,0,0
rwtd_443,0.7095028687245173,0.19932152451482596,0,0
rwtd_444,0.9568985574630241,0.9526285425254761,0,0
rwtd_447,0.9617520185798877,0.895647476547029,0,0
rwtd_448,0.9551861858306261,0.909027706530536,0,0
rwtd_449,0.9414272366242075,0.8813092827968712,0,0
rwtd_450,0.9415594441560948,0.8661275394273464,0,0
rwtd_451,0.935309020203056,0.9297686160105079,0,0
rwtd_452,0.9628594450295541,0.9118872670278467,0,0
rwtd_453,0.5094243857411248,0.11341673753727415,0,0
rwtd_455,0.9583016453025203,0.8462094098858822,0,0
rwtd_456,0.867874502868807,0.8079682414411841,0,0
rwtd_457,0.9148233134423367,0.8879970600255876,0,0
rwtd_461,0.9221354500040401,0.8229381270057093,0,0
rwtd_463,0.2161088683408249,0.2188809574987679,0,0
rwtd_464,0.09132466736447806,-0.023514310575072302,0,0
rwtd_465,0.9107240437096261,0.9123840470565893,0,0
rwtd_466,0.85776369397141,0.879609833122423,0,0
rwtd_467,0.8971881872412143,0.8458575949836127,0,0
rwtd_468,0.9444575990226145,0.9022693575947467,0,0
rwtd_469,0.8753214507365641,0.8331700298742168,0,0
rwtd_471,0.5724026779048995,0.45576525843692706,0,0
rwtd_472,0.26015032658200626,0.094427716080054,0,0
rwtd_473,0.6956661729622277,0.6937104660560092,0,0
rwtd_474,0.8042982516702073,0.8099842411807466,0,0
rwtd_475,0.9327097451538305,0.8348067705789143,0,0
rwtd_476,0.9553059661639818,0.8851503894140824,0,0
rwtd_478,0.9042413412471527,0.8874184532953514,0,0
rwtd_479,0.3828821393183275,0.26916319709143754,0,1
rwtd_485,0.9196864111466213,0.8641809625122701,0,0
rwtd_492,0.9763815238592786,0.9590916701601979,0,0
