image_id,baseline_iou,baseline_ari,strict_handcrafted_iou,strict_handcrafted_ari,strict_ptd_heur_iou,strict_ptd_heur_ari,strict_ptd_learned_iou,strict_ptd_learned_ari,delta_ptd_learned_iou_vs_baseline,delta_ptd_learned_ari_vs_baseline,delta_ptd_learned_iou_vs_handcrafted,delta_ptd_learned_ari_vs_handcrafted
rwtd_1,0.9279993461839816,0.9362596918376475,0.7896994397875323,-0.043894673777160116,0.7896994397875323,-0.043894673777160116,0.7896994397875323,-0.043894673777160116,-0.1382999063964493,-0.9801543656148076,0.0,0.0
rwtd_2,0.28830904777943644,0.1241388335058749,0.6262585801929497,0.1361652379657257,0.6262585801929497,0.1361652379657257,0.9472984942400706,0.8871611126416824,0.6589894464606342,0.7630222791358074,0.32103991404712096,0.7509958746759567
rwtd_3,0.4374944763578491,0.04704423398836296,0.6774965118579891,0.3650889872284517,0.6774965118579891,0.3650889872284517,0.5961480964705099,0.2526696073397357,0.15865362011266082,0.20562537335137274,-0.08134841538747917,-0.11241937988871598
rwtd_4,0.5555284168095691,-0.0885980911008304,0.4758981697654745,0.3215623622304112,0.4758981697654745,0.3215623622304112,0.9685398469431201,0.9713026918377264,0.413011430133551,1.059900782938557,0.4926416771776456,0.6497403296073152
rwtd_5,0.44399111022508375,0.22910843755477633,0.49596515947136094,0.023501050032753417,0.49596515947136094,0.023501050032753417,0.4570686019690233,0.39402656191075075,0.013077491743939573,0.16491812435597442,-0.038896557502337614,0.3705255118779973
rwtd_8,0.07877556548807049,-0.011529376049273479,0.8858640458611438,0.7986111634318228,0.8858640458611438,0.7986111634318228,0.8858640458611438,0.7986111634318228,0.8070884803730732,0.8101405394810963,0.0,0.0
rwtd_12,0.6579901433165525,0.3987515907432396,0.6035255565169997,0.12733599132701282,0.6035255565169997,0.12733599132701282,0.9159458278697656,0.8316065782961762,0.25795568455321316,0.4328549875529366,0.31242027135276595,0.7042705869691634
rwtd_13,0.8754431195588932,0.7779874936243742,0.5654159124625908,0.03237230012958561,0.5654159124625908,0.03237230012958561,0.8848990633670599,0.7436376827953883,0.009455943808166722,-0.034349810828985916,0.3194831509044691,0.7112653826658027
rwtd_14,0.22692052980057312,0.07903441157905758,0.5266375003870324,-0.0006411851652733326,0.5266375003870324,-0.0006411851652733326,0.5266375003870324,-0.0006411851652733326,0.2997169705864593,-0.07967559674433092,0.0,0.0
rwtd_15,0.5033260447776426,-0.0211691376961114,0.6318490867873753,0.085011100423027,0.6318490867873753,0.085011100423027,0.4022630315951169,-0.025587710527671174,-0.10106301318252575,-0.004418572831559775,-0.2295860551922584,-0.11059881095069816
rwtd_16,0.3205199115031585,0.19329039337967396,0.7429272854787399,0.44148573822988535,0.7429272854787399,0.44148573822988535,0.7429272854787399,0.44148573822988535,0.42240737397558137,0.24819534485021139,0.0,0.0
rwtd_17,0.7562127999002757,0.40222631561155364,0.7041365209174203,0.0271502895147671,0.7041365209174203,0.0271502895147671,0.6882217564610031,0.2882258957200118,-0.06799104343927254,-0.11400041989154186,-0.015914764456417152,0.26107560620524467
rwtd_18,0.41722402896174565,0.00021539439367717942,0.8442274554805042,0.8298022781754189,0.8442274554805042,0.8298022781754189,0.8442274554805042,0.8298022781754189,0.4270034265187585,0.8295868837817417,0.0,0.0
rwtd_22,0.9799799129528625,0.9638302037203728,0.5523486795969612,0.08658213264852713,0.5523486795969612,0.08658213264852713,0.5523486795969612,0.08658213264852713,-0.42763123335590125,-0.8772480710718457,0.0,0.0
rwtd_24,0.3371258440102484,-0.036870619182707384,0.5891590678815677,-0.08432414431631631,0.5891590678815677,-0.08432414431631631,0.5891590678815677,-0.08432414431631631,0.25203322387131927,-0.047453525133608926,0.0,0.0
rwtd_25,0.4584103512003337,0.10597918203421988,0.7858994783344707,0.6253896103822887,0.7858994783344707,0.6253896103822887,0.7858994783344707,0.6253896103822887,0.327489127134137,0.5194104283480688,0.0,0.0
rwtd_27,0.5268339057891823,-0.039839518162418985,0.6878451908493726,0.5819148974323031,0.6878451908493726,0.5819148974323031,0.6878451908493726,0.5819148974323031,0.16101128506019025,0.6217544155947221,0.0,0.0
rwtd_28,0.0,0.0,0.5180204587614435,0.010845283786806362,0.5180204587614435,0.010845283786806362,0.5180204587614435,0.010845283786806362,0.5180204587614435,0.010845283786806362,0.0,0.0
rwtd_30,0.5599093997724426,0.0802684807466176,0.4863284808126955,-0.0029902254855175225,0.4863284808126955,-0.0029902254855175225,0.4863284808126955,-0.0029902254855175225,-0.07358091895974711,-0.08325870623213513,0.0,0.0
rwtd_33,0.07834385659322457,-0.07325622376211208,0.9384828862077845,0.9488761773436472,0.9384828862077845,0.9488761773436472,0.9384828862077845,0.9488761773436472,0.8601390296145599,1.0221324011057593,0.0,0.0
rwtd_34,0.40702910678167836,0.0015280963623113414,0.7059415911367608,0.16658539366465086,0.7059415911367608,0.16658539366465086,0.7358642538782941,0.2643465936984358,0.32883514709661577,0.26281849733612445,0.029922662741533324,0.09776120003378491
rwtd_36,0.9086906308581731,0.9133141527782086,0.7679397706263184,-0.028408652093583647,0.7679397706263184,-0.028408652093583647,0.7679397706263184,-0.028408652093583647,-0.1407508602318548,-0.9417228048717923,0.0,0.0
rwtd_38,0.6412026689172979,0.05795778965439111,0.14688782489614494,0.17823113749980576,0.14688782489614494,0.17823113749980576,0.37459864430699535,0.3864347602479326,-0.2666040246103026,0.3284769705935415,0.22771081941085042,0.20820362274812684
rwtd_39,0.24754112629417804,-0.02754352136868605,0.4339338386875037,-0.011615276121343908,0.4339338386875037,-0.011615276121343908,0.4339338386875037,-0.011615276121343908,0.18639271239332564,0.01592824524734214,0.0,0.0
rwtd_40,0.09756365232606692,0.038711560340664856,0.4491267368994815,0.2633309043174153,0.4491267368994815,0.2633309043174153,0.4491267368994815,0.2633309043174153,0.35156308457341456,0.22461934397675043,0.0,0.0
rwtd_41,0.29397904925606716,0.050139505050676214,0.7110662953348201,0.08119809134318678,0.7110662953348201,0.08119809134318678,0.7110662953348201,0.08119809134318678,0.41708724607875297,0.03105858629251057,0.0,0.0
rwtd_44,0.4288193075152383,0.11294558240221865,0.5785660597950172,0.1470326503763343,0.5785660597950172,0.1470326503763343,0.5785660597950172,0.1470326503763343,0.1497467522797789,0.03408706797411566,0.0,0.0
rwtd_45,0.46366333962648054,0.15422618095369484,0.9920352482606046,0.9799344154844501,0.9920352482606046,0.9799344154844501,0.9920352482606046,0.9799344154844501,0.5283719086341241,0.8257082345307554,0.0,0.0
rwtd_47,0.5407125082667946,0.3077875920616331,0.7181839925187141,0.3652179964225895,0.7181839925187141,0.3652179964225895,0.8109277792785036,0.5857252218022041,0.27021527101170895,0.277937629740571,0.09274378675978945,0.2205072253796146
rwtd_48,0.6433563232412058,-0.10635428616078553,0.004897498452454398,-0.006467229169914241,0.004897498452454398,-0.006467229169914241,0.5622838000208239,0.0694995848906114,-0.08107252322038194,0.17585387105139694,0.5573863015683695,0.07596681406052563
rwtd_51,0.20360514011761224,0.02945361851534277,0.9915476077806429,0.9837091932964744,0.9915476077806429,0.9837091932964744,0.9915476077806429,0.9837091932964744,0.7879424676630307,0.9542555747811317,0.0,0.0
rwtd_54,0.38478004455731607,0.29017249030654113,0.11010101010052656,0.07195128635886919,0.11010101010052656,0.07195128635886919,0.9242464188396954,0.7980785390479201,0.5394663742823793,0.507906048741379,0.8141454087391689,0.726127252689051
rwtd_56,0.17475884762985205,0.04223701416258004,0.49305339015262956,0.006222679936947743,0.49305339015262956,0.006222679936947743,0.49305339015262956,0.006222679936947743,0.3182945425227775,-0.0360143342256323,0.0,0.0
rwtd_58,0.3453997392995182,0.06944507135192667,0.5271623199680386,0.0038435354469673823,0.5271623199680386,0.0038435354469673823,0.5271623199680386,0.0038435354469673823,0.1817625806685204,-0.06560153590495928,0.0,0.0
rwtd_59,0.05021712867714691,0.007510162740286086,0.6472544527369609,0.1721916929829462,0.6472544527369609,0.1721916929829462,0.9777821250880951,0.9520630079952028,0.9275649964109483,0.9445528452549168,0.3305276723511342,0.7798713150122566
rwtd_60,0.022622016387501682,0.011584064529602693,0.4720043219870945,0.04903312588417231,0.4720043219870945,0.04903312588417231,0.4720043219870945,0.04903312588417231,0.44938230559959286,0.037449061354569615,0.0,0.0
rwtd_63,0.050506846878777996,-0.022156456985337775,0.5803833007803644,-0.06334319042936673,0.5803833007803644,-0.06334319042936673,0.5803833007803644,-0.06334319042936673,0.5298764539015863,-0.041186733444028956,0.0,0.0
rwtd_67,0.21977746363213146,-0.01654661729378207,0.6175693527071096,0.007940730351116147,0.6175693527071096,0.007940730351116147,0.6175693527071096,0.007940730351116147,0.3977918890749781,0.024487347644898218,0.0,0.0
rwtd_69,0.30191557891082693,0.0586849665538106,0.5006832062945513,0.0023658007690598205,0.5006832062945513,0.0023658007690598205,0.5006832062945513,0.0023658007690598205,0.1987676273837244,-0.05631916578475078,0.0,0.0
rwtd_70,0.2764866615953224,0.043469200826058145,0.5002860700694977,0.0043111167734646615,0.5002860700694977,0.0043111167734646615,0.5002860700694977,0.0043111167734646615,0.22379940847417523,-0.03915808405259348,0.0,0.0
rwtd_71,0.7317908653802175,0.7191622858225476,0.6451263427724531,-0.1070666250908481,0.6451263427724531,-0.1070666250908481,0.5082702636710994,-0.0636713516836982,-0.22352060170911814,-0.7828336375062458,-0.13685607910135367,0.04339527340714991
rwtd_73,0.8637114992537779,0.7208457633812736,0.5145562903085729,0.00819147904293595,0.5145562903085729,0.00819147904293595,0.5145562903085729,0.00819147904293595,-0.349155208945205,-0.7126542843383377,0.0,0.0
rwtd_74,0.006915230795807885,-0.0007645154341757959,0.5772942798524107,0.05204363029635495,0.5772942798524107,0.05204363029635495,0.5772942798524107,0.05204363029635495,0.5703790490566027,0.05280814573053074,0.0,0.0
rwtd_76,0.9708509176531198,0.9463540391536823,0.9867586669246395,0.9712766577044685,0.9867586669246395,0.9712766577044685,0.9867586669246395,0.9712766577044685,0.015907749271519722,0.024922618550786146,0.0,0.0
rwtd_77,0.3049506634883893,0.3521873428495432,0.7677795458706657,-0.04950747424034051,0.7677795458706657,-0.04950747424034051,0.7677795458706657,-0.04950747424034051,0.4628288823822764,-0.4016948170898837,0.0,0.0
rwtd_78,0.47660178172690615,0.03663171890834743,0.6308135986318499,-0.016049487760970427,0.6308135986318499,-0.016049487760970427,0.6308135986318499,-0.016049487760970427,0.1542118169049438,-0.05268120666931786,0.0,0.0
rwtd_79,0.8120690880601885,0.8201265655990184,0.7994220018306443,0.1253430355511851,0.7994220018306443,0.1253430355511851,0.7854125387850286,0.40299273999714513,-0.026656549275159924,-0.4171338256018733,-0.014009463045615678,0.27764970444596004
rwtd_84,0.6058673913790358,0.08579964811798209,0.7291871365198258,0.47411747258388603,0.7291871365198258,0.47411747258388603,0.7291871365198258,0.47411747258388603,0.12331974514079003,0.38831782446590396,0.0,0.0
rwtd_85,0.005293054479717807,-0.0018863443649180952,0.5653708598964929,-0.004753192977365999,0.5653708598964929,-0.004753192977365999,0.5653708598964929,-0.004753192977365999,0.5600778054167751,-0.0028668486124479036,0.0,0.0
rwtd_86,0.34780261310779664,0.06611928013262147,0.7806515218241339,0.4595240706438179,0.7806515218241339,0.4595240706438179,0.865857635328273,0.6786773064794634,0.5180550222204763,0.612558026346842,0.08520611350413909,0.21915323583564555
rwtd_88,0.5603867188151904,0.017687699198391412,0.5073298511929631,-0.03761245705970963,0.5073298511929631,-0.03761245705970963,0.5073298511929631,-0.03761245705970963,-0.05305686762222728,-0.055300156258101044,0.0,0.0
rwtd_91,0.2872085048002766,0.05703079009472506,0.5963304464674549,0.11558859975540021,0.5963304464674549,0.11558859975540021,0.5963304464674549,0.11558859975540021,0.3091219416671783,0.058557809660675156,0.0,0.0
rwtd_93,0.039089369128794495,-0.012576664478678756,0.4879892902924655,0.016795837071228194,0.4879892902924655,0.016795837071228194,0.4879892902924655,0.016795837071228194,0.448899921163671,0.02937250154990695,0.0,0.0
rwtd_95,0.6310476245872311,0.37558071967335,0.9730045835278236,0.9485541596919951,0.9730045835278236,0.9485541596919951,0.9730045835278236,0.9485541596919951,0.3419569589405925,0.572973440018645,0.0,0.0
rwtd_96,0.0901098901096515,-0.016595711616303885,0.48179186073609115,0.004248044706487994,0.48179186073609115,0.004248044706487994,0.48179186073609115,0.004248044706487994,0.39168197062643967,0.02084375632279188,0.0,0.0
rwtd_101,0.18512187871535593,-0.0006678527554990479,0.6874580230670537,0.45333507476182916,0.6874580230670537,0.45333507476182916,0.6874580230670537,0.45333507476182916,0.5023361443516978,0.4540029275173282,0.0,0.0
rwtd_102,0.4658684419690686,0.4039112931747566,0.7468776019971614,0.029845522099042027,0.7468776019971614,0.029845522099042027,0.7468776019971614,0.029845522099042027,0.28100916002809273,-0.3740657710757146,0.0,0.0
rwtd_103,0.26520634513916774,-0.07189706281557905,0.5570770647826879,-0.07302920718734908,0.5570770647826879,-0.07302920718734908,0.5570770647826879,-0.07302920718734908,0.2918707196435202,-0.001132144371770033,0.0,0.0
rwtd_104,0.8030116779101718,0.8762128898564749,0.9055023193345558,-0.04333967354913025,0.9055023193345558,-0.04333967354913025,0.8858991825311343,0.9316267607243622,0.0828875046209625,0.055413870867887294,-0.019603136803421517,0.9749664342734925
rwtd_106,0.7941894531237882,-0.06916256459665963,0.7823486328113062,-0.07749287271627674,0.7823486328113062,-0.07749287271627674,0.7823486328113062,-0.07749287271627674,-0.011840820312482014,-0.008330308119617102,0.0,0.0
rwtd_107,0.5642465862167271,0.10819067807089379,0.9307275973637688,0.8541887022092,0.9307275973637688,0.8541887022092,0.9307275973637688,0.8541887022092,0.3664810111470417,0.7459980241383062,0.0,0.0
rwtd_109,0.44464794464693924,0.047581954850792633,0.056502098190610875,-0.03117970343998267,0.056502098190610875,-0.03117970343998267,0.5493862548044962,0.00970248119891146,0.10473831015755697,-0.03787947365188117,0.49288415661388535,0.040882184638894134
rwtd_118,0.8701385041454831,0.8990910734087569,0.6987402426760975,-0.054093552052229675,0.6987402426760975,-0.054093552052229675,0.6987402426760975,-0.054093552052229675,-0.17139826146938564,-0.9531846254609866,0.0,0.0
rwtd_121,0.30446439452287255,0.19648222777890686,0.17846548822978045,-0.10022485417058964,0.17846548822978045,-0.10022485417058964,0.8490161549638634,-0.010466349654269647,0.5445517604409909,-0.20694857743317652,0.6705506667340829,0.08975850451631999
rwtd_122,0.9403876103104909,0.877817529852189,0.560521703267415,0.048166937376162934,0.560521703267415,0.048166937376162934,0.560521703267415,0.048166937376162934,-0.3798659070430759,-0.829650592476026,0.0,0.0
rwtd_125,0.0656980279731003,-0.023288320725383775,0.9094795189735556,0.8834196118056267,0.4192215322693714,0.010306860502431858,0.9094795189735556,0.8834196118056267,0.8437814910004553,0.9067079325310105,0.0,0.0
rwtd_128,0.25940572894260683,0.2300769085870944,0.7003663975318727,0.12160542999873486,0.7003663975318727,0.12160542999873486,0.7151151964506371,0.16934745504360477,0.4557094675080303,-0.06072945354348963,0.01474879891876446,0.04774202504486991
rwtd_129,0.804453095326613,0.5601511141096163,0.6105005695895421,0.06305535968451749,0.6105005695895421,0.06305535968451749,0.6105005695895421,0.06305535968451749,-0.1939525257370709,-0.4970957544250988,0.0,0.0
rwtd_134,0.9629367934193123,0.9308033259757887,0.5749547024023538,0.0565779663036624,0.5749547024023538,0.0565779663036624,0.37904344180224125,0.16908922920409333,-0.583893351617071,-0.7617140967716954,-0.19591126060011255,0.11251126290043093
rwtd_139,0.7269590382882709,0.4907703636381985,0.5720714546770558,0.18259717593976194,0.5720714546770558,0.18259717593976194,0.5720714546770558,0.18259717593976194,-0.15488758361121513,-0.30817318769843655,0.0,0.0
rwtd_142,0.32189345500553646,0.11153619633604023,0.7007631257620562,-0.08876137375064756,0.7007631257620562,-0.08876137375064756,0.7007631257620562,-0.08876137375064756,0.3788696707565198,-0.2002975700866878,0.0,0.0
rwtd_149,0.5366964364653446,0.1273877357360265,0.5933328612389028,0.07992319263956701,0.5933328612389028,0.07992319263956701,0.5933328612389028,0.07992319263956701,0.056636424773558236,-0.04746454309645948,0.0,0.0
rwtd_175,0.4667220146664129,-0.0039086386017376275,0.8362185586847127,0.6109207651554744,0.8362185586847127,0.6109207651554744,0.8362185586847127,0.6109207651554744,0.36949654401829984,0.6148294037572121,0.0,0.0
rwtd_176,0.2686337677531949,0.29066566562612006,0.8818914003622034,0.5431316318118653,0.8818914003622034,0.5431316318118653,0.8818914003622034,0.5431316318118653,0.6132576326090085,0.25246596618574524,0.0,0.0
rwtd_178,0.2387556893515437,0.11109660833982767,0.5324927579904347,0.012695555677155067,0.5324927579904347,0.012695555677155067,0.5324927579904347,0.012695555677155067,0.29373706863889104,-0.0984010526626726,0.0,0.0
rwtd_180,0.6104985965199221,0.34699475712820077,0.5751148488430367,0.08909674617790825,0.5751148488430367,0.08909674617790825,0.5751148488430367,0.08909674617790825,-0.03538374767688546,-0.2578980109502925,0.0,0.0
rwtd_181,0.6803387502850685,3.442992337049044e-05,0.9124132143115703,0.0002872988957086332,0.9124132143115703,0.0002872988957086332,0.9124132143115703,0.0002872988957086332,0.23207446402650178,0.0002528689723381428,0.0,0.0
rwtd_182,0.8246755229780892,0.6802802914454698,0.48992947455287833,-0.0005526216580770827,0.48992947455287833,-0.0005526216580770827,0.48992947455287833,-0.0005526216580770827,-0.3347460484252109,-0.6808329131035469,0.0,0.0
rwtd_183,0.18443452285297132,0.04477243678769855,0.5462694316334082,-0.0014314007738731084,0.5462694316334082,-0.0014314007738731084,0.5462694316334082,-0.0014314007738731084,0.3618349087804369,-0.04620383756157166,0.0,0.0
rwtd_184,0.0,0.0,0.9709620813291051,0.0009889104514551193,0.9709620813291051,0.0009889104514551193,0.45622949568863014,-4.913707126891048e-06,0.45622949568863014,-4.913707126891048e-06,-0.514732585640475,-0.0009938241585820103
rwtd_185,0.1484415488259849,0.06661760279943214,0.5650879443010793,-0.011215796067046663,0.5650879443010793,-0.011215796067046663,0.5650879443010793,-0.011215796067046663,0.4166463954750944,-0.0778333988664788,0.0,0.0
rwtd_186,0.31670024563156046,0.05506031541839355,0.5725886585564972,0.042003240291608936,0.5725886585564972,0.042003240291608936,0.5725886585564972,0.042003240291608936,0.25588841292493675,-0.013057075126784612,0.0,0.0
rwtd_188,0.08647374549147623,0.0002507177998854389,0.5002587545274197,0.0006602845624044458,0.5002587545274197,0.0006602845624044458,0.5002587545274197,0.0006602845624044458,0.4137850090359435,0.00040956676251900696,0.0,0.0
rwtd_189,0.3553924560541452,0.06391177059994982,0.7794494628894356,-0.07069069858413148,0.7794494628894356,-0.07069069858413148,0.7794494628894356,-0.07069069858413148,0.4240570068352904,-0.1346024691840813,0.0,0.0
rwtd_194,0.2528055138280086,0.050873354817875124,0.10270741308301719,0.007673683469447432,0.10270741308301719,0.007673683469447432,0.6814452062233508,0.30615777495083446,0.4286396923953422,0.2552844201329593,0.5787377931403336,0.29848409148138705
rwtd_197,0.0,0.0,0.647259985511283,0.11097535498208726,0.647259985511283,0.11097535498208726,0.647259985511283,0.11097535498208726,0.647259985511283,0.11097535498208726,0.0,0.0
rwtd_200,0.6805873903598902,-0.012760225734240979,0.9600257578712105,0.9501218529193634,0.9600257578712105,0.9501218529193634,0.9600257578712105,0.9501218529193634,0.27943836751132023,0.9628820786536043,0.0,0.0
rwtd_201,0.025835064975263358,0.0009319176162379909,0.49786152802029915,0.00019979544000206837,0.49786152802029915,0.00019979544000206837,0.49786152802029915,0.00019979544000206837,0.4720264630450358,-0.0007321221762359225,0.0,0.0
rwtd_202,0.18753724918838147,-0.06675056171964643,0.974462754163176,0.9672672448307412,0.974462754163176,0.9672672448307412,0.974462754163176,0.9672672448307412,0.7869255049747945,1.0340178065503876,0.0,0.0
rwtd_205,0.5882855515462535,0.11271474483880527,0.9837411954648411,0.9646705536479586,0.9837411954648411,0.9646705536479586,0.9837411954648411,0.9646705536479586,0.39545564391858756,0.8519558088091533,0.0,0.0
rwtd_207,0.9961760300787222,0.9926890534210928,0.9689771712760841,0.9414930514302279,0.9689771712760841,0.9414930514302279,0.9689771712760841,0.9414930514302279,-0.02719885880263817,-0.05119600199086494,0.0,0.0
rwtd_210,0.9641798487382215,0.922634069439624,0.4747689295247917,-0.004522310991644753,0.4747689295247917,-0.004522310991644753,0.9448425262424768,0.9015226881521619,-0.019337322495744713,-0.02111138128746215,0.47007359671768506,0.9060449991438067
rwtd_213,0.5710243783064096,0.0015039448983145446,0.9941852219508077,0.9900111023158359,0.9941852219508077,0.9900111023158359,0.9941852219508077,0.9900111023158359,0.4231608436443981,0.9885071574175214,0.0,0.0
rwtd_214,0.348670894614935,0.1651665230003222,0.7063728880531442,0.2968348025012567,0.7063728880531442,0.2968348025012567,0.7063728880531442,0.2968348025012567,0.35770199343820924,0.13166827950093452,0.0,0.0
rwtd_215,0.6409170638354371,0.13572682550875148,0.8791287975619368,0.707089770113413,0.8791287975619368,0.707089770113413,0.8791287975619368,0.707089770113413,0.23821173372649973,0.5713629446046615,0.0,0.0
rwtd_216,0.5862848917894647,0.0669856784563618,0.5031433541733354,0.012101767673455605,0.5031433541733354,0.012101767673455605,0.5031433541733354,0.012101767673455605,-0.0831415376161293,-0.0548839107829062,0.0,0.0
rwtd_219,0.5426306971130055,0.06510338386141323,0.5344047910038279,-0.0006392309891561692,0.5344047910038279,-0.0006392309891561692,0.5344047910038279,-0.0006392309891561692,-0.008225906109177616,-0.0657426148505694,0.0,0.0
rwtd_221,0.8101920939805994,0.6683847182914927,0.5119045800935996,-0.0008501162798174613,0.5119045800935996,-0.0008501162798174613,0.5119045800935996,-0.0008501162798174613,-0.2982875138869998,-0.6692348345713102,0.0,0.0
rwtd_222,0.9167397020100366,0.9135206970310382,0.7447967529285511,-0.014826650799960093,0.7447967529285511,-0.014826650799960093,0.7447967529285511,-0.014826650799960093,-0.17194294908148555,-0.9283473478309983,0.0,0.0
rwtd_224,0.7365692742679041,0.4118283713035045,0.5984967344098251,0.10775244443254048,0.5984967344098251,0.10775244443254048,0.5984967344098251,0.10775244443254048,-0.138072539858079,-0.3040759268709641,0.0,0.0
rwtd_228,0.0021543764618949983,-0.0033833563506111483,0.4618059830104921,-0.002331751925783568,0.4618059830104921,-0.002331751925783568,0.9369537116814339,0.1866451912007377,0.934799335219539,0.19002854755134885,0.47514772867094185,0.18897694312652125
rwtd_229,0.03404760192696467,0.008358615176789552,0.9891470609622363,0.9818800282955529,0.9891470609622363,0.9818800282955529,0.5335210060883487,-0.016697498632498777,0.4994734041613841,-0.02505611380928833,-0.4556260548738875,-0.9985775269280517
rwtd_236,0.9777494014334309,0.9579099462624744,0.5407907635325426,0.00618391036991681,0.5407907635325426,0.00618391036991681,0.5407907635325426,0.00618391036991681,-0.4369586379008883,-0.9517260358925576,0.0,0.0
rwtd_237,0.979703514966183,0.9576712258777283,0.4976424874437535,-0.0011026243223553125,0.4976424874437535,-0.0011026243223553125,0.4976424874437535,-0.0011026243223553125,-0.4820610275224295,-0.9587738502000837,0.0,0.0
rwtd_238,0.5416259765616735,-0.00270627514600254,0.9591616321814467,0.927497976266001,0.5522281970446996,0.0041459888017929365,0.9798736957688636,0.9557564870262469,0.4382477192071901,0.9584627621722495,0.02071206358741695,0.02825851076024599
rwtd_240,0.8489631549693367,0.6406340245965265,0.4909037366656454,-0.007376310356021653,0.4909037366656454,-0.007376310356021653,0.4909037366656454,-0.007376310356021653,-0.3580594183036913,-0.6480103349525481,0.0,0.0
rwtd_243,0.1512748756207146,0.14532028078348305,0.49563718624910436,0.5723275147999483,0.49563718624910436,0.5723275147999483,0.49563718624910436,0.5723275147999483,0.34436231062838973,0.42700723401646523,0.0,0.0
rwtd_244,0.888765338944266,0.6741623096433935,0.5277913610414742,0.31058370149029463,0.5277913610414742,0.31058370149029463,0.5277913610414742,0.31058370149029463,-0.36097397790279184,-0.3635786081530989,0.0,0.0
rwtd_245,0.09657219722599246,-0.035897124810031544,0.7907242839132281,0.6911606555293908,0.7907242839132281,0.6911606555293908,0.530076243040998,0.14203086373415472,0.4335040458150055,0.17792798854418626,-0.26064804087223015,-0.549129791795236
rwtd_246,0.04677697043961955,-0.0018933589089922158,0.5166679533690779,9.653520896976162e-05,0.5166679533690779,9.653520896976162e-05,0.9617061611344022,0.9273918117588889,0.9149291906947826,0.9292851706678811,0.4450382077653243,0.9272952765499191
rwtd_247,0.8544231459985814,0.7463617996155766,0.97963421224513,0.9567750077302914,0.97963421224513,0.9567750077302914,0.97963421224513,0.9567750077302914,0.12521106624654865,0.21041320811471487,0.0,0.0
rwtd_250,0.2969586657912401,-0.03677567967131537,0.5500977671241484,-0.0403456713108509,0.5500977671241484,-0.0403456713108509,0.5500977671241484,-0.0403456713108509,0.2531391013329083,-0.0035699916395355302,0.0,0.0
rwtd_251,0.05289156626490093,0.0014755488279535151,0.5108624094791007,0.0048094474078097275,0.5108624094791007,0.0048094474078097275,0.5108624094791007,0.0048094474078097275,0.45797084321419973,0.0033338985798562126,0.0,0.0
rwtd_252,0.9682399999922541,0.9715932010147263,0.8096008300768897,-0.008119781969688737,0.8096008300768897,-0.008119781969688737,0.8096008300768897,-0.008119781969688737,-0.15863916991536442,-0.9797129829844151,0.0,0.0
rwtd_253,0.7542357551982085,0.5642837599852611,0.9168115941995767,0.8645921448665124,0.9168115941995767,0.8645921448665124,0.9168115941995767,0.8645921448665124,0.16257583900136818,0.3003083848812512,0.0,0.0
rwtd_254,0.7044144013163144,0.39346122219930557,0.5562170826645962,7.336181792320795e-05,0.5562170826645962,7.336181792320795e-05,0.5562170826645962,7.336181792320795e-05,-0.14819731865171815,-0.39338786038138235,0.0,0.0
rwtd_256,0.9704541309472599,0.9415528348539203,0.9916770450442219,0.9833460330419198,0.9916770450442219,0.9833460330419198,0.9916770450442219,0.9833460330419198,0.021222914096962087,0.041793198187999536,0.0,0.0
rwtd_257,0.9863628940021788,0.9796280946567065,0.6286006972041028,0.001284561204823263,0.6286006972041028,0.001284561204823263,0.6286006972041028,0.001284561204823263,-0.35776219679807597,-0.9783435334518833,0.0,0.0
rwtd_258,0.07709771437313362,0.003681306763658946,0.4900090974064429,-0.0012786585775955935,0.4900090974064429,-0.0012786585775955935,0.4900090974064429,-0.0012786585775955935,0.41291138303330926,-0.00495996534125454,0.0,0.0
rwtd_259,0.2701549468778524,-0.06789496749561118,0.9767272727221988,0.9719764119653803,0.9767272727221988,0.9719764119653803,0.9767272727221988,0.9719764119653803,0.7065723258443464,1.0398713794609915,0.0,0.0
rwtd_260,0.977608722431386,0.9561189969319525,0.5137406846118179,0.00195816882422746,0.5137406846118179,0.00195816882422746,0.5137406846118179,0.00195816882422746,-0.4638680378195681,-0.954160828107725,0.0,0.0
rwtd_261,0.9110256762291946,0.8479744623902096,0.6653469622792518,0.17952358600185359,0.6653469622792518,0.17952358600185359,0.6653469622792518,0.17952358600185359,-0.24567871394994278,-0.668450876388356,0.0,0.0
rwtd_262,0.1641604350777317,-0.00617972721074247,0.9689969811031884,0.9449817883113084,0.9689969811031884,0.9449817883113084,0.9689969811031884,0.9449817883113084,0.8048365460254567,0.9511615155220509,0.0,0.0
rwtd_263,0.3189033189022963,0.12263204117222017,0.6524223078532765,0.19882880497657152,0.6524223078532765,0.19882880497657152,0.6524223078532765,0.19882880497657152,0.3335189889509802,0.07619676380435135,0.0,0.0
rwtd_265,0.1800747292965913,-0.10423979233488896,0.7455139160144875,-0.06298463824746489,0.7455139160144875,-0.06298463824746489,0.7455139160144875,-0.06298463824746489,0.5654391867178962,0.04125515408742407,0.0,0.0
rwtd_268,0.028157251088623284,-0.00031472280681575757,0.9765854242739787,0.9528393141990631,0.9765854242739787,0.9528393141990631,0.5104098590226396,0.0012536207697445704,0.4822526079340163,0.001568343576560328,-0.4661755652513391,-0.9515856934293185
rwtd_269,0.8633578629984654,0.7592503572936736,0.48498577436837426,-0.0023536765637750716,0.48498577436837426,-0.0023536765637750716,0.48498577436837426,-0.0023536765637750716,-0.37837208863009114,-0.7616040338574487,0.0,0.0
rwtd_270,0.12369858026893447,0.022104809723905244,0.4563338936093929,0.076402143897873,0.4563338936093929,0.076402143897873,0.4563338936093929,0.076402143897873,0.3326353133404584,0.05429733417396776,0.0,0.0
rwtd_274,0.9228432873891709,0.8239191453742196,0.5143411586512143,-0.005415890667232794,0.5143411586512143,-0.005415890667232794,0.9194591619042198,0.8621571956285357,-0.0033841254849510394,0.038238050254316036,0.4051180032530055,0.8675730862957685
rwtd_276,0.3196737460092215,0.18532570037726967,0.5969085693350267,-0.051510168124386,0.5969085693350267,-0.051510168124386,0.5969085693350267,-0.051510168124386,0.2772348233258052,-0.23683586850165567,0.0,0.0
rwtd_280,0.7329841546947782,0.4785684982766813,0.48666152942813984,0.013471897160405633,0.48666152942813984,0.013471897160405633,0.6761729775771524,0.3948417634962617,-0.05681117711762573,-0.08372673478041959,0.1895114481490126,0.38136986633585607
rwtd_281,0.18922951327255796,0.010752583606134684,0.4868345602472114,-0.004455876341546036,0.4868345602472114,-0.004455876341546036,0.4868345602472114,-0.004455876341546036,0.2976050469746534,-0.01520845994768072,0.0,0.0
rwtd_282,0.0,0.0,0.7976427490621495,0.5888193083780838,0.7976427490621495,0.5888193083780838,0.7976427490621495,0.5888193083780838,0.7976427490621495,0.5888193083780838,0.0,0.0
rwtd_288,0.12462561180479552,-0.02025730036288817,0.48738873711027164,0.00673312870595094,0.48738873711027164,0.00673312870595094,0.435374988983105,-0.0028795402293900194,0.31074937717830947,0.01737776013349815,-0.05201374812716664,-0.009612668935340959
rwtd_293,0.7699970700188494,0.8092131037557886,0.8255004882799903,-0.03917189666218678,0.8255004882799903,-0.03917189666218678,0.8255004882799903,-0.03917189666218678,0.05550341826114091,-0.8483850004179754,0.0,0.0
rwtd_294,0.2390711338034585,0.10378266959873936,0.5917325541412999,0.06830024551660581,0.5917325541412999,0.06830024551660581,0.5917325541412999,0.06830024551660581,0.35266142033784137,-0.03548242408213355,0.0,0.0
rwtd_299,0.6485609599176333,0.37992932841512206,0.5677444487717808,0.1031006905015848,0.5677444487717808,0.1031006905015848,0.9295049375845598,0.8723273207134133,0.28094397766692647,0.4923979922982913,0.361760488812779,0.7692266302118286
rwtd_300,0.028684605928053938,0.006752147290809897,0.9725793799632598,0.9515199731278152,0.9725793799632598,0.9515199731278152,0.9875634237784371,0.9726594775785984,0.9588788178503832,0.9659073302877885,0.014984043815177261,0.021139504450783164
rwtd_302,0.956708810482039,0.92175102536154,0.5224215588968281,-0.0067723860415702325,0.5224215588968281,-0.0067723860415702325,0.9909681347642548,0.9837680150762145,0.034259324282215786,0.06201698971467451,0.46854657586742676,0.9905404011177847
rwtd_303,0.9881520627301903,0.9829866510189538,0.6380723702311839,-0.002527363734783347,0.6380723702311839,-0.002527363734783347,0.9816837665545537,0.9531039263773925,-0.006468296175636601,-0.029882724641561276,0.3436113963233698,0.9556312901121758
rwtd_304,0.5204146196208865,0.044964269574543254,0.45818248757369734,-0.036510459959882564,0.45818248757369734,-0.036510459959882564,0.45818248757369734,-0.036510459959882564,-0.06223213204718919,-0.08147472953442582,0.0,0.0
rwtd_308,0.7684016014723714,0.7872614491385975,0.563391588957322,-0.07350228102899535,0.563391588957322,-0.07350228102899535,0.563391588957322,-0.07350228102899535,-0.20501001251504936,-0.8607637301675929,0.0,0.0
rwtd_310,0.5442463265634072,0.02358038025858082,0.753372192381663,-0.09046382941611791,0.753372192381663,-0.09046382941611791,0.753372192381663,-0.09046382941611791,0.20912586581825576,-0.11404420967469873,0.0,0.0
rwtd_311,0.8896029705671293,0.9215456912284967,0.8943564721032125,0.06544970485970575,0.8943564721032125,0.06544970485970575,0.8788501026565144,0.9143479353344169,-0.010752867910614916,-0.0071977558940797826,-0.015506369446698032,0.8488982304747112
rwtd_315,0.7919398688502809,0.8525079925279171,0.9110053722165602,0.08917330113195386,0.9110053722165602,0.08917330113195386,0.9110053722165602,0.08917330113195386,0.1190655033662793,-0.7633346913959632,0.0,0.0
rwtd_318,0.6858590436713946,0.05328967076135249,0.7829991714982883,0.23625648278123076,0.7829991714982883,0.23625648278123076,0.8610963667962641,0.5486828805199048,0.1752373231248695,0.4953932097585523,0.07809719529797576,0.312426397738674
rwtd_319,0.7036905315549922,0.4478407729233144,0.9728502116204781,0.952410807507439,0.9728502116204781,0.952410807507439,0.9728502116204781,0.952410807507439,0.26915968006548596,0.5045700345841246,0.0,0.0
rwtd_321,0.24951843698318135,0.10372738108222407,0.39861458797572574,0.21131405575350518,0.39861458797572574,0.21131405575350518,0.4888806896303999,0.28325343373612033,0.23936225264721853,0.17952605265389626,0.09026610165467414,0.07193937798261515
rwtd_322,0.6659108766401034,0.29773831333060846,0.722423288746743,0.5337683867597262,0.722423288746743,0.5337683867597262,0.722423288746743,0.5337683867597262,0.0565124121066396,0.2360300734291177,0.0,0.0
rwtd_323,0.537293359482944,0.24583085535746638,0.7023623151139043,0.37354816983730965,0.7023623151139043,0.37354816983730965,0.7023623151139043,0.37354816983730965,0.16506895563096036,0.12771731447984327,0.0,0.0
rwtd_324,0.8618412575671246,0.7553201252458728,0.1699697354285204,0.04650177887641324,0.1699697354285204,0.04650177887641324,0.8463583467073476,0.6609995717278984,-0.015482910859777044,-0.09432055351797441,0.6763886112788271,0.6144977928514851
rwtd_325,0.5845552944272465,0.3796852023216172,0.8719463638910017,0.7188391719497429,0.8719463638910017,0.7188391719497429,0.8719463638910017,0.7188391719497429,0.28739106946375514,0.3391539696281257,0.0,0.0
rwtd_327,0.13697832859688117,0.04453835804699591,0.48657144601036656,-0.008171139677011332,0.48657144601036656,-0.008171139677011332,0.48657144601036656,-0.008171139677011332,0.3495931174134854,-0.05270949772400724,0.0,0.0
rwtd_328,0.13138157650441581,-0.09421420801842778,0.4046964247923112,0.2286021797114267,0.4046964247923112,0.2286021797114267,0.4046964247923112,0.2286021797114267,0.27331484828789543,0.3228163877298545,0.0,0.0
rwtd_329,0.2849360192566675,0.09599289661694742,0.564401435614389,0.042012618979361385,0.564401435614389,0.042012618979361385,0.564401435614389,0.042012618979361385,0.27946541635772154,-0.05398027763758603,0.0,0.0
rwtd_330,0.3780014552495028,0.25832544740305674,0.0490188128444331,0.02548607820153383,0.0490188128444331,0.02548607820153383,0.9621745938516291,0.9076380731250842,0.5841731386021263,0.6493126257220274,0.913155781007196,0.8821519949235503
rwtd_331,0.9117200137203484,0.8901488912883689,0.6875286285756137,-0.021636261043137983,0.6875286285756137,-0.021636261043137983,0.6875286285756137,-0.021636261043137983,-0.2241913851447347,-0.9117851523315069,0.0,0.0
rwtd_332,0.5525461180469632,0.3459374571793813,0.8998703298448015,0.8539210824036555,0.8998703298448015,0.8539210824036555,0.8998703298448015,0.8539210824036555,0.34732421179783834,0.5079836252242742,0.0,0.0
rwtd_334,0.10281153204645506,-0.038802184676981245,0.5092633160159772,-0.03378886196367617,0.5092633160159772,-0.03378886196367617,0.5092633160159772,-0.03378886196367617,0.40645178396952214,0.005013322713305075,0.0,0.0
rwtd_337,0.6927836243743912,0.6718692477227668,0.4387110587724797,-0.011353481296712147,0.4387110587724797,-0.011353481296712147,0.4387110587724797,-0.011353481296712147,-0.25407256560191155,-0.6832227290194789,0.0,0.0
rwtd_342,0.6572147329833551,0.3808380484052556,0.8329855089479057,0.6832613106648799,0.8329855089479057,0.6832613106648799,0.9562098138715526,0.9225645953984855,0.2989950808881975,0.5417265469932299,0.12322430492364689,0.23930328473360551
rwtd_343,0.664050032345637,0.5704904802134498,0.5550794903575935,0.40035896821925376,0.5550794903575935,0.40035896821925376,0.9264733991658077,0.9244601856099299,0.26242336682017076,0.3539697053964801,0.3713939088082142,0.5241012173906762
rwtd_344,0.8962163263181941,0.8751597086260814,0.8172652540405856,0.5341345168349648,0.8172652540405856,0.5341345168349648,0.7176195139855579,-0.004650274658768947,-0.17859681233263625,-0.8798099832848504,-0.09964574005502769,-0.5387847914937338
rwtd_345,0.7943781784543793,0.408723578021279,0.5194391627625725,-0.053379839863449886,0.5194391627625725,-0.053379839863449886,0.5194391627625725,-0.053379839863449886,-0.2749390156918068,-0.4621034178847289,0.0,0.0
rwtd_346,0.7890056298605479,0.6723227893930896,0.4516035430658955,-0.02709852368708538,0.4516035430658955,-0.02709852368708538,0.47907250933281137,0.05800829609509193,-0.3099331205277365,-0.6143144932979977,0.027468966266915862,0.08510681978217731
rwtd_347,0.8294793920570674,0.6406042136050097,0.528525422073722,0.061075906466802096,0.528525422073722,0.061075906466802096,0.528525422073722,0.061075906466802096,-0.30095396998334545,-0.5795283071382077,0.0,0.0
rwtd_348,0.9353338500667958,0.926497932888784,0.7115906750293175,0.02822933234165947,0.7115906750293175,0.02822933234165947,0.7115906750293175,0.02822933234165947,-0.22374317503747831,-0.8982686005471245,0.0,0.0
rwtd_349,0.45977783203054845,-0.03828080111962499,0.6940765380848785,-0.005529384647217328,0.6940765380848785,-0.005529384647217328,0.6940765380848785,-0.005529384647217328,0.23429870605433,0.03275141647240766,0.0,0.0
rwtd_350,0.8439228445231516,0.800867588683953,0.8227889847698412,0.8013028129543891,0.8227889847698412,0.8013028129543891,0.941577233809756,0.8214868277120677,0.09765438928660441,0.02061923902811469,0.1187882490399148,0.020184014757678614
rwtd_351,0.5212702499049962,0.0046254731590105415,0.9705687631628932,0.9411975125627904,0.9705687631628932,0.9411975125627904,0.49650585422592947,-0.00017964239976211825,-0.024764395679066686,-0.00480511555877266,-0.47406290893696373,-0.9413771549625525
rwtd_352,0.684282146515298,0.03377923306268061,0.9428519848335248,0.8246698228749935,0.9428519848335248,0.8246698228749935,0.9428519848335248,0.8246698228749935,0.2585698383182269,0.7908905898123129,0.0,0.0
rwtd_357,0.4611833596772863,-0.014157105441861273,0.5990094469402931,-0.0027011038462028537,0.5990094469402931,-0.0027011038462028537,0.5990094469402931,-0.0027011038462028537,0.13782608726300682,0.011456001595658419,0.0,0.0
rwtd_358,0.11782204851477472,-0.0286129244389412,0.07251454571385368,-0.04517855047239255,0.07251454571385368,-0.04517855047239255,0.9846061163324435,0.8141655505061218,0.8667840678176688,0.8427784749450631,0.9120915706185899,0.8593441009785143
rwtd_359,0.15031511922503307,0.028635462770406732,0.9265806616402438,0.8321888082746193,0.9265806616402438,0.8321888082746193,0.9265806616402438,0.8321888082746193,0.7762655424152107,0.8035533455042125,0.0,0.0
rwtd_362,0.042335899145274455,0.0012223790202395362,0.09249325696247387,0.007379457079157125,0.09249325696247387,0.007379457079157125,0.5239031306889388,0.009614674944755167,0.4815672315436643,0.00839229592451563,0.4314098737264649,0.0022352178655980414
rwtd_363,0.06853491480091657,0.03845216990088017,0.7078005006203146,0.18973540794891872,0.7078005006203146,0.18973540794891872,0.7078005006203146,0.18973540794891872,0.6392655858193981,0.15128323804803856,0.0,0.0
rwtd_364,0.8954854140842791,0.7192925823704247,0.5030722563576214,-0.04966336883585574,0.5030722563576214,-0.04966336883585574,0.5030722563576214,-0.04966336883585574,-0.39241315772665764,-0.7689559512062805,0.0,0.0
rwtd_365,0.6075765477143427,0.4556933273774012,0.9026273926184055,0.7817367724474876,0.9026273926184055,0.7817367724474876,0.9026273926184055,0.7817367724474876,0.29505084490406286,0.3260434450700864,0.0,0.0
rwtd_366,0.5561896022695031,0.2783860866415369,0.6671782893990275,0.29523459173314764,0.6671782893990275,0.29523459173314764,0.6671782893990275,0.29523459173314764,0.11098868712952437,0.016848505091610733,0.0,0.0
rwtd_367,0.6073411838816615,0.4759620703088824,0.9495346381450614,0.8782717535711482,0.9495346381450614,0.8782717535711482,0.7425004693059085,0.3241486523631402,0.13515928542424704,-0.15181341794574216,-0.20703416883915293,-0.5541231012080079
rwtd_371,0.2650996836597326,0.1370618412222935,0.7446724779112086,0.35947691324651937,0.7446724779112086,0.35947691324651937,0.7159071562326846,0.2860031922950787,0.45080747257295206,0.1489413510727852,-0.02876532167852397,-0.07347372095144067
rwtd_373,0.5951211525843356,0.4760753536904556,0.07734412184658626,-0.06113442001717428,0.07734412184658626,-0.06113442001717428,0.9416111367622774,0.9413117286888039,0.34648998417794175,0.46523637499834825,0.8642670149156911,1.0024461487059781
rwtd_374,0.2960618846689317,-0.0949552759063977,0.4498099801699859,0.33017720017203095,0.4498099801699859,0.33017720017203095,0.4498099801699859,0.33017720017203095,0.15374809550105423,0.42513247607842863,0.0,0.0
rwtd_376,0.09418181818139008,0.06316425086405975,0.9707732064834752,0.922762438918448,0.9707732064834752,0.922762438918448,0.9707732064834752,0.922762438918448,0.8765913883020852,0.8595981880543883,0.0,0.0
rwtd_377,0.11923475701508539,-0.07552723039567001,0.08561529191201524,-0.07263628558004352,0.08561529191201524,-0.07263628558004352,0.8988259668353104,0.9319000946944124,0.779591209820225,1.0074273250900825,0.8132106749232951,1.0045363802744558
rwtd_378,0.2699163803703253,0.2516913059417762,0.19652570626253266,0.2377683807119887,0.19652570626253266,0.2377683807119887,0.9535966720642144,0.8266608775556337,0.6836802916938891,0.5749695716138574,0.7570709658016818,0.588892496843645
rwtd_380,0.16610305496551783,0.15340154851758778,0.9563579147841572,0.870591646068976,0.9563579147841572,0.870591646068976,0.9563579147841572,0.870591646068976,0.7902548598186394,0.7171900975513882,0.0,0.0
rwtd_382,0.7270150357362151,0.7179187585772929,0.23249551166816815,0.2345760991503477,0.23249551166816815,0.2345760991503477,0.845933080133967,0.4393776023604692,0.11891804439775189,-0.27854115621682374,0.6134375684657988,0.2048015032101215
rwtd_383,0.4985154814064099,0.31667019245037603,0.660381705090003,0.1626852223761934,0.660381705090003,0.1626852223761934,0.660381705090003,0.1626852223761934,0.16186622368359316,-0.15398497007418263,0.0,0.0
rwtd_387,0.2497922552756781,0.126816574271104,0.9112475633510502,0.7249145340274035,0.9112475633510502,0.7249145340274035,0.9112475633510502,0.7249145340274035,0.661455308075372,0.5980979597562994,0.0,0.0
rwtd_388,0.24934736842000274,0.1643602255076707,0.5953356348283922,-0.026174028220677232,0.5953356348283922,-0.026174028220677232,0.5953356348283922,-0.026174028220677232,0.34598826640838953,-0.19053425372834795,0.0,0.0
rwtd_389,0.5766680122236991,0.3041328497138664,0.26001415428075014,0.12077816548880274,0.26001415428075014,0.12077816548880274,0.7116293861958833,0.3407976706727313,0.13496137397218422,0.03666482095886492,0.4516152319151332,0.22001950518392857
rwtd_391,0.4968105565807323,0.0290493949707085,0.40523598819996737,0.01673038179544645,0.40523598819996737,0.01673038179544645,0.9160829461064145,0.9183857399812098,0.4192723895256822,0.8893363450105013,0.5108469579064472,0.9016553581857633
rwtd_392,0.3388644352248682,0.1308487813504276,0.9504198549825168,0.8971947629148035,0.9504198549825168,0.8971947629148035,0.9504198549825168,0.8971947629148035,0.6115554197576486,0.7663459815643758,0.0,0.0
rwtd_393,0.4233930453090689,0.31396910604664924,0.9362664960766311,0.8419826708594681,0.9362664960766311,0.8419826708594681,0.8904236142386426,0.7235037245847753,0.4670305689295737,0.40953461853812606,-0.04584288183798857,-0.1184789462746928
rwtd_394,0.0,0.0,0.975323761625517,0.9429997220757059,0.975323761625517,0.9429997220757059,0.975323761625517,0.9429997220757059,0.975323761625517,0.9429997220757059,0.0,0.0
rwtd_395,0.0,0.0,0.9399383229699448,0.8555658098195431,0.9399383229699448,0.8555658098195431,0.9399383229699448,0.8555658098195431,0.9399383229699448,0.8555658098195431,0.0,0.0
rwtd_397,0.0649030377756703,0.04432696037712082,0.4344341464408162,-0.00411439547098359,0.4344341464408162,-0.00411439547098359,0.4344341464408162,-0.00411439547098359,0.3695311086651459,-0.04844135584810441,0.0,0.0
rwtd_398,0.1536992840077124,0.18602895026869617,0.8914489746080148,-0.022805405502736676,0.8914489746080148,-0.022805405502736676,0.8914489746080148,-0.022805405502736676,0.7377496906003024,-0.20883435577143286,0.0,0.0
rwtd_399,0.08747462264968227,-0.07946933297395091,0.3712522045849083,-0.019605745551290656,0.3712522045849083,-0.019605745551290656,0.3712522045849083,-0.019605745551290656,0.28377758193522606,0.05986358742266025,0.0,0.0
rwtd_400,0.8237567758641909,0.5953046095933597,0.4471631205665413,0.00559783288758877,0.4471631205665413,0.00559783288758877,0.8254365824781693,0.7168467350205409,0.001679806613978374,0.12154212542718112,0.37827346191162803,0.7112489021329521
rwtd_403,0.826759628152678,0.3197731806996926,0.9439243826019088,0.7881563462325011,0.9439243826019088,0.7881563462325011,0.9439243826019088,0.7881563462325011,0.1171647544492308,0.46838316553280845,0.0,0.0
rwtd_408,0.17866900175068767,0.06494353838310839,0.17784869804824163,0.0778359545580141,0.17784869804824163,0.0778359545580141,0.17784869804824163,0.0778359545580141,-0.0008203037024460402,0.012892416174905719,0.0,0.0
rwtd_410,0.0,0.0,0.9813330774005918,0.9528629302001228,0.9813330774005918,0.9528629302001228,0.9813330774005918,0.9528629302001228,0.9813330774005918,0.9528629302001228,0.0,0.0
rwtd_411,0.867877925227664,0.8147974062683613,0.509703388532692,-0.057950720159687545,0.509703388532692,-0.057950720159687545,0.9570631172131241,0.9447421509156064,0.08918519198546004,0.12994474464724515,0.44735972868043206,1.002692871075294
rwtd_412,0.7844440557356163,0.7687882065335064,0.7413472044803069,0.02447880911329265,0.7413472044803069,0.02447880911329265,0.7413472044803069,0.02447880911329265,-0.043096851255309376,-0.7443093974202137,0.0,0.0
rwtd_413,0.0951601445467611,0.01028933942424678,0.9257697298545305,0.8522721461550834,0.9257697298545305,0.8522721461550834,0.9257697298545305,0.8522721461550834,0.8306095853077694,0.8419828067308366,0.0,0.0
rwtd_414,0.3580017142148696,0.02888804949734438,0.9329149286252615,0.8955825145850349,0.9329149286252615,0.8955825145850349,0.9329149286252615,0.8955825145850349,0.5749132144103919,0.8666944650876905,0.0,0.0
rwtd_416,0.44059423285645005,0.25075554323817506,0.9645036051002809,0.911870597853383,0.9645036051002809,0.911870597853383,0.9645036051002809,0.911870597853383,0.5239093722438308,0.6611150546152079,0.0,0.0
rwtd_417,0.7772954059466137,0.4683068755252878,0.5441733996262521,-0.00373976932715999,0.5441733996262521,-0.00373976932715999,0.5441733996262521,-0.00373976932715999,-0.23312200632036162,-0.4720466448524478,0.0,0.0
rwtd_418,0.5249959899453296,0.479119842931645,0.8806693775345583,0.8916572977722629,0.8806693775345583,0.8916572977722629,0.8806693775345583,0.8916572977722629,0.35567338758922873,0.4125374548406179,0.0,0.0
rwtd_422,0.9607005684407414,0.9234583577376729,0.5094014415535735,0.0019356445367145348,0.5094014415535735,0.0019356445367145348,0.5094014415535735,0.0019356445367145348,-0.4512991268871679,-0.9215227132009584,0.0,0.0
rwtd_423,0.9880738369755422,0.9833167343480003,0.9540730955484188,0.9366678185269941,0.9540730955484188,0.9366678185269941,0.9540730955484188,0.9366678185269941,-0.03400074142712339,-0.046648915821006165,0.0,0.0
rwtd_424,0.13920332662242432,0.013666985456673896,0.9188254410377928,0.7970156102149213,0.9188254410377928,0.7970156102149213,0.9188254410377928,0.7970156102149213,0.7796221144153686,0.7833486247582474,0.0,0.0
rwtd_425,0.9173434107866956,0.8777754444342459,0.48588990177858693,0.044363670405752086,0.48588990177858693,0.044363670405752086,0.5312414360086525,0.13270713613805546,-0.3861019747780431,-0.7450683082961904,0.04535153423006555,0.08834346573230337
rwtd_426,0.6374642126763294,0.5222057650447177,0.8357092731812817,0.5524502802999374,0.8357092731812817,0.5524502802999374,0.8357092731812817,0.5524502802999374,0.1982450605049524,0.03024451525521965,0.0,0.0
rwtd_428,0.3492391728429604,0.22017603187280566,0.9757345453618068,0.9411349385654146,0.9757345453618068,0.9411349385654146,0.9757345453618068,0.9411349385654146,0.6264953725188465,0.720958906692609,0.0,0.0
rwtd_429,0.4098462816770189,0.2229170964821703,0.9466401090236224,0.8795567936219669,0.9466401090236224,0.8795567936219669,0.9466401090236224,0.8795567936219669,0.5367938273466035,0.6566396971397966,0.0,0.0
rwtd_431,0.003939475333503583,-0.0008728537161262634,0.9598628479203983,0.8923433109064983,0.9598628479203983,0.8923433109064983,0.9598628479203983,0.8923433109064983,0.9559233725868947,0.8932161646226245,0.0,0.0
rwtd_432,0.34331512420613536,0.20576051048584448,0.866926527588374,0.6592519311304678,0.866926527588374,0.6592519311304678,0.866926527588374,0.6592519311304678,0.5236114033822385,0.4534914206446233,0.0,0.0
rwtd_434,0.5953444810821343,0.1332126889094157,0.4377406225925703,0.13869793158980492,0.4377406225925703,0.13869793158980492,0.8002877007884361,0.6754476776002544,0.2049432197063018,0.5422349886908386,0.36254707819586585,0.5367497460104494
rwtd_436,0.09626481134068751,-0.035459719816063454,0.4667408231358747,0.019473124550867527,0.4667408231358747,0.019473124550867527,0.4667408231358747,0.019473124550867527,0.3704760117951872,0.05493284436693098,0.0,0.0
rwtd_437,0.9693429885249255,0.9636534657267731,0.7155318520350232,0.04207058454384961,0.7155318520350232,0.04207058454384961,0.7155318520350232,0.04207058454384961,-0.2538111364899023,-0.9215828811829235,0.0,0.0
rwtd_440,0.4314307417802897,-0.0347962868075904,0.9692120944496886,0.9764354096798672,0.9692120944496886,0.9764354096798672,0.9692120944496886,0.9764354096798672,0.5377813526693989,1.0112316964874577,0.0,0.0
rwtd_441,0.5417341111068904,-0.06614088117712671,0.7763491794892882,0.8034273864142442,0.7763491794892882,0.8034273864142442,0.7763491794892882,0.8034273864142442,0.23461506838239776,0.8695682675913708,0.0,0.0
rwtd_442,0.24346140149470397,0.10817568601393485,0.051023647040051134,-0.04594882990026045,0.051023647040051134,-0.04594882990026045,0.4183761208683872,0.17742497496836682,0.17491471937368325,0.06924928895443197,0.3673524738283361,0.22337380486862726
rwtd_443,0.2802081798983974,0.009081277565153237,0.07529926413226068,-0.0704681644542315,0.07529926413226068,-0.0704681644542315,0.4495296640932742,-0.02126794118306813,0.1693214841948768,-0.030349218748221364,0.37423039996101354,0.04920022327116337
rwtd_444,0.6196642531153833,-0.00026462938450246855,0.8011220706990582,0.2847589104635089,0.8011220706990582,0.2847589104635089,0.8011220706990582,0.2847589104635089,0.18145781758367485,0.2850235398480113,0.0,0.0
rwtd_447,0.39394574211656735,0.20258189723952985,0.9236209945208013,0.79197306880834,0.9236209945208013,0.79197306880834,0.9236209945208013,0.79197306880834,0.5296752524042339,0.58939117156881,0.0,0.0
rwtd_448,0.8473524916818574,0.7132465290575736,0.9761611179584987,0.951052752561489,0.9761611179584987,0.951052752561489,0.9761611179584987,0.951052752561489,0.12880862627664125,0.23780622350391545,0.0,0.0
rwtd_449,0.3094420054707977,0.11305313055359918,0.963180331695389,0.9245144272392495,0.963180331695389,0.9245144272392495,0.963180331695389,0.9245144272392495,0.6537383262245913,0.8114612966856503,0.0,0.0
rwtd_450,0.33979280017761126,0.19672723893416788,0.8254366283911279,0.572498360678015,0.8254366283911279,0.572498360678015,0.9475884572220159,0.8783576246087214,0.6077956570444046,0.6816303856745535,0.12215182883088804,0.3058592639307064
rwtd_451,0.8634951248212606,0.8429234898361445,0.613454384003225,-0.08294400481060357,0.613454384003225,-0.08294400481060357,0.613454384003225,-0.08294400481060357,-0.2500407408180355,-0.9258674946467481,0.0,0.0
rwtd_452,0.0,0.0,0.6486062228380366,0.09535728294897038,0.6486062228380366,0.09535728294897038,0.7729826705818406,0.41326129157999975,0.7729826705818406,0.41326129157999975,0.12437644774380396,0.31790400863102936
rwtd_453,0.21920206394477962,0.02828150081546382,0.9300009222518445,0.8222845107037584,0.9300009222518445,0.8222845107037584,0.9300009222518445,0.8222845107037584,0.7107988583070649,0.7940030098882946,0.0,0.0
rwtd_455,0.4086828594577456,0.15913744075607195,0.8605200945568353,0.862394101675175,0.8605200945568353,0.862394101675175,0.8605200945568353,0.862394101675175,0.45183723509908974,0.7032566609191031,0.0,0.0
rwtd_456,0.6356094161012756,0.2552557508846924,0.5182583952473561,0.11471397827440574,0.5182583952473561,0.11471397827440574,0.5182583952473561,0.11471397827440574,-0.11735102085391957,-0.14054177261028664,0.0,0.0
rwtd_457,0.8098901948623187,0.7206509342962578,0.9370443394885732,0.9166321316564834,0.9370443394885732,0.9166321316564834,0.9370443394885732,0.9166321316564834,0.12715414462625452,0.19598119736022557,0.0,0.0
rwtd_461,0.48085047303500494,0.03259130047722992,0.7222201152898926,0.29704457206313,0.7222201152898926,0.29704457206313,0.7222201152898926,0.29704457206313,0.24136964225488766,0.2644532715859001,0.0,0.0
rwtd_463,0.46097065221102956,0.28114928632156383,0.23450530388795446,0.24495129399858545,0.23450530388795446,0.24495129399858545,0.5693862216234885,0.1086278577063512,0.10841556941245895,-0.17252142861521264,0.3348809177355341,-0.13632343629223426
rwtd_464,0.013509717291892868,-0.005001701567895586,0.21988122171867971,0.08699744841471517,0.6849938141316407,0.21045188234985068,0.6849938141316407,0.21045188234985068,0.6714840968397479,0.21545358391774627,0.465112592412961,0.12345443393513551
rwtd_465,0.3032462661114655,0.046856512435099335,0.6402452976951157,0.561012671751604,0.6402452976951157,0.561012671751604,0.7093648538925053,0.662823917295406,0.40611858778103976,0.6159674048603067,0.06911955619738952,0.10181124554380205
rwtd_466,0.6214111922080641,0.6782737207775714,0.8236775818627224,-0.02700374393991477,0.8236775818627224,-0.02700374393991477,0.8236775818627224,-0.02700374393991477,0.20226638965465837,-0.7052774647174862,0.0,0.0
rwtd_467,0.5560266505134923,0.19193183932687233,0.5058545705000068,-0.013069507391716159,0.5058545705000068,-0.013069507391716159,0.5058545705000068,-0.013069507391716159,-0.0501720800134855,-0.2050013467185885,0.0,0.0
rwtd_468,0.29368745188525874,0.042628955642818135,0.9619208657390533,0.9324429895652029,0.9619208657390533,0.9324429895652029,0.9619208657390533,0.9324429895652029,0.6682334138537946,0.8898140339223848,0.0,0.0
rwtd_469,0.5093572545461125,0.006351062137419023,0.18817683571020177,-0.08001953783377616,0.18817683571020177,-0.08001953783377616,0.18817683571020177,-0.08001953783377616,-0.3211804188359107,-0.08637059997119519,0.0,0.0
rwtd_471,0.8290260443821401,0.5389994706947856,0.5897956337822627,-0.015679409513219052,0.5897956337822627,-0.015679409513219052,0.3434709247279992,0.23447530067843236,-0.4855551196541409,-0.30452417001635324,-0.2463247090542635,0.2501547101916514
rwtd_472,0.8198368773643465,0.6581188088408443,0.5565574941647644,0.016989679412237974,0.5565574941647644,0.016989679412237974,0.5565574941647644,0.016989679412237974,-0.2632793831995821,-0.6411291294286063,0.0,0.0
rwtd_473,0.3363114896569854,0.015496700281476558,0.8391838482938317,0.543973878142406,0.8391838482938317,0.543973878142406,0.8391838482938317,0.543973878142406,0.5028723586368464,0.5284771778609295,0.0,0.0
rwtd_474,0.20556949698452082,-0.02602761535856761,0.8046156571581263,0.21507227540520976,0.8046156571581263,0.21507227540520976,0.4667022360180649,-0.013918591794346137,0.26113273903354406,0.012109023564221473,-0.33791342114006145,-0.2289908671995559
rwtd_475,0.07117181883506926,0.041694294816539024,0.7134847736052325,0.19818300344771345,0.7134847736052325,0.19818300344771345,0.7134847736052325,0.19818300344771345,0.6423129547701633,0.15648870863117442,0.0,0.0
rwtd_476,0.013278082252759086,0.00843328830063033,0.8502126130425621,0.5835871857951459,0.8502126130425621,0.5835871857951459,0.8502126130425621,0.5835871857951459,0.8369345307898031,0.5751538974945156,0.0,0.0
rwtd_478,0.7031399046090955,0.29127978695244316,0.9577711619244573,0.8780432867833129,0.9577711619244573,0.8780432867833129,0.9577711619244573,0.8780432867833129,0.25463125731536185,0.5867634998308697,0.0,0.0
rwtd_479,0.3186537287089684,0.1451972191539476,0.450115213019316,0.3861159053192511,0.450115213019316,0.3861159053192511,0.7160641608753007,0.742480670206287,0.39741043216633226,0.5972834510523395,0.26594894785598466,0.35636476488703595
rwtd_485,0.6641898864796619,0.20331190497145932,0.3707683707051035,0.1451757082867773,0.3707683707051035,0.1451757082867773,0.689504574220866,-0.08454733624202755,0.025314687741204045,-0.2878592412134869,0.3187362035157625,-0.22972304452880488
rwtd_492,0.11431174656534093,0.03722626737672495,0.9707078272939631,0.9342671785376282,0.9707078272939631,0.9342671785376282,0.9707078272939631,0.9342671785376282,0.8563960807286222,0.8970409111609032,0.0,0.0
