image_id,baseline_iou,baseline_ari,handcrafted_iou,handcrafted_ari,dtd_iou,dtd_ari,delta_handcrafted_iou,delta_handcrafted_ari,delta_dtd_iou,delta_dtd_ari
rwtd_1,0.9279993461839816,0.9362596918376475,0.7896994397875323,-0.043894673777160116,0.7896994397875323,-0.043894673777160116,-0.1382999063964493,-0.9801543656148076,-0.1382999063964493,-0.9801543656148076
rwtd_2,0.28830904777943644,0.1241388335058749,0.6262585801929497,0.1361652379657257,0.6262585801929497,0.1361652379657257,0.3379495324135132,0.012026404459850787,0.3379495324135132,0.012026404459850787
rwtd_3,0.4374944763578491,0.04704423398836296,0.6774965118579891,0.3650889872284517,0.6774965118579891,0.3650889872284517,0.24000203550014,0.31804475324008874,0.24000203550014,0.31804475324008874
rwtd_4,0.5555284168095691,-0.0885980911008304,0.4758981697654745,0.3215623622304112,0.4758981697654745,0.3215623622304112,-0.0796302470440946,0.41016045333124157,-0.0796302470440946,0.41016045333124157
rwtd_5,0.44399111022508375,0.22910843755477633,0.49596515947136094,0.023501050032753417,0.4570686019690233,0.39402656191075075,0.05197404924627719,-0.20560738752202293,0.013077491743939573,0.16491812435597442
rwtd_8,0.07877556548807049,-0.011529376049273479,0.8858640458611438,0.7986111634318228,0.8858640458611438,0.7986111634318228,0.8070884803730732,0.8101405394810963,0.8070884803730732,0.8101405394810963
rwtd_12,0.6579901433165525,0.3987515907432396,0.6035255565169997,0.12733599132701282,0.6035255565169997,0.12733599132701282,-0.054464586799552794,-0.27141559941622684,-0.054464586799552794,-0.27141559941622684
rwtd_13,0.8754431195588932,0.7779874936243742,0.5654159124625908,0.03237230012958561,0.5654159124625908,0.03237230012958561,-0.3100272070963024,-0.7456151934947887,-0.3100272070963024,-0.7456151934947887
rwtd_14,0.22692052980057312,0.07903441157905758,0.5266375003870324,-0.0006411851652733326,0.5266375003870324,-0.0006411851652733326,0.2997169705864593,-0.07967559674433092,0.2997169705864593,-0.07967559674433092
rwtd_15,0.5033260447776426,-0.0211691376961114,0.6318490867873753,0.085011100423027,0.6318490867873753,0.085011100423027,0.12852304200973264,0.10618023811913839,0.12852304200973264,0.10618023811913839
rwtd_16,0.3205199115031585,0.19329039337967396,0.7429272854787399,0.44148573822988535,0.7429272854787399,0.44148573822988535,0.42240737397558137,0.24819534485021139,0.42240737397558137,0.24819534485021139
rwtd_17,0.7562127999002757,0.40222631561155364,0.7041365209174203,0.0271502895147671,0.6882217564610031,0.2882258957200118,-0.052076278982855384,-0.37507602609678653,-0.06799104343927254,-0.11400041989154186
rwtd_18,0.41722402896174565,0.00021539439367717942,0.8442274554805042,0.8298022781754189,0.5593078532019041,0.4088429288046391,0.4270034265187585,0.8295868837817417,0.14208382424015847,0.40862753441096195
rwtd_22,0.9799799129528625,0.9638302037203728,0.5523486795969612,0.08658213264852713,0.5523486795969612,0.08658213264852713,-0.42763123335590125,-0.8772480710718457,-0.42763123335590125,-0.8772480710718457
rwtd_24,0.3371258440102484,-0.036870619182707384,0.5891590678815677,-0.08432414431631631,0.5891590678815677,-0.08432414431631631,0.25203322387131927,-0.047453525133608926,0.25203322387131927,-0.047453525133608926
rwtd_25,0.4584103512003337,0.10597918203421988,0.7858994783344707,0.6253896103822887,0.7858994783344707,0.6253896103822887,0.327489127134137,0.5194104283480688,0.327489127134137,0.5194104283480688
rwtd_27,0.5268339057891823,-0.039839518162418985,0.6878451908493726,0.5819148974323031,0.6878451908493726,0.5819148974323031,0.16101128506019025,0.6217544155947221,0.16101128506019025,0.6217544155947221
rwtd_28,0.0,0.0,0.5180204587614435,0.010845283786806362,0.5180204587614435,0.010845283786806362,0.5180204587614435,0.010845283786806362,0.5180204587614435,0.010845283786806362
rwtd_30,0.5599093997724426,0.0802684807466176,0.4863284808126955,-0.0029902254855175225,0.4863284808126955,-0.0029902254855175225,-0.07358091895974711,-0.08325870623213513,-0.07358091895974711,-0.08325870623213513
rwtd_33,0.07834385659322457,-0.07325622376211208,0.9384828862077845,0.9488761773436472,0.9384828862077845,0.9488761773436472,0.8601390296145599,1.0221324011057593,0.8601390296145599,1.0221324011057593
rwtd_34,0.40702910678167836,0.0015280963623113414,0.7059415911367608,0.16658539366465086,0.7059415911367608,0.16658539366465086,0.29891248435508244,0.1650572973023395,0.29891248435508244,0.1650572973023395
rwtd_36,0.9086906308581731,0.9133141527782086,0.7679397706263184,-0.028408652093583647,0.7679397706263184,-0.028408652093583647,-0.1407508602318548,-0.9417228048717923,-0.1407508602318548,-0.9417228048717923
rwtd_38,0.6412026689172979,0.05795778965439111,0.14688782489614494,0.17823113749980576,0.14688782489614494,0.17823113749980576,-0.494314844021153,0.12027334784541466,-0.494314844021153,0.12027334784541466
rwtd_39,0.24754112629417804,-0.02754352136868605,0.4339338386875037,-0.011615276121343908,0.4339338386875037,-0.011615276121343908,0.18639271239332564,0.01592824524734214,0.18639271239332564,0.01592824524734214
rwtd_40,0.09756365232606692,0.038711560340664856,0.4491267368994815,0.2633309043174153,0.4491267368994815,0.2633309043174153,0.35156308457341456,0.22461934397675043,0.35156308457341456,0.22461934397675043
rwtd_41,0.29397904925606716,0.050139505050676214,0.7110662953348201,0.08119809134318678,0.7110662953348201,0.08119809134318678,0.41708724607875297,0.03105858629251057,0.41708724607875297,0.03105858629251057
rwtd_44,0.4288193075152383,0.11294558240221865,0.5785660597950172,0.1470326503763343,0.5785660597950172,0.1470326503763343,0.1497467522797789,0.03408706797411566,0.1497467522797789,0.03408706797411566
rwtd_45,0.46366333962648054,0.15422618095369484,0.9920352482606046,0.9799344154844501,0.9920352482606046,0.9799344154844501,0.5283719086341241,0.8257082345307554,0.5283719086341241,0.8257082345307554
rwtd_47,0.5407125082667946,0.3077875920616331,0.7181839925187141,0.3652179964225895,0.8109277792785036,0.5857252218022041,0.1774714842519195,0.05743040436095642,0.27021527101170895,0.277937629740571
rwtd_48,0.6433563232412058,-0.10635428616078553,0.004897498452454398,-0.006467229169914241,0.6046680988955965,0.11371741533677655,-0.6384588247887515,0.09988705699087129,-0.03868822434560937,0.22007170149756208
rwtd_51,0.20360514011761224,0.02945361851534277,0.9915476077806429,0.9837091932964744,0.9915476077806429,0.9837091932964744,0.7879424676630307,0.9542555747811317,0.7879424676630307,0.9542555747811317
rwtd_54,0.38478004455731607,0.29017249030654113,0.11010101010052656,0.07195128635886919,0.8511055022698615,0.5913316056294312,-0.27467903445678954,-0.21822120394767194,0.4663254577125454,0.3011591153228901
rwtd_56,0.17475884762985205,0.04223701416258004,0.49305339015262956,0.006222679936947743,0.49305339015262956,0.006222679936947743,0.3182945425227775,-0.0360143342256323,0.3182945425227775,-0.0360143342256323
rwtd_58,0.3453997392995182,0.06944507135192667,0.5271623199680386,0.0038435354469673823,0.5271623199680386,0.0038435354469673823,0.1817625806685204,-0.06560153590495928,0.1817625806685204,-0.06560153590495928
rwtd_59,0.05021712867714691,0.007510162740286086,0.6472544527369609,0.1721916929829462,0.6472544527369609,0.1721916929829462,0.597037324059814,0.1646815302426601,0.597037324059814,0.1646815302426601
rwtd_60,0.022622016387501682,0.011584064529602693,0.4720043219870945,0.04903312588417231,0.4720043219870945,0.04903312588417231,0.44938230559959286,0.037449061354569615,0.44938230559959286,0.037449061354569615
rwtd_63,0.050506846878777996,-0.022156456985337775,0.5803833007803644,-0.06334319042936673,0.5803833007803644,-0.06334319042936673,0.5298764539015863,-0.041186733444028956,0.5298764539015863,-0.041186733444028956
rwtd_67,0.21977746363213146,-0.01654661729378207,0.6175693527071096,0.007940730351116147,0.6175693527071096,0.007940730351116147,0.3977918890749781,0.024487347644898218,0.3977918890749781,0.024487347644898218
rwtd_69,0.30191557891082693,0.0586849665538106,0.5006832062945513,0.0023658007690598205,0.5006832062945513,0.0023658007690598205,0.1987676273837244,-0.05631916578475078,0.1987676273837244,-0.05631916578475078
rwtd_70,0.2764866615953224,0.043469200826058145,0.5002860700694977,0.0043111167734646615,0.5002860700694977,0.0043111167734646615,0.22379940847417523,-0.03915808405259348,0.22379940847417523,-0.03915808405259348
rwtd_71,0.7317908653802175,0.7191622858225476,0.6451263427724531,-0.1070666250908481,0.5082702636710994,-0.0636713516836982,-0.08666452260776447,-0.8262289109133957,-0.22352060170911814,-0.7828336375062458
rwtd_73,0.8637114992537779,0.7208457633812736,0.5145562903085729,0.00819147904293595,0.5145562903085729,0.00819147904293595,-0.349155208945205,-0.7126542843383377,-0.349155208945205,-0.7126542843383377
rwtd_74,0.006915230795807885,-0.0007645154341757959,0.5772942798524107,0.05204363029635495,0.5772942798524107,0.05204363029635495,0.5703790490566027,0.05280814573053074,0.5703790490566027,0.05280814573053074
rwtd_76,0.9708509176531198,0.9463540391536823,0.9867586669246395,0.9712766577044685,0.5466447439179024,0.001749060766479614,0.015907749271519722,0.024922618550786146,-0.4242061737352174,-0.9446049783872027
rwtd_77,0.3049506634883893,0.3521873428495432,0.7677795458706657,-0.04950747424034051,0.7677795458706657,-0.04950747424034051,0.4628288823822764,-0.4016948170898837,0.4628288823822764,-0.4016948170898837
rwtd_78,0.47660178172690615,0.03663171890834743,0.6308135986318499,-0.016049487760970427,0.6308135986318499,-0.016049487760970427,0.1542118169049438,-0.05268120666931786,0.1542118169049438,-0.05268120666931786
rwtd_79,0.8120690880601885,0.8201265655990184,0.7994220018306443,0.1253430355511851,0.7994220018306443,0.1253430355511851,-0.012647086229544247,-0.6947835300478333,-0.012647086229544247,-0.6947835300478333
rwtd_84,0.6058673913790358,0.08579964811798209,0.7291871365198258,0.47411747258388603,0.7291871365198258,0.47411747258388603,0.12331974514079003,0.38831782446590396,0.12331974514079003,0.38831782446590396
rwtd_85,0.005293054479717807,-0.0018863443649180952,0.5653708598964929,-0.004753192977365999,0.5653708598964929,-0.004753192977365999,0.5600778054167751,-0.0028668486124479036,0.5600778054167751,-0.0028668486124479036
rwtd_86,0.34780261310779664,0.06611928013262147,0.7806515218241339,0.4595240706438179,0.7806515218241339,0.4595240706438179,0.43284890871633724,0.3934047905111964,0.43284890871633724,0.3934047905111964
rwtd_88,0.5603867188151904,0.017687699198391412,0.5073298511929631,-0.03761245705970963,0.5073298511929631,-0.03761245705970963,-0.05305686762222728,-0.055300156258101044,-0.05305686762222728,-0.055300156258101044
rwtd_91,0.2872085048002766,0.05703079009472506,0.5963304464674549,0.11558859975540021,0.5963304464674549,0.11558859975540021,0.3091219416671783,0.058557809660675156,0.3091219416671783,0.058557809660675156
rwtd_93,0.039089369128794495,-0.012576664478678756,0.4879892902924655,0.016795837071228194,0.4879892902924655,0.016795837071228194,0.448899921163671,0.02937250154990695,0.448899921163671,0.02937250154990695
rwtd_95,0.6310476245872311,0.37558071967335,0.9730045835278236,0.9485541596919951,0.9730045835278236,0.9485541596919951,0.3419569589405925,0.572973440018645,0.3419569589405925,0.572973440018645
rwtd_96,0.0901098901096515,-0.016595711616303885,0.48179186073609115,0.004248044706487994,0.4811444602289619,0.0040157011546625475,0.39168197062643967,0.02084375632279188,0.3910345701193104,0.020611412770966432
rwtd_101,0.18512187871535593,-0.0006678527554990479,0.6874580230670537,0.45333507476182916,0.6874580230670537,0.45333507476182916,0.5023361443516978,0.4540029275173282,0.5023361443516978,0.4540029275173282
rwtd_102,0.4658684419690686,0.4039112931747566,0.7468776019971614,0.029845522099042027,0.7468776019971614,0.029845522099042027,0.28100916002809273,-0.3740657710757146,0.28100916002809273,-0.3740657710757146
rwtd_103,0.26520634513916774,-0.07189706281557905,0.5570770647826879,-0.07302920718734908,0.5570770647826879,-0.07302920718734908,0.2918707196435202,-0.001132144371770033,0.2918707196435202,-0.001132144371770033
rwtd_104,0.8030116779101718,0.8762128898564749,0.9055023193345558,-0.04333967354913025,0.9055023193345558,-0.04333967354913025,0.10249064142438402,-0.9195525634056052,0.10249064142438402,-0.9195525634056052
rwtd_106,0.7941894531237882,-0.06916256459665963,0.7823486328113062,-0.07749287271627674,0.7823486328113062,-0.07749287271627674,-0.011840820312482014,-0.008330308119617102,-0.011840820312482014,-0.008330308119617102
rwtd_107,0.5642465862167271,0.10819067807089379,0.9307275973637688,0.8541887022092,0.9307275973637688,0.8541887022092,0.3664810111470417,0.7459980241383062,0.3664810111470417,0.7459980241383062
rwtd_109,0.44464794464693924,0.047581954850792633,0.056502098190610875,-0.03117970343998267,0.5930397248253304,0.03722134405169945,-0.3881458464563284,-0.0787616582907753,0.14839178017839116,-0.010360610799093187
rwtd_118,0.8701385041454831,0.8990910734087569,0.6987402426760975,-0.054093552052229675,0.6987402426760975,-0.054093552052229675,-0.17139826146938564,-0.9531846254609866,-0.17139826146938564,-0.9531846254609866
rwtd_121,0.30446439452287255,0.19648222777890686,0.17846548822978045,-0.10022485417058964,0.8490161549638634,-0.010466349654269647,-0.1259989062930921,-0.2967070819494965,0.5445517604409909,-0.20694857743317652
rwtd_122,0.9403876103104909,0.877817529852189,0.560521703267415,0.048166937376162934,0.560521703267415,0.048166937376162934,-0.3798659070430759,-0.829650592476026,-0.3798659070430759,-0.829650592476026
rwtd_125,0.0656980279731003,-0.023288320725383775,0.9094795189735556,0.8834196118056267,0.4192215322693714,0.010306860502431858,0.8437814910004553,0.9067079325310105,0.3535235042962711,0.03359518122781563
rwtd_128,0.25940572894260683,0.2300769085870944,0.7003663975318727,0.12160542999873486,0.060507168841961764,0.052369985216500825,0.44096066858926586,-0.10847147858835954,-0.19889856010064505,-0.17770692337059357
rwtd_129,0.804453095326613,0.5601511141096163,0.6105005695895421,0.06305535968451749,0.6105005695895421,0.06305535968451749,-0.1939525257370709,-0.4970957544250988,-0.1939525257370709,-0.4970957544250988
rwtd_134,0.9629367934193123,0.9308033259757887,0.5749547024023538,0.0565779663036624,0.5749547024023538,0.0565779663036624,-0.38798209101695846,-0.8742253596721263,-0.38798209101695846,-0.8742253596721263
rwtd_139,0.7269590382882709,0.4907703636381985,0.5720714546770558,0.18259717593976194,0.5720714546770558,0.18259717593976194,-0.15488758361121513,-0.30817318769843655,-0.15488758361121513,-0.30817318769843655
rwtd_142,0.32189345500553646,0.11153619633604023,0.7007631257620562,-0.08876137375064756,0.7007631257620562,-0.08876137375064756,0.3788696707565198,-0.2002975700866878,0.3788696707565198,-0.2002975700866878
rwtd_149,0.5366964364653446,0.1273877357360265,0.5933328612389028,0.07992319263956701,0.5933328612389028,0.07992319263956701,0.056636424773558236,-0.04746454309645948,0.056636424773558236,-0.04746454309645948
rwtd_175,0.4667220146664129,-0.0039086386017376275,0.8362185586847127,0.6109207651554744,0.8362185586847127,0.6109207651554744,0.36949654401829984,0.6148294037572121,0.36949654401829984,0.6148294037572121
rwtd_176,0.2686337677531949,0.29066566562612006,0.8818914003622034,0.5431316318118653,0.8818914003622034,0.5431316318118653,0.6132576326090085,0.25246596618574524,0.6132576326090085,0.25246596618574524
rwtd_178,0.2387556893515437,0.11109660833982767,0.5324927579904347,0.012695555677155067,0.5324927579904347,0.012695555677155067,0.29373706863889104,-0.0984010526626726,0.29373706863889104,-0.0984010526626726
rwtd_180,0.6104985965199221,0.34699475712820077,0.5751148488430367,0.08909674617790825,0.1585135057631516,0.009318213346467511,-0.03538374767688546,-0.2578980109502925,-0.4519850907567705,-0.3376765437817333
rwtd_181,0.6803387502850685,3.442992337049044e-05,0.9124132143115703,0.0002872988957086332,0.9124132143115703,0.0002872988957086332,0.23207446402650178,0.0002528689723381428,0.23207446402650178,0.0002528689723381428
rwtd_182,0.8246755229780892,0.6802802914454698,0.48992947455287833,-0.0005526216580770827,0.48992947455287833,-0.0005526216580770827,-0.3347460484252109,-0.6808329131035469,-0.3347460484252109,-0.6808329131035469
rwtd_183,0.18443452285297132,0.04477243678769855,0.5462694316334082,-0.0014314007738731084,0.5462694316334082,-0.0014314007738731084,0.3618349087804369,-0.04620383756157166,0.3618349087804369,-0.04620383756157166
rwtd_184,0.0,0.0,0.9709620813291051,0.0009889104514551193,0.9709620813291051,0.0009889104514551193,0.9709620813291051,0.0009889104514551193,0.9709620813291051,0.0009889104514551193
rwtd_185,0.1484415488259849,0.06661760279943214,0.5650879443010793,-0.011215796067046663,0.5650879443010793,-0.011215796067046663,0.4166463954750944,-0.0778333988664788,0.4166463954750944,-0.0778333988664788
rwtd_186,0.31670024563156046,0.05506031541839355,0.5725886585564972,0.042003240291608936,0.5725886585564972,0.042003240291608936,0.25588841292493675,-0.013057075126784612,0.25588841292493675,-0.013057075126784612
rwtd_188,0.08647374549147623,0.0002507177998854389,0.5002587545274197,0.0006602845624044458,0.5002587545274197,0.0006602845624044458,0.4137850090359435,0.00040956676251900696,0.4137850090359435,0.00040956676251900696
rwtd_189,0.3553924560541452,0.06391177059994982,0.7794494628894356,-0.07069069858413148,0.7794494628894356,-0.07069069858413148,0.4240570068352904,-0.1346024691840813,0.4240570068352904,-0.1346024691840813
rwtd_194,0.2528055138280086,0.050873354817875124,0.10270741308301719,0.007673683469447432,0.6814452062233508,0.30615777495083446,-0.15009810074499141,-0.04319967134842769,0.4286396923953422,0.2552844201329593
rwtd_197,0.0,0.0,0.647259985511283,0.11097535498208726,0.647259985511283,0.11097535498208726,0.647259985511283,0.11097535498208726,0.647259985511283,0.11097535498208726
rwtd_200,0.6805873903598902,-0.012760225734240979,0.9600257578712105,0.9501218529193634,0.9600257578712105,0.9501218529193634,0.27943836751132023,0.9628820786536043,0.27943836751132023,0.9628820786536043
rwtd_201,0.025835064975263358,0.0009319176162379909,0.49786152802029915,0.00019979544000206837,0.49786152802029915,0.00019979544000206837,0.4720264630450358,-0.0007321221762359225,0.4720264630450358,-0.0007321221762359225
rwtd_202,0.18753724918838147,-0.06675056171964643,0.974462754163176,0.9672672448307412,0.974462754163176,0.9672672448307412,0.7869255049747945,1.0340178065503876,0.7869255049747945,1.0340178065503876
rwtd_205,0.5882855515462535,0.11271474483880527,0.9837411954648411,0.9646705536479586,0.9837411954648411,0.9646705536479586,0.39545564391858756,0.8519558088091533,0.39545564391858756,0.8519558088091533
rwtd_207,0.9961760300787222,0.9926890534210928,0.9689771712760841,0.9414930514302279,0.5233036432230418,0.0018067793362248638,-0.02719885880263817,-0.05119600199086494,-0.47287238685568045,-0.990882274084868
rwtd_210,0.9641798487382215,0.922634069439624,0.4747689295247917,-0.004522310991644753,0.4747689295247917,-0.004522310991644753,-0.4894109192134298,-0.9271563804312688,-0.4894109192134298,-0.9271563804312688
rwtd_213,0.5710243783064096,0.0015039448983145446,0.9941852219508077,0.9900111023158359,0.9941852219508077,0.9900111023158359,0.4231608436443981,0.9885071574175214,0.4231608436443981,0.9885071574175214
rwtd_214,0.348670894614935,0.1651665230003222,0.7063728880531442,0.2968348025012567,0.7063728880531442,0.2968348025012567,0.35770199343820924,0.13166827950093452,0.35770199343820924,0.13166827950093452
rwtd_215,0.6409170638354371,0.13572682550875148,0.8791287975619368,0.707089770113413,0.8791287975619368,0.707089770113413,0.23821173372649973,0.5713629446046615,0.23821173372649973,0.5713629446046615
rwtd_216,0.5862848917894647,0.0669856784563618,0.5031433541733354,0.012101767673455605,0.5031433541733354,0.012101767673455605,-0.0831415376161293,-0.0548839107829062,-0.0831415376161293,-0.0548839107829062
rwtd_219,0.5426306971130055,0.06510338386141323,0.5344047910038279,-0.0006392309891561692,0.5344047910038279,-0.0006392309891561692,-0.008225906109177616,-0.0657426148505694,-0.008225906109177616,-0.0657426148505694
rwtd_221,0.8101920939805994,0.6683847182914927,0.5119045800935996,-0.0008501162798174613,0.5119045800935996,-0.0008501162798174613,-0.2982875138869998,-0.6692348345713102,-0.2982875138869998,-0.6692348345713102
rwtd_222,0.9167397020100366,0.9135206970310382,0.7447967529285511,-0.014826650799960093,0.7447967529285511,-0.014826650799960093,-0.17194294908148555,-0.9283473478309983,-0.17194294908148555,-0.9283473478309983
rwtd_224,0.7365692742679041,0.4118283713035045,0.5984967344098251,0.10775244443254048,0.5984967344098251,0.10775244443254048,-0.138072539858079,-0.3040759268709641,-0.138072539858079,-0.3040759268709641
rwtd_228,0.0021543764618949983,-0.0033833563506111483,0.4618059830104921,-0.002331751925783568,0.9369537116814339,0.1866451912007377,0.4596516065485971,0.0010516044248275805,0.934799335219539,0.19002854755134885
rwtd_229,0.03404760192696467,0.008358615176789552,0.9891470609622363,0.9818800282955529,0.5335210060883487,-0.016697498632498777,0.9550994590352716,0.9735214131187633,0.4994734041613841,-0.02505611380928833
rwtd_236,0.9777494014334309,0.9579099462624744,0.5407907635325426,0.00618391036991681,0.5407907635325426,0.00618391036991681,-0.4369586379008883,-0.9517260358925576,-0.4369586379008883,-0.9517260358925576
rwtd_237,0.979703514966183,0.9576712258777283,0.4976424874437535,-0.0011026243223553125,0.4976424874437535,-0.0011026243223553125,-0.4820610275224295,-0.9587738502000837,-0.4820610275224295,-0.9587738502000837
rwtd_238,0.5416259765616735,-0.00270627514600254,0.9591616321814467,0.927497976266001,0.9591616321814467,0.927497976266001,0.4175356556197731,0.9302042514120035,0.4175356556197731,0.9302042514120035
rwtd_240,0.8489631549693367,0.6406340245965265,0.4909037366656454,-0.007376310356021653,0.4909037366656454,-0.007376310356021653,-0.3580594183036913,-0.6480103349525481,-0.3580594183036913,-0.6480103349525481
rwtd_243,0.1512748756207146,0.14532028078348305,0.49563718624910436,0.5723275147999483,0.49563718624910436,0.5723275147999483,0.34436231062838973,0.42700723401646523,0.34436231062838973,0.42700723401646523
rwtd_244,0.888765338944266,0.6741623096433935,0.5277913610414742,0.31058370149029463,0.5277913610414742,0.31058370149029463,-0.36097397790279184,-0.3635786081530989,-0.36097397790279184,-0.3635786081530989
rwtd_245,0.09657219722599246,-0.035897124810031544,0.7907242839132281,0.6911606555293908,0.7907242839132281,0.6911606555293908,0.6941520866872357,0.7270577803394223,0.6941520866872357,0.7270577803394223
rwtd_246,0.04677697043961955,-0.0018933589089922158,0.5166679533690779,9.653520896976162e-05,0.5166679533690779,9.653520896976162e-05,0.46989098292945836,0.0019898941179619773,0.46989098292945836,0.0019898941179619773
rwtd_247,0.8544231459985814,0.7463617996155766,0.97963421224513,0.9567750077302914,0.97963421224513,0.9567750077302914,0.12521106624654865,0.21041320811471487,0.12521106624654865,0.21041320811471487
rwtd_250,0.2969586657912401,-0.03677567967131537,0.5500977671241484,-0.0403456713108509,0.5500977671241484,-0.0403456713108509,0.2531391013329083,-0.0035699916395355302,0.2531391013329083,-0.0035699916395355302
rwtd_251,0.05289156626490093,0.0014755488279535151,0.5108624094791007,0.0048094474078097275,0.5108624094791007,0.0048094474078097275,0.45797084321419973,0.0033338985798562126,0.45797084321419973,0.0033338985798562126
rwtd_252,0.9682399999922541,0.9715932010147263,0.8096008300768897,-0.008119781969688737,0.8096008300768897,-0.008119781969688737,-0.15863916991536442,-0.9797129829844151,-0.15863916991536442,-0.9797129829844151
rwtd_253,0.7542357551982085,0.5642837599852611,0.9168115941995767,0.8645921448665124,0.5279063564034333,-0.011086884118723404,0.16257583900136818,0.3003083848812512,-0.2263293987947752,-0.5753706441039845
rwtd_254,0.7044144013163144,0.39346122219930557,0.5562170826645962,7.336181792320795e-05,0.9787998464127617,0.9533709107337602,-0.14819731865171815,-0.39338786038138235,0.27438544509644736,0.5599096885344547
rwtd_256,0.9704541309472599,0.9415528348539203,0.9916770450442219,0.9833460330419198,0.5066658408551683,0.0007448180989302913,0.021222914096962087,0.041793198187999536,-0.46378829009209155,-0.9408080167549899
rwtd_257,0.9863628940021788,0.9796280946567065,0.6286006972041028,0.001284561204823263,0.010307028180602642,-0.005148569681503876,-0.35776219679807597,-0.9783435334518833,-0.9760558658215761,-0.9847766643382104
rwtd_258,0.07709771437313362,0.003681306763658946,0.4900090974064429,-0.0012786585775955935,0.4900090974064429,-0.0012786585775955935,0.41291138303330926,-0.00495996534125454,0.41291138303330926,-0.00495996534125454
rwtd_259,0.2701549468778524,-0.06789496749561118,0.9767272727221988,0.9719764119653803,0.9767272727221988,0.9719764119653803,0.7065723258443464,1.0398713794609915,0.7065723258443464,1.0398713794609915
rwtd_260,0.977608722431386,0.9561189969319525,0.5137406846118179,0.00195816882422746,0.5137406846118179,0.00195816882422746,-0.4638680378195681,-0.954160828107725,-0.4638680378195681,-0.954160828107725
rwtd_261,0.9110256762291946,0.8479744623902096,0.6653469622792518,0.17952358600185359,0.6653469622792518,0.17952358600185359,-0.24567871394994278,-0.668450876388356,-0.24567871394994278,-0.668450876388356
rwtd_262,0.1641604350777317,-0.00617972721074247,0.9689969811031884,0.9449817883113084,0.4855360663531077,-0.0035458511729957237,0.8048365460254567,0.9511615155220509,0.321375631275376,0.002633876037746746
rwtd_263,0.3189033189022963,0.12263204117222017,0.6524223078532765,0.19882880497657152,0.6524223078532765,0.19882880497657152,0.3335189889509802,0.07619676380435135,0.3335189889509802,0.07619676380435135
rwtd_265,0.1800747292965913,-0.10423979233488896,0.7455139160144875,-0.06298463824746489,0.7455139160144875,-0.06298463824746489,0.5654391867178962,0.04125515408742407,0.5654391867178962,0.04125515408742407
rwtd_268,0.028157251088623284,-0.00031472280681575757,0.9765854242739787,0.9528393141990631,0.5104098590226396,0.0012536207697445704,0.9484281731853553,0.9531540370058789,0.4822526079340163,0.001568343576560328
rwtd_269,0.8633578629984654,0.7592503572936736,0.48498577436837426,-0.0023536765637750716,0.48498577436837426,-0.0023536765637750716,-0.37837208863009114,-0.7616040338574487,-0.37837208863009114,-0.7616040338574487
rwtd_270,0.12369858026893447,0.022104809723905244,0.4563338936093929,0.076402143897873,0.4563338936093929,0.076402143897873,0.3326353133404584,0.05429733417396776,0.3326353133404584,0.05429733417396776
rwtd_274,0.9228432873891709,0.8239191453742196,0.5143411586512143,-0.005415890667232794,0.5143411586512143,-0.005415890667232794,-0.40850212873795655,-0.8293350360414524,-0.40850212873795655,-0.8293350360414524
rwtd_276,0.3196737460092215,0.18532570037726967,0.5969085693350267,-0.051510168124386,0.5969085693350267,-0.051510168124386,0.2772348233258052,-0.23683586850165567,0.2772348233258052,-0.23683586850165567
rwtd_280,0.7329841546947782,0.4785684982766813,0.48666152942813984,0.013471897160405633,0.48666152942813984,0.013471897160405633,-0.24632262526663834,-0.46509660111627565,-0.24632262526663834,-0.46509660111627565
rwtd_281,0.18922951327255796,0.010752583606134684,0.4868345602472114,-0.004455876341546036,0.4868345602472114,-0.004455876341546036,0.2976050469746534,-0.01520845994768072,0.2976050469746534,-0.01520845994768072
rwtd_282,0.0,0.0,0.7976427490621495,0.5888193083780838,0.7976427490621495,0.5888193083780838,0.7976427490621495,0.5888193083780838,0.7976427490621495,0.5888193083780838
rwtd_288,0.12462561180479552,-0.02025730036288817,0.48738873711027164,0.00673312870595094,0.48738873711027164,0.00673312870595094,0.3627631253054761,0.02699042906883911,0.3627631253054761,0.02699042906883911
rwtd_293,0.7699970700188494,0.8092131037557886,0.8255004882799903,-0.03917189666218678,0.8255004882799903,-0.03917189666218678,0.05550341826114091,-0.8483850004179754,0.05550341826114091,-0.8483850004179754
rwtd_294,0.2390711338034585,0.10378266959873936,0.5917325541412999,0.06830024551660581,0.5917325541412999,0.06830024551660581,0.35266142033784137,-0.03548242408213355,0.35266142033784137,-0.03548242408213355
rwtd_299,0.6485609599176333,0.37992932841512206,0.5677444487717808,0.1031006905015848,0.5677444487717808,0.1031006905015848,-0.08081651114585253,-0.2768286379135373,-0.08081651114585253,-0.2768286379135373
rwtd_300,0.028684605928053938,0.006752147290809897,0.9725793799632598,0.9515199731278152,0.9725793799632598,0.9515199731278152,0.9438947740352059,0.9447678258370054,0.9438947740352059,0.9447678258370054
rwtd_302,0.956708810482039,0.92175102536154,0.5224215588968281,-0.0067723860415702325,0.5224215588968281,-0.0067723860415702325,-0.434287251585211,-0.9285234114031102,-0.434287251585211,-0.9285234114031102
rwtd_303,0.9881520627301903,0.9829866510189538,0.6380723702311839,-0.002527363734783347,0.6380723702311839,-0.002527363734783347,-0.3500796924990064,-0.9855140147537371,-0.3500796924990064,-0.9855140147537371
rwtd_304,0.5204146196208865,0.044964269574543254,0.45818248757369734,-0.036510459959882564,0.45818248757369734,-0.036510459959882564,-0.06223213204718919,-0.08147472953442582,-0.06223213204718919,-0.08147472953442582
rwtd_308,0.7684016014723714,0.7872614491385975,0.563391588957322,-0.07350228102899535,0.563391588957322,-0.07350228102899535,-0.20501001251504936,-0.8607637301675929,-0.20501001251504936,-0.8607637301675929
rwtd_310,0.5442463265634072,0.02358038025858082,0.753372192381663,-0.09046382941611791,0.753372192381663,-0.09046382941611791,0.20912586581825576,-0.11404420967469873,0.20912586581825576,-0.11404420967469873
rwtd_311,0.8896029705671293,0.9215456912284967,0.8943564721032125,0.06544970485970575,0.8943564721032125,0.06544970485970575,0.004753501536083116,-0.8560959863687909,0.004753501536083116,-0.8560959863687909
rwtd_315,0.7919398688502809,0.8525079925279171,0.9110053722165602,0.08917330113195386,0.6145437262260054,0.7094043009297928,0.1190655033662793,-0.7633346913959632,-0.1773961426242755,-0.1431036915981243
rwtd_318,0.6858590436713946,0.05328967076135249,0.7829991714982883,0.23625648278123076,0.7829991714982883,0.23625648278123076,0.09714012782689374,0.18296681201987827,0.09714012782689374,0.18296681201987827
rwtd_319,0.7036905315549922,0.4478407729233144,0.9728502116204781,0.952410807507439,0.47612758701314634,-0.006777527845592155,0.26915968006548596,0.5045700345841246,-0.22756294454184584,-0.4546183007689066
rwtd_321,0.24951843698318135,0.10372738108222407,0.39861458797572574,0.21131405575350518,0.39861458797572574,0.21131405575350518,0.1490961509925444,0.10758667467128111,0.1490961509925444,0.10758667467128111
rwtd_322,0.6659108766401034,0.29773831333060846,0.722423288746743,0.5337683867597262,0.722423288746743,0.5337683867597262,0.0565124121066396,0.2360300734291177,0.0565124121066396,0.2360300734291177
rwtd_323,0.537293359482944,0.24583085535746638,0.7023623151139043,0.37354816983730965,0.7023623151139043,0.37354816983730965,0.16506895563096036,0.12771731447984327,0.16506895563096036,0.12771731447984327
rwtd_324,0.8618412575671246,0.7553201252458728,0.1699697354285204,0.04650177887641324,0.1699697354285204,0.04650177887641324,-0.6918715221386043,-0.7088183463694595,-0.6918715221386043,-0.7088183463694595
rwtd_325,0.5845552944272465,0.3796852023216172,0.8719463638910017,0.7188391719497429,0.7695202257743817,0.4701306602305035,0.28739106946375514,0.3391539696281257,0.1849649313471352,0.0904454579088863
rwtd_327,0.13697832859688117,0.04453835804699591,0.48657144601036656,-0.008171139677011332,0.48657144601036656,-0.008171139677011332,0.3495931174134854,-0.05270949772400724,0.3495931174134854,-0.05270949772400724
rwtd_328,0.13138157650441581,-0.09421420801842778,0.4046964247923112,0.2286021797114267,0.4046964247923112,0.2286021797114267,0.27331484828789543,0.3228163877298545,0.27331484828789543,0.3228163877298545
rwtd_329,0.2849360192566675,0.09599289661694742,0.564401435614389,0.042012618979361385,0.564401435614389,0.042012618979361385,0.27946541635772154,-0.05398027763758603,0.27946541635772154,-0.05398027763758603
rwtd_330,0.3780014552495028,0.25832544740305674,0.0490188128444331,0.02548607820153383,0.8410185382466631,0.5926780342091341,-0.3289826424050697,-0.2328393692015229,0.46301708299716027,0.3343525868060774
rwtd_331,0.9117200137203484,0.8901488912883689,0.6875286285756137,-0.021636261043137983,0.6875286285756137,-0.021636261043137983,-0.2241913851447347,-0.9117851523315069,-0.2241913851447347,-0.9117851523315069
rwtd_332,0.5525461180469632,0.3459374571793813,0.8998703298448015,0.8539210824036555,0.8998703298448015,0.8539210824036555,0.34732421179783834,0.5079836252242742,0.34732421179783834,0.5079836252242742
rwtd_334,0.10281153204645506,-0.038802184676981245,0.5092633160159772,-0.03378886196367617,0.11408003387629015,0.06948057507600239,0.40645178396952214,0.005013322713305075,0.01126850182983509,0.10828275975298363
rwtd_337,0.6927836243743912,0.6718692477227668,0.4387110587724797,-0.011353481296712147,0.40647283856096944,0.01974748369412941,-0.25407256560191155,-0.6832227290194789,-0.2863107858134218,-0.6521217640286374
rwtd_342,0.6572147329833551,0.3808380484052556,0.8329855089479057,0.6832613106648799,0.8329855089479057,0.6832613106648799,0.1757707759645506,0.30242326225962435,0.1757707759645506,0.30242326225962435
rwtd_343,0.664050032345637,0.5704904802134498,0.5550794903575935,0.40035896821925376,0.5550794903575935,0.40035896821925376,-0.10897054198804346,-0.17013151199419607,-0.10897054198804346,-0.17013151199419607
rwtd_344,0.8962163263181941,0.8751597086260814,0.8172652540405856,0.5341345168349648,0.7176195139855579,-0.004650274658768947,-0.07895107227760856,-0.34102519179111657,-0.17859681233263625,-0.8798099832848504
rwtd_345,0.7943781784543793,0.408723578021279,0.5194391627625725,-0.053379839863449886,0.5194391627625725,-0.053379839863449886,-0.2749390156918068,-0.4621034178847289,-0.2749390156918068,-0.4621034178847289
rwtd_346,0.7890056298605479,0.6723227893930896,0.4516035430658955,-0.02709852368708538,0.8352175402503322,0.7521566219633972,-0.3374020867946524,-0.6994213130801751,0.04621191038978434,0.07983383257030752
rwtd_347,0.8294793920570674,0.6406042136050097,0.528525422073722,0.061075906466802096,0.528525422073722,0.061075906466802096,-0.30095396998334545,-0.5795283071382077,-0.30095396998334545,-0.5795283071382077
rwtd_348,0.9353338500667958,0.926497932888784,0.7115906750293175,0.02822933234165947,0.7115906750293175,0.02822933234165947,-0.22374317503747831,-0.8982686005471245,-0.22374317503747831,-0.8982686005471245
rwtd_349,0.45977783203054845,-0.03828080111962499,0.6940765380848785,-0.005529384647217328,0.6940765380848785,-0.005529384647217328,0.23429870605433,0.03275141647240766,0.23429870605433,0.03275141647240766
rwtd_350,0.8439228445231516,0.800867588683953,0.8227889847698412,0.8013028129543891,0.941577233809756,0.8214868277120677,-0.02113385975331039,0.00043522427043607426,0.09765438928660441,0.02061923902811469
rwtd_351,0.5212702499049962,0.0046254731590105415,0.9705687631628932,0.9411975125627904,0.12205163127554618,0.017916950208170152,0.44929851325789705,0.9365720394037799,-0.39921861862944996,0.01329147704915961
rwtd_352,0.684282146515298,0.03377923306268061,0.9428519848335248,0.8246698228749935,0.9428519848335248,0.8246698228749935,0.2585698383182269,0.7908905898123129,0.2585698383182269,0.7908905898123129
rwtd_357,0.4611833596772863,-0.014157105441861273,0.5990094469402931,-0.0027011038462028537,0.5990094469402931,-0.0027011038462028537,0.13782608726300682,0.011456001595658419,0.13782608726300682,0.011456001595658419
rwtd_358,0.11782204851477472,-0.0286129244389412,0.07251454571385368,-0.04517855047239255,0.07251454571385368,-0.04517855047239255,-0.04530750280092104,-0.016565626033451346,-0.04530750280092104,-0.016565626033451346
rwtd_359,0.15031511922503307,0.028635462770406732,0.9265806616402438,0.8321888082746193,0.9265806616402438,0.8321888082746193,0.7762655424152107,0.8035533455042125,0.7762655424152107,0.8035533455042125
rwtd_362,0.042335899145274455,0.0012223790202395362,0.09249325696247387,0.007379457079157125,0.5239031306889388,0.009614674944755167,0.05015735781719942,0.006157078058917589,0.4815672315436643,0.00839229592451563
rwtd_363,0.06853491480091657,0.03845216990088017,0.7078005006203146,0.18973540794891872,0.7078005006203146,0.18973540794891872,0.6392655858193981,0.15128323804803856,0.6392655858193981,0.15128323804803856
rwtd_364,0.8954854140842791,0.7192925823704247,0.5030722563576214,-0.04966336883585574,0.5030722563576214,-0.04966336883585574,-0.39241315772665764,-0.7689559512062805,-0.39241315772665764,-0.7689559512062805
rwtd_365,0.6075765477143427,0.4556933273774012,0.9026273926184055,0.7817367724474876,0.9026273926184055,0.7817367724474876,0.29505084490406286,0.3260434450700864,0.29505084490406286,0.3260434450700864
rwtd_366,0.5561896022695031,0.2783860866415369,0.6671782893990275,0.29523459173314764,0.6671782893990275,0.29523459173314764,0.11098868712952437,0.016848505091610733,0.11098868712952437,0.016848505091610733
rwtd_367,0.6073411838816615,0.4759620703088824,0.9495346381450614,0.8782717535711482,0.9486996881192783,0.8763267516368757,0.3421934542634,0.4023096832622658,0.3413585042376168,0.4003646813279933
rwtd_371,0.2650996836597326,0.1370618412222935,0.7446724779112086,0.35947691324651937,0.7159071562326846,0.2860031922950787,0.47957279425147603,0.22241507202422586,0.45080747257295206,0.1489413510727852
rwtd_373,0.5951211525843356,0.4760753536904556,0.07734412184658626,-0.06113442001717428,0.40891514500474313,0.010813991114261665,-0.5177770307377494,-0.5372097737076299,-0.1862060075795925,-0.46526136257619394
rwtd_374,0.2960618846689317,-0.0949552759063977,0.4498099801699859,0.33017720017203095,0.4498099801699859,0.33017720017203095,0.15374809550105423,0.42513247607842863,0.15374809550105423,0.42513247607842863
rwtd_376,0.09418181818139008,0.06316425086405975,0.9707732064834752,0.922762438918448,0.9707732064834752,0.922762438918448,0.8765913883020852,0.8595981880543883,0.8765913883020852,0.8595981880543883
rwtd_377,0.11923475701508539,-0.07552723039567001,0.08561529191201524,-0.07263628558004352,0.08561529191201524,-0.07263628558004352,-0.03361946510307015,0.0028909448156264894,-0.03361946510307015,0.0028909448156264894
rwtd_378,0.2699163803703253,0.2516913059417762,0.19652570626253266,0.2377683807119887,0.9176909801695529,0.6722838127843375,-0.07339067410779263,-0.013922925229787497,0.6477745997992276,0.4205925068425613
rwtd_380,0.16610305496551783,0.15340154851758778,0.9563579147841572,0.870591646068976,0.9563579147841572,0.870591646068976,0.7902548598186394,0.7171900975513882,0.7902548598186394,0.7171900975513882
rwtd_382,0.7270150357362151,0.7179187585772929,0.23249551166816815,0.2345760991503477,0.20243589743459975,0.20414156339582992,-0.4945195240680469,-0.4833426594269452,-0.5245791383016153,-0.513777195181463
rwtd_383,0.4985154814064099,0.31667019245037603,0.660381705090003,0.1626852223761934,0.09974461350275261,0.03724942476587083,0.16186622368359316,-0.15398497007418263,-0.3987708679036573,-0.2794207676845052
rwtd_387,0.2497922552756781,0.126816574271104,0.9112475633510502,0.7249145340274035,0.9112475633510502,0.7249145340274035,0.661455308075372,0.5980979597562994,0.661455308075372,0.5980979597562994
rwtd_388,0.24934736842000274,0.1643602255076707,0.5953356348283922,-0.026174028220677232,0.5953356348283922,-0.026174028220677232,0.34598826640838953,-0.19053425372834795,0.34598826640838953,-0.19053425372834795
rwtd_389,0.5766680122236991,0.3041328497138664,0.26001415428075014,0.12077816548880274,0.26001415428075014,0.12077816548880274,-0.316653857942949,-0.18335468422506365,-0.316653857942949,-0.18335468422506365
rwtd_391,0.4968105565807323,0.0290493949707085,0.40523598819996737,0.01673038179544645,0.40523598819996737,0.01673038179544645,-0.09157456838076494,-0.012319013175262048,-0.09157456838076494,-0.012319013175262048
rwtd_392,0.3388644352248682,0.1308487813504276,0.9504198549825168,0.8971947629148035,0.9504198549825168,0.8971947629148035,0.6115554197576486,0.7663459815643758,0.6115554197576486,0.7663459815643758
rwtd_393,0.4233930453090689,0.31396910604664924,0.9362664960766311,0.8419826708594681,0.8211962917828315,0.5351212006964527,0.5128734507675623,0.5280135648128188,0.3978032464737626,0.2211520946498035
rwtd_394,0.0,0.0,0.975323761625517,0.9429997220757059,0.975323761625517,0.9429997220757059,0.975323761625517,0.9429997220757059,0.975323761625517,0.9429997220757059
rwtd_395,0.0,0.0,0.9399383229699448,0.8555658098195431,0.937197121736411,0.8492527213732081,0.9399383229699448,0.8555658098195431,0.937197121736411,0.8492527213732081
rwtd_397,0.0649030377756703,0.04432696037712082,0.4344341464408162,-0.00411439547098359,0.4344341464408162,-0.00411439547098359,0.3695311086651459,-0.04844135584810441,0.3695311086651459,-0.04844135584810441
rwtd_398,0.1536992840077124,0.18602895026869617,0.8914489746080148,-0.022805405502736676,0.8914489746080148,-0.022805405502736676,0.7377496906003024,-0.20883435577143286,0.7377496906003024,-0.20883435577143286
rwtd_399,0.08747462264968227,-0.07946933297395091,0.3712522045849083,-0.019605745551290656,0.3712522045849083,-0.019605745551290656,0.28377758193522606,0.05986358742266025,0.28377758193522606,0.05986358742266025
rwtd_400,0.8237567758641909,0.5953046095933597,0.4471631205665413,0.00559783288758877,0.4471631205665413,0.00559783288758877,-0.37659365529764965,-0.589706776705771,-0.37659365529764965,-0.589706776705771
rwtd_403,0.826759628152678,0.3197731806996926,0.9439243826019088,0.7881563462325011,0.9439243826019088,0.7881563462325011,0.1171647544492308,0.46838316553280845,0.1171647544492308,0.46838316553280845
rwtd_408,0.17866900175068767,0.06494353838310839,0.17784869804824163,0.0778359545580141,0.08603105788676298,0.0255817483926799,-0.0008203037024460402,0.012892416174905719,-0.0926379438639247,-0.039361789990428483
rwtd_410,0.0,0.0,0.9813330774005918,0.9528629302001228,0.9813330774005918,0.9528629302001228,0.9813330774005918,0.9528629302001228,0.9813330774005918,0.9528629302001228
rwtd_411,0.867877925227664,0.8147974062683613,0.509703388532692,-0.057950720159687545,0.509703388532692,-0.057950720159687545,-0.358174536694972,-0.8727481264280488,-0.358174536694972,-0.8727481264280488
rwtd_412,0.7844440557356163,0.7687882065335064,0.7413472044803069,0.02447880911329265,0.7413472044803069,0.02447880911329265,-0.043096851255309376,-0.7443093974202137,-0.043096851255309376,-0.7443093974202137
rwtd_413,0.0951601445467611,0.01028933942424678,0.9257697298545305,0.8522721461550834,0.9257697298545305,0.8522721461550834,0.8306095853077694,0.8419828067308366,0.8306095853077694,0.8419828067308366
rwtd_414,0.3580017142148696,0.02888804949734438,0.9329149286252615,0.8955825145850349,0.9329149286252615,0.8955825145850349,0.5749132144103919,0.8666944650876905,0.5749132144103919,0.8666944650876905
rwtd_416,0.44059423285645005,0.25075554323817506,0.9645036051002809,0.911870597853383,0.9645036051002809,0.911870597853383,0.5239093722438308,0.6611150546152079,0.5239093722438308,0.6611150546152079
rwtd_417,0.7772954059466137,0.4683068755252878,0.5441733996262521,-0.00373976932715999,0.5441733996262521,-0.00373976932715999,-0.23312200632036162,-0.4720466448524478,-0.23312200632036162,-0.4720466448524478
rwtd_418,0.5249959899453296,0.479119842931645,0.8806693775345583,0.8916572977722629,0.33786117723888986,0.08917430955840519,0.35567338758922873,0.4125374548406179,-0.18713481270643972,-0.3899455333732398
rwtd_422,0.9607005684407414,0.9234583577376729,0.5094014415535735,0.0019356445367145348,0.07177062496189679,0.004230175721673162,-0.4512991268871679,-0.9215227132009584,-0.8889299434788446,-0.9192281820159998
rwtd_423,0.9880738369755422,0.9833167343480003,0.9540730955484188,0.9366678185269941,0.9540730955484188,0.9366678185269941,-0.03400074142712339,-0.046648915821006165,-0.03400074142712339,-0.046648915821006165
rwtd_424,0.13920332662242432,0.013666985456673896,0.9188254410377928,0.7970156102149213,0.9188254410377928,0.7970156102149213,0.7796221144153686,0.7833486247582474,0.7796221144153686,0.7833486247582474
rwtd_425,0.9173434107866956,0.8777754444342459,0.48588990177858693,0.044363670405752086,0.48588990177858693,0.044363670405752086,-0.43145350900810864,-0.8334117740284939,-0.43145350900810864,-0.8334117740284939
rwtd_426,0.6374642126763294,0.5222057650447177,0.8357092731812817,0.5524502802999374,0.8357092731812817,0.5524502802999374,0.1982450605049524,0.03024451525521965,0.1982450605049524,0.03024451525521965
rwtd_428,0.3492391728429604,0.22017603187280566,0.9757345453618068,0.9411349385654146,0.9757345453618068,0.9411349385654146,0.6264953725188465,0.720958906692609,0.6264953725188465,0.720958906692609
rwtd_429,0.4098462816770189,0.2229170964821703,0.9466401090236224,0.8795567936219669,0.9466401090236224,0.8795567936219669,0.5367938273466035,0.6566396971397966,0.5367938273466035,0.6566396971397966
rwtd_431,0.003939475333503583,-0.0008728537161262634,0.9598628479203983,0.8923433109064983,0.9598628479203983,0.8923433109064983,0.9559233725868947,0.8932161646226245,0.9559233725868947,0.8932161646226245
rwtd_432,0.34331512420613536,0.20576051048584448,0.866926527588374,0.6592519311304678,0.866926527588374,0.6592519311304678,0.5236114033822385,0.4534914206446233,0.5236114033822385,0.4534914206446233
rwtd_434,0.5953444810821343,0.1332126889094157,0.4377406225925703,0.13869793158980492,0.4377406225925703,0.13869793158980492,-0.15760385848956404,0.0054852426803892185,-0.15760385848956404,0.0054852426803892185
rwtd_436,0.09626481134068751,-0.035459719816063454,0.4667408231358747,0.019473124550867527,0.4667408231358747,0.019473124550867527,0.3704760117951872,0.05493284436693098,0.3704760117951872,0.05493284436693098
rwtd_437,0.9693429885249255,0.9636534657267731,0.7155318520350232,0.04207058454384961,0.7155318520350232,0.04207058454384961,-0.2538111364899023,-0.9215828811829235,-0.2538111364899023,-0.9215828811829235
rwtd_440,0.4314307417802897,-0.0347962868075904,0.9692120944496886,0.9764354096798672,0.6644179596682076,0.6866954993544757,0.5377813526693989,1.0112316964874577,0.23298721788791793,0.7214917861620661
rwtd_441,0.5417341111068904,-0.06614088117712671,0.7763491794892882,0.8034273864142442,0.7763491794892882,0.8034273864142442,0.23461506838239776,0.8695682675913708,0.23461506838239776,0.8695682675913708
rwtd_442,0.24346140149470397,0.10817568601393485,0.051023647040051134,-0.04594882990026045,0.051023647040051134,-0.04594882990026045,-0.19243775445465283,-0.1541245159141953,-0.19243775445465283,-0.1541245159141953
rwtd_443,0.2802081798983974,0.009081277565153237,0.07529926413226068,-0.0704681644542315,0.5849222299147401,0.05998958458690193,-0.20490891576613673,-0.07954944201938474,0.30471405001634266,0.05090830702174869
rwtd_444,0.6196642531153833,-0.00026462938450246855,0.8011220706990582,0.2847589104635089,0.8011220706990582,0.2847589104635089,0.18145781758367485,0.2850235398480113,0.18145781758367485,0.2850235398480113
rwtd_447,0.39394574211656735,0.20258189723952985,0.9236209945208013,0.79197306880834,0.9236209945208013,0.79197306880834,0.5296752524042339,0.58939117156881,0.5296752524042339,0.58939117156881
rwtd_448,0.8473524916818574,0.7132465290575736,0.9761611179584987,0.951052752561489,0.9761611179584987,0.951052752561489,0.12880862627664125,0.23780622350391545,0.12880862627664125,0.23780622350391545
rwtd_449,0.3094420054707977,0.11305313055359918,0.963180331695389,0.9245144272392495,0.963180331695389,0.9245144272392495,0.6537383262245913,0.8114612966856503,0.6537383262245913,0.8114612966856503
rwtd_450,0.33979280017761126,0.19672723893416788,0.8254366283911279,0.572498360678015,0.8254366283911279,0.572498360678015,0.4856438282135166,0.3757711217438471,0.4856438282135166,0.3757711217438471
rwtd_451,0.8634951248212606,0.8429234898361445,0.613454384003225,-0.08294400481060357,0.613454384003225,-0.08294400481060357,-0.2500407408180355,-0.9258674946467481,-0.2500407408180355,-0.9258674946467481
rwtd_452,0.0,0.0,0.6486062228380366,0.09535728294897038,0.6486062228380366,0.09535728294897038,0.6486062228380366,0.09535728294897038,0.6486062228380366,0.09535728294897038
rwtd_453,0.21920206394477962,0.02828150081546382,0.9300009222518445,0.8222845107037584,0.8362538042957754,0.6130298824389809,0.7107988583070649,0.7940030098882946,0.6170517403509959,0.5847483816235172
rwtd_455,0.4086828594577456,0.15913744075607195,0.8605200945568353,0.862394101675175,0.9117159933685337,0.9160782120472748,0.45183723509908974,0.7032566609191031,0.5030331339107881,0.7569407712912029
rwtd_456,0.6356094161012756,0.2552557508846924,0.5182583952473561,0.11471397827440574,0.5182583952473561,0.11471397827440574,-0.11735102085391957,-0.14054177261028664,-0.11735102085391957,-0.14054177261028664
rwtd_457,0.8098901948623187,0.7206509342962578,0.9370443394885732,0.9166321316564834,0.48779147006164325,0.09055105769313385,0.12715414462625452,0.19598119736022557,-0.3220987248006755,-0.6300998766031239
rwtd_461,0.48085047303500494,0.03259130047722992,0.7222201152898926,0.29704457206313,0.7222201152898926,0.29704457206313,0.24136964225488766,0.2644532715859001,0.24136964225488766,0.2644532715859001
rwtd_463,0.46097065221102956,0.28114928632156383,0.23450530388795446,0.24495129399858545,0.23450530388795446,0.24495129399858545,-0.2264653483230751,-0.03619799232297838,-0.2264653483230751,-0.03619799232297838
rwtd_464,0.013509717291892868,-0.005001701567895586,0.21988122171867971,0.08699744841471517,0.6849938141316407,0.21045188234985068,0.20637150442678684,0.09199914998261076,0.6714840968397479,0.21545358391774627
rwtd_465,0.3032462661114655,0.046856512435099335,0.6402452976951157,0.561012671751604,0.6402452976951157,0.561012671751604,0.33699903158365024,0.5141561593165046,0.33699903158365024,0.5141561593165046
rwtd_466,0.6214111922080641,0.6782737207775714,0.8236775818627224,-0.02700374393991477,0.8236775818627224,-0.02700374393991477,0.20226638965465837,-0.7052774647174862,0.20226638965465837,-0.7052774647174862
rwtd_467,0.5560266505134923,0.19193183932687233,0.5058545705000068,-0.013069507391716159,0.5058545705000068,-0.013069507391716159,-0.0501720800134855,-0.2050013467185885,-0.0501720800134855,-0.2050013467185885
rwtd_468,0.29368745188525874,0.042628955642818135,0.9619208657390533,0.9324429895652029,0.9619208657390533,0.9324429895652029,0.6682334138537946,0.8898140339223848,0.6682334138537946,0.8898140339223848
rwtd_469,0.5093572545461125,0.006351062137419023,0.18817683571020177,-0.08001953783377616,0.9352822580456597,0.9584565730556508,-0.3211804188359107,-0.08637059997119519,0.4259250034995472,0.9521055109182318
rwtd_471,0.8290260443821401,0.5389994706947856,0.5897956337822627,-0.015679409513219052,0.5897956337822627,-0.015679409513219052,-0.23923041059987737,-0.5546788802080046,-0.23923041059987737,-0.5546788802080046
rwtd_472,0.8198368773643465,0.6581188088408443,0.5565574941647644,0.016989679412237974,0.5565574941647644,0.016989679412237974,-0.2632793831995821,-0.6411291294286063,-0.2632793831995821,-0.6411291294286063
rwtd_473,0.3363114896569854,0.015496700281476558,0.8391838482938317,0.543973878142406,0.8391838482938317,0.543973878142406,0.5028723586368464,0.5284771778609295,0.5028723586368464,0.5284771778609295
rwtd_474,0.20556949698452082,-0.02602761535856761,0.8046156571581263,0.21507227540520976,0.8046156571581263,0.21507227540520976,0.5990461601736055,0.24109989076377736,0.5990461601736055,0.24109989076377736
rwtd_475,0.07117181883506926,0.041694294816539024,0.7134847736052325,0.19818300344771345,0.7134847736052325,0.19818300344771345,0.6423129547701633,0.15648870863117442,0.6423129547701633,0.15648870863117442
rwtd_476,0.013278082252759086,0.00843328830063033,0.8502126130425621,0.5835871857951459,0.8502126130425621,0.5835871857951459,0.8369345307898031,0.5751538974945156,0.8369345307898031,0.5751538974945156
rwtd_478,0.7031399046090955,0.29127978695244316,0.9577711619244573,0.8780432867833129,0.9577711619244573,0.8780432867833129,0.25463125731536185,0.5867634998308697,0.25463125731536185,0.5867634998308697
rwtd_479,0.3186537287089684,0.1451972191539476,0.450115213019316,0.3861159053192511,0.450115213019316,0.3861159053192511,0.1314614843103476,0.24091868616530351,0.1314614843103476,0.24091868616530351
rwtd_485,0.6641898864796619,0.20331190497145932,0.3707683707051035,0.1451757082867773,0.689504574220866,-0.08454733624202755,-0.29342151577455844,-0.05813619668468201,0.025314687741204045,-0.2878592412134869
rwtd_492,0.11431174656534093,0.03722626737672495,0.9707078272939631,0.9342671785376282,0.9707078272939631,0.9342671785376282,0.8563960807286222,0.8970409111609032,0.8563960807286222,0.8970409111609032
