image_id,mode,iou0,iou1,iou,ari,used_inversion,pred_fg_ratio,gt_fg_ratio,is_empty_pred,is_full_pred,is_near_empty_pred,is_near_full_pred,num_pred_masks,pred_source,pred_paths,gt_path
rwtd_1,aggregated,0.17509460449192032,0.8249053955065538,0.8249053955065538,0.0,1,1.0,0.1750946044921875,0,1,0,1,39,union,outputs/rwtd_sweep2/sweep_v2_ws_ext_t35_mx95/masks/rwtd_178.png|outputs/rwtd_sweep2/sweep_v2_ws_ext_t35_mx95/masks/rwtd_12.png|outputs/rwtd_sweep2/sweep_v2_ws_ext_t35_mx95/masks/rwtd_129.png|outputs/rwtd_sweep2/sweep_v2_ws_ext_t35_mx95/masks/rwtd_13.png|outputs/rwtd_sweep2/sweep_v2_ws_ext_t35_mx95/masks/rwtd_188.png|outputs/rwtd_sweep2/sweep_v2_ws_ext_t35_mx95/masks/rwtd_181.png|outputs/rwtd_sweep2/sweep_v2_ws_ext_t35_mx95/masks/rwtd_106.png|outputs/rwtd_sweep2/sweep_v2_ws_ext_t35_mx95/masks/rwtd_197.png|outputs/rwtd_sweep2/sweep_v2_ws_ext_t35_mx95/masks/rwtd_18.png|outputs/rwtd_sweep2/sweep_v2_ws_ext_t35_mx95/masks/rwtd_101.png|outputs/rwtd_sweep2/sweep_v2_ws_ext_t35_mx95/masks/rwtd_14.png|outputs/rwtd_sweep2/sweep_v2_ws_ext_t35_mx95/masks/rwtd_118.png|outputs/rwtd_sweep2/sweep_v2_ws_ext_t35_mx95/masks/rwtd_1.png|outputs/rwtd_sweep2/sweep_v2_ws_ext_t35_mx95/masks/rwtd_185.png|outputs/rwtd_sweep2/sweep_v2_ws_ext_t35_mx95/masks/rwtd_125.png|outputs/rwtd_sweep2/sweep_v2_ws_ext_t35_mx95/masks/rwtd_183.png|outputs/rwtd_sweep2/sweep_v2_ws_ext_t35_mx95/masks/rwtd_107.png|outputs/rwtd_sweep2/sweep_v2_ws_ext_t35_mx95/masks/rwtd_182.png|outputs/rwtd_sweep2/sweep_v2_ws_ext_t35_mx95/masks/rwtd_16.png|outputs/rwtd_sweep2/sweep_v2_ws_ext_t35_mx95/masks/rwtd_189.png|outputs/rwtd_sweep2/sweep_v2_ws_ext_t35_mx95/masks/rwtd_175.png|outputs/rwtd_sweep2/sweep_v2_ws_ext_t35_mx95/masks/rwtd_184.png|outputs/rwtd_sweep2/sweep_v2_ws_ext_t35_mx95/masks/rwtd_102.png|outputs/rwtd_sweep2/sweep_v2_ws_ext_t35_mx95/masks/rwtd_176.png|outputs/rwtd_sweep2/sweep_v2_ws_ext_t35_mx95/masks/rwtd_139.png|outputs/rwtd_sweep2/sweep_v2_ws_ext_t35_mx95/masks/rwtd_17.png|outputs/rwtd_sweep2/sweep_v2_ws_ext_t35_mx95/masks/rwtd_121.png|outputs/rwtd_sweep2/sweep_v2_ws_ext_t35_mx95/masks/rwtd_122.png|outputs/rwtd_sweep2/sweep_v2_ws_ext_t35_mx95/masks/rwtd_128.png|outputs/rwtd_sweep2/sweep_v2_ws_ext_t35_mx95/masks/rwtd_142.png|outputs/rwtd_sweep2/sweep_v2_ws_ext_t35_mx95/masks/rwtd_149.png|outputs/rwtd_sweep2/sweep_v2_ws_ext_t35_mx95/masks/rwtd_109.png|outputs/rwtd_sweep2/sweep_v2_ws_ext_t35_mx95/masks/rwtd_104.png|outputs/rwtd_sweep2/sweep_v2_ws_ext_t35_mx95/masks/rwtd_134.png|outputs/rwtd_sweep2/sweep_v2_ws_ext_t35_mx95/masks/rwtd_180.png|outputs/rwtd_sweep2/sweep_v2_ws_ext_t35_mx95/masks/rwtd_186.png|outputs/rwtd_sweep2/sweep_v2_ws_ext_t35_mx95/masks/rwtd_15.png|outputs/rwtd_sweep2/sweep_v2_ws_ext_t35_mx95/masks/rwtd_103.png|outputs/rwtd_sweep2/sweep_v2_ws_ext_t35_mx95/masks/rwtd_194.png,data/rwtd_kaust256/labels/rwtd_1.png
rwtd_101,aggregated,0.003112529928164106,0.10715535617668176,0.10715535617668176,0.019071300301458458,1,0.0531768798828125,0.522186279296875,0,0,0,0,1,union,outputs/rwtd_sweep2/sweep_v2_ws_ext_t35_mx95/masks/rwtd_101.png,data/rwtd_kaust256/labels/rwtd_101.png
rwtd_102,aggregated,0.10703777910126705,0.0,0.10703777910126705,-0.08853075440204315,0,0.090484619140625,0.8453521728515625,0,0,0,0,1,union,outputs/rwtd_sweep2/sweep_v2_ws_ext_t35_mx95/masks/rwtd_102.png,data/rwtd_kaust256/labels/rwtd_102.png
rwtd_103,aggregated,0.26350844277632346,0.7101973425572605,0.7101973425572605,0.05444928899491682,1,0.9463348388671875,0.2867889404296875,0,0,0,0,1,union,outputs/rwtd_sweep2/sweep_v2_ws_ext_t35_mx95/masks/rwtd_103.png,data/rwtd_kaust256/labels/rwtd_103.png
rwtd_104,aggregated,0.0308855972265482,0.8902250764134579,0.8902250764134579,0.11137742013709119,1,0.9083404541015625,0.03997802734375,0,0,0,0,1,union,outputs/rwtd_sweep2/sweep_v2_ws_ext_t35_mx95/masks/rwtd_104.png,data/rwtd_kaust256/labels/rwtd_104.png
rwtd_106,aggregated,0.1431174562838224,0.7787024982940012,0.7787024982940012,0.002906405473866404,1,0.897308349609375,0.1460723876953125,0,0,0,0,1,union,outputs/rwtd_sweep2/sweep_v2_ws_ext_t35_mx95/masks/rwtd_106.png,data/rwtd_kaust256/labels/rwtd_106.png
rwtd_107,aggregated,0.47943967464876497,0.20772650620840155,0.47943967464876497,0.06848177394098891,0,0.5053863525390625,0.5437164306640625,0,0,0,0,1,union,outputs/rwtd_sweep2/sweep_v2_ws_ext_t35_mx95/masks/rwtd_107.png,data/rwtd_kaust256/labels/rwtd_107.png
rwtd_109,aggregated,0.36754872670300265,0.5337056801024725,0.5337056801024725,-0.0452641133899842,1,0.8388214111328125,0.3345794677734375,0,0,0,0,1,union,outputs/rwtd_sweep2/sweep_v2_ws_ext_t35_mx95/masks/rwtd_109.png,data/rwtd_kaust256/labels/rwtd_109.png
rwtd_118,aggregated,0.012634651202955828,0.7543380266969136,0.7543380266969136,0.2784381591701234,1,0.67138671875,0.1333160400390625,0,0,0,0,1,union,outputs/rwtd_sweep2/sweep_v2_ws_ext_t35_mx95/masks/rwtd_118.png,data/rwtd_kaust256/labels/rwtd_118.png
rwtd_12,aggregated,0.5213775634757669,0.4786224365227072,0.5213775634757669,0.0,0,1.0,0.5213775634765625,0,1,0,1,6,union,outputs/rwtd_sweep2/sweep_v2_ws_ext_t35_mx95/masks/rwtd_12.png|outputs/rwtd_sweep2/sweep_v2_ws_ext_t35_mx95/masks/rwtd_129.png|outputs/rwtd_sweep2/sweep_v2_ws_ext_t35_mx95/masks/rwtd_125.png|outputs/rwtd_sweep2/sweep_v2_ws_ext_t35_mx95/masks/rwtd_121.png|outputs/rwtd_sweep2/sweep_v2_ws_ext_t35_mx95/masks/rwtd_122.png|outputs/rwtd_sweep2/sweep_v2_ws_ext_t35_mx95/masks/rwtd_128.png,data/rwtd_kaust256/labels/rwtd_12.png
rwtd_121,aggregated,0.4998767967137579,0.08424019415933547,0.4998767967137579,0.004595997297596116,0,0.513580322265625,0.8796234130859375,0,0,0,0,1,union,outputs/rwtd_sweep2/sweep_v2_ws_ext_t35_mx95/masks/rwtd_121.png,data/rwtd_kaust256/labels/rwtd_121.png
rwtd_122,aggregated,0.5156364446983923,0.45968027325948996,0.5156364446983923,0.005117232653324208,0,0.9499969482421875,0.502410888671875,0,0,0,0,1,union,outputs/rwtd_sweep2/sweep_v2_ws_ext_t35_mx95/masks/rwtd_122.png,data/rwtd_kaust256/labels/rwtd_122.png
rwtd_125,aggregated,0.6412904096624105,0.14807056742517638,0.6412904096624105,0.4550725730863261,0,0.4355926513671875,0.3065643310546875,0,0,0,0,1,union,outputs/rwtd_sweep2/sweep_v2_ws_ext_t35_mx95/masks/rwtd_125.png,data/rwtd_kaust256/labels/rwtd_125.png
rwtd_128,aggregated,0.3147986641417651,0.004986414260532721,0.3147986641417651,-0.05730466372518261,0,0.228363037109375,0.71478271484375,0,0,0,0,1,union,outputs/rwtd_sweep2/sweep_v2_ws_ext_t35_mx95/masks/rwtd_128.png,data/rwtd_kaust256/labels/rwtd_128.png
rwtd_129,aggregated,0.44558320292943515,0.49157071740449626,0.49157071740449626,-0.026211828066229566,1,0.8865814208984375,0.396148681640625,0,0,0,0,1,union,outputs/rwtd_sweep2/sweep_v2_ws_ext_t35_mx95/masks/rwtd_129.png,data/rwtd_kaust256/labels/rwtd_129.png
rwtd_13,aggregated,0.47058553246164003,0.49714230044733204,0.49714230044733204,0.00043809300314969624,1,0.9360198974609375,0.5290679931640625,0,0,0,0,3,union,outputs/rwtd_sweep2/sweep_v2_ws_ext_t35_mx95/masks/rwtd_13.png|outputs/rwtd_sweep2/sweep_v2_ws_ext_t35_mx95/masks/rwtd_139.png|outputs/rwtd_sweep2/sweep_v2_ws_ext_t35_mx95/masks/rwtd_134.png,data/rwtd_kaust256/labels/rwtd_13.png
rwtd_134,aggregated,0.7164255646472865,0.19010428772846436,0.7164255646472865,0.3537224547970383,0,0.69879150390625,0.5269012451171875,0,0,0,0,1,union,outputs/rwtd_sweep2/sweep_v2_ws_ext_t35_mx95/masks/rwtd_134.png,data/rwtd_kaust256/labels/rwtd_134.png
rwtd_139,aggregated,0.34554212031450915,0.5438699535292141,0.5438699535292141,0.03144151293384039,1,0.795654296875,0.431976318359375,0,0,0,0,1,union,outputs/rwtd_sweep2/sweep_v2_ws_ext_t35_mx95/masks/rwtd_139.png,data/rwtd_kaust256/labels/rwtd_139.png
rwtd_14,aggregated,0.5363546196680608,0.46183994978265713,0.5363546196680608,-0.0009335810817983972,0,0.99664306640625,0.5396881103515625,0,0,0,1,3,union,outputs/rwtd_sweep2/sweep_v2_ws_ext_t35_mx95/masks/rwtd_14.png|outputs/rwtd_sweep2/sweep_v2_ws_ext_t35_mx95/masks/rwtd_142.png|outputs/rwtd_sweep2/sweep_v2_ws_ext_t35_mx95/masks/rwtd_149.png,data/rwtd_kaust256/labels/rwtd_14.png
rwtd_142,aggregated,0.009766126959619101,0.4165069759616465,0.4165069759616465,-0.03344178733406055,1,0.382720947265625,0.096893310546875,0,0,0,0,1,union,outputs/rwtd_sweep2/sweep_v2_ws_ext_t35_mx95/masks/rwtd_142.png,data/rwtd_kaust256/labels/rwtd_142.png
rwtd_149,aggregated,0.3928964885869119,0.49446805252384196,0.49446805252384196,0.027894775591776135,1,0.7805328369140625,0.5892181396484375,0,0,0,0,1,union,outputs/rwtd_sweep2/sweep_v2_ws_ext_t35_mx95/masks/rwtd_149.png,data/rwtd_kaust256/labels/rwtd_149.png
rwtd_15,aggregated,0.8489685058580796,0.10634607044747531,0.8489685058580796,-0.05909057814846425,0,0.9499969482421875,0.8989715576171875,0,0,0,0,1,union,outputs/rwtd_sweep2/sweep_v2_ws_ext_t35_mx95/masks/rwtd_15.png,data/rwtd_kaust256/labels/rwtd_15.png
rwtd_16,aggregated,0.660642538390858,0.31868386141313876,0.660642538390858,0.056185623867361645,0,0.9499969482421875,0.645599365234375,0,0,0,0,1,union,outputs/rwtd_sweep2/sweep_v2_ws_ext_t35_mx95/masks/rwtd_16.png,data/rwtd_kaust256/labels/rwtd_16.png
rwtd_17,aggregated,0.726135696858148,0.25224872897887796,0.726135696858148,0.01103302943578029,0,0.9636077880859375,0.7421417236328125,0,0,0,0,4,union,outputs/rwtd_sweep2/sweep_v2_ws_ext_t35_mx95/masks/rwtd_178.png|outputs/rwtd_sweep2/sweep_v2_ws_ext_t35_mx95/masks/rwtd_175.png|outputs/rwtd_sweep2/sweep_v2_ws_ext_t35_mx95/masks/rwtd_176.png|outputs/rwtd_sweep2/sweep_v2_ws_ext_t35_mx95/masks/rwtd_17.png,data/rwtd_kaust256/labels/rwtd_17.png
rwtd_175,aggregated,0.095921680024186,0.7531957539918737,0.7531957539918737,0.39365293387341554,1,0.6484832763671875,0.34051513671875,0,0,0,0,1,union,outputs/rwtd_sweep2/sweep_v2_ws_ext_t35_mx95/masks/rwtd_175.png,data/rwtd_kaust256/labels/rwtd_175.png
rwtd_176,aggregated,0.6449857639946537,0.04003267973849796,0.6449857639946537,0.639062729363038,0,0.1936798095703125,0.203033447265625,0,0,0,0,1,union,outputs/rwtd_sweep2/sweep_v2_ws_ext_t35_mx95/masks/rwtd_176.png,data/rwtd_kaust256/labels/rwtd_176.png
rwtd_178,aggregated,0.011260161433914744,0.18279711096472015,0.18279711096472015,-0.011147240903775463,1,0.1121826171875,0.4250030517578125,0,0,0,0,1,union,outputs/rwtd_sweep2/sweep_v2_ws_ext_t35_mx95/masks/rwtd_178.png,data/rwtd_kaust256/labels/rwtd_178.png
rwtd_18,aggregated,0.24723815917931025,0.7527618408191639,0.7527618408191639,0.0,1,1.0,0.2472381591796875,0,1,0,1,10,union,outputs/rwtd_sweep2/sweep_v2_ws_ext_t35_mx95/masks/rwtd_188.png|outputs/rwtd_sweep2/sweep_v2_ws_ext_t35_mx95/masks/rwtd_181.png|outputs/rwtd_sweep2/sweep_v2_ws_ext_t35_mx95/masks/rwtd_18.png|outputs/rwtd_sweep2/sweep_v2_ws_ext_t35_mx95/masks/rwtd_185.png|outputs/rwtd_sweep2/sweep_v2_ws_ext_t35_mx95/masks/rwtd_183.png|outputs/rwtd_sweep2/sweep_v2_ws_ext_t35_mx95/masks/rwtd_182.png|outputs/rwtd_sweep2/sweep_v2_ws_ext_t35_mx95/masks/rwtd_189.png|outputs/rwtd_sweep2/sweep_v2_ws_ext_t35_mx95/masks/rwtd_184.png|outputs/rwtd_sweep2/sweep_v2_ws_ext_t35_mx95/masks/rwtd_180.png|outputs/rwtd_sweep2/sweep_v2_ws_ext_t35_mx95/masks/rwtd_186.png,data/rwtd_kaust256/labels/rwtd_18.png
rwtd_180,aggregated,0.49343777475742395,0.48117719190606806,0.49343777475742395,-0.0008615273655655517,0,0.9499969482421875,0.4755096435546875,0,0,0,0,1,union,outputs/rwtd_sweep2/sweep_v2_ws_ext_t35_mx95/masks/rwtd_180.png,data/rwtd_kaust256/labels/rwtd_180.png
rwtd_181,aggregated,0.9499969482407379,1.60616768390362e-05,0.9499969482407379,-2.8904279599441506e-05,0,0.95001220703125,0.9999847412109375,0,0,0,0,1,union,outputs/rwtd_sweep2/sweep_v2_ws_ext_t35_mx95/masks/rwtd_181.png,data/rwtd_kaust256/labels/rwtd_181.png
rwtd_182,aggregated,0.4671783447258496,0.5082317415947762,0.5082317415947762,0.003352928558522783,1,0.9499969482421875,0.517181396484375,0,0,0,0,1,union,outputs/rwtd_sweep2/sweep_v2_ws_ext_t35_mx95/masks/rwtd_182.png,data/rwtd_kaust256/labels/rwtd_182.png
rwtd_183,aggregated,0.5009919121005632,0.4726411306504896,0.5009919121005632,-0.008449508240865102,0,0.9499969482421875,0.5508575439453125,0,0,0,0,1,union,outputs/rwtd_sweep2/sweep_v2_ws_ext_t35_mx95/masks/rwtd_183.png,data/rwtd_kaust256/labels/rwtd_183.png
rwtd_184,aggregated,0.9500267032868696,0.0,0.9500267032868696,0.0005493224810321209,0,0.95001220703125,0.9999847412109375,0,0,0,0,1,union,outputs/rwtd_sweep2/sweep_v2_ws_ext_t35_mx95/masks/rwtd_184.png,data/rwtd_kaust256/labels/rwtd_184.png
rwtd_185,aggregated,0.36236418019722505,0.618529879389374,0.618529879389374,0.05200932965283071,1,0.9499969482421875,0.412200927734375,0,0,0,0,1,union,outputs/rwtd_sweep2/sweep_v2_ws_ext_t35_mx95/masks/rwtd_185.png,data/rwtd_kaust256/labels/rwtd_185.png
rwtd_186,aggregated,0.3910207820093629,0.5816323365172763,0.5816323365172763,-0.005285945676169341,1,0.95001220703125,0.3940582275390625,0,0,0,0,1,union,outputs/rwtd_sweep2/sweep_v2_ws_ext_t35_mx95/masks/rwtd_186.png,data/rwtd_kaust256/labels/rwtd_186.png
rwtd_188,aggregated,0.4570258998777227,0.5183717005754794,0.5183717005754794,0.005797116044499865,1,0.9499969482421875,0.49468994140625,0,0,0,0,1,union,outputs/rwtd_sweep2/sweep_v2_ws_ext_t35_mx95/masks/rwtd_188.png,data/rwtd_kaust256/labels/rwtd_188.png
rwtd_189,aggregated,0.014131897711956852,0.9827594494544507,0.9827594494544507,0.8290293509980369,1,0.9499969482421875,0.0617828369140625,0,0,0,0,1,union,outputs/rwtd_sweep2/sweep_v2_ws_ext_t35_mx95/masks/rwtd_189.png,data/rwtd_kaust256/labels/rwtd_189.png
rwtd_194,aggregated,0.5345251288961684,0.44219970703057526,0.5345251288961684,0.01316624892569166,0,0.9499969482421875,0.5077972412109375,0,0,0,0,1,union,outputs/rwtd_sweep2/sweep_v2_ws_ext_t35_mx95/masks/rwtd_194.png,data/rwtd_kaust256/labels/rwtd_194.png
rwtd_197,aggregated,0.8540582267294794,0.09975858696965567,0.8540582267294794,0.6351021498185931,0,0.69049072265625,0.5922088623046875,0,0,0,0,1,union,outputs/rwtd_sweep2/sweep_v2_ws_ext_t35_mx95/masks/rwtd_197.png,data/rwtd_kaust256/labels/rwtd_197.png
rwtd_2,aggregated,0.45004272460868827,0.5499572753897858,0.5499572753897858,0.0,1,1.0,0.450042724609375,0,1,0,1,57,union,outputs/rwtd_sweep2/sweep_v2_ws_ext_t35_mx95/masks/rwtd_200.png|outputs/rwtd_sweep2/sweep_v2_ws_ext_t35_mx95/masks/rwtd_224.png|outputs/rwtd_sweep2/sweep_v2_ws_ext_t35_mx95/masks/rwtd_216.png|outputs/rwtd_sweep2/sweep_v2_ws_ext_t35_mx95/masks/rwtd_256.png|outputs/rwtd_sweep2/sweep_v2_ws_ext_t35_mx95/masks/rwtd_263.png|outputs/rwtd_sweep2/sweep_v2_ws_ext_t35_mx95/masks/rwtd_281.png|outputs/rwtd_sweep2/sweep_v2_ws_ext_t35_mx95/masks/rwtd_243.png|outputs/rwtd_sweep2/sweep_v2_ws_ext_t35_mx95/masks/rwtd_221.png|outputs/rwtd_sweep2/sweep_v2_ws_ext_t35_mx95/masks/rwtd_261.png|outputs/rwtd_sweep2/sweep_v2_ws_ext_t35_mx95/masks/rwtd_280.png|outputs/rwtd_sweep2/sweep_v2_ws_ext_t35_mx95/masks/rwtd_202.png|outputs/rwtd_sweep2/sweep_v2_ws_ext_t35_mx95/masks/rwtd_246.png|outputs/rwtd_sweep2/sweep_v2_ws_ext_t35_mx95/masks/rwtd_269.png|outputs/rwtd_sweep2/sweep_v2_ws_ext_t35_mx95/masks/rwtd_219.png|outputs/rwtd_sweep2/sweep_v2_ws_ext_t35_mx95/masks/rwtd_274.png|outputs/rwtd_sweep2/sweep_v2_ws_ext_t35_mx95/masks/rwtd_238.png|outputs/rwtd_sweep2/sweep_v2_ws_ext_t35_mx95/masks/rwtd_28.png|outputs/rwtd_sweep2/sweep_v2_ws_ext_t35_mx95/masks/rwtd_268.png|outputs/rwtd_sweep2/sweep_v2_ws_ext_t35_mx95/masks/rwtd_240.png|outputs/rwtd_sweep2/sweep_v2_ws_ext_t35_mx95/masks/rwtd_207.png|outputs/rwtd_sweep2/sweep_v2_ws_ext_t35_mx95/masks/rwtd_270.png|outputs/rwtd_sweep2/sweep_v2_ws_ext_t35_mx95/masks/rwtd_2.png|outputs/rwtd_sweep2/sweep_v2_ws_ext_t35_mx95/masks/rwtd_265.png|outputs/rwtd_sweep2/sweep_v2_ws_ext_t35_mx95/masks/rwtd_215.png|outputs/rwtd_sweep2/sweep_v2_ws_ext_t35_mx95/masks/rwtd_293.png|outputs/rwtd_sweep2/sweep_v2_ws_ext_t35_mx95/masks/rwtd_253.png|outputs/rwtd_sweep2/sweep_v2_ws_ext_t35_mx95/masks/rwtd_257.png|outputs/rwtd_sweep2/sweep_v2_ws_ext_t35_mx95/masks/rwtd_294.png|outputs/rwtd_sweep2/sweep_v2_ws_ext_t35_mx95/masks/rwtd_27.png|outputs/rwtd_sweep2/sweep_v2_ws_ext_t35_mx95/masks/rwtd_250.png|outputs/rwtd_sweep2/sweep_v2_ws_ext_t35_mx95/masks/rwtd_222.png|outputs/rwtd_sweep2/sweep_v2_ws_ext_t35_mx95/masks/rwtd_201.png|outputs/rwtd_sweep2/sweep_v2_ws_ext_t35_mx95/masks/rwtd_259.png|outputs/rwtd_sweep2/sweep_v2_ws_ext_t35_mx95/masks/rwtd_252.png|outputs/rwtd_sweep2/sweep_v2_ws_ext_t35_mx95/masks/rwtd_262.png|outputs/rwtd_sweep2/sweep_v2_ws_ext_t35_mx95/masks/rwtd_247.png|outputs/rwtd_sweep2/sweep_v2_ws_ext_t35_mx95/masks/rwtd_244.png|outputs/rwtd_sweep2/sweep_v2_ws_ext_t35_mx95/masks/rwtd_299.png|outputs/rwtd_sweep2/sweep_v2_ws_ext_t35_mx95/masks/rwtd_205.png|outputs/rwtd_sweep2/sweep_v2_ws_ext_t35_mx95/masks/rwtd_237.png|outputs/rwtd_sweep2/sweep_v2_ws_ext_t35_mx95/masks/rwtd_228.png|outputs/rwtd_sweep2/sweep_v2_ws_ext_t35_mx95/masks/rwtd_258.png|outputs/rwtd_sweep2/sweep_v2_ws_ext_t35_mx95/masks/rwtd_288.png|outputs/rwtd_sweep2/sweep_v2_ws_ext_t35_mx95/masks/rwtd_260.png|outputs/rwtd_sweep2/sweep_v2_ws_ext_t35_mx95/masks/rwtd_236.png|outputs/rwtd_sweep2/sweep_v2_ws_ext_t35_mx95/masks/rwtd_213.png|outputs/rwtd_sweep2/sweep_v2_ws_ext_t35_mx95/masks/rwtd_229.png|outputs/rwtd_sweep2/sweep_v2_ws_ext_t35_mx95/masks/rwtd_245.png|outputs/rwtd_sweep2/sweep_v2_ws_ext_t35_mx95/masks/rwtd_22.png|outputs/rwtd_sweep2/sweep_v2_ws_ext_t35_mx95/masks/rwtd_254.png|outputs/rwtd_sweep2/sweep_v2_ws_ext_t35_mx95/masks/rwtd_210.png|outputs/rwtd_sweep2/sweep_v2_ws_ext_t35_mx95/masks/rwtd_276.png|outputs/rwtd_sweep2/sweep_v2_ws_ext_t35_mx95/masks/rwtd_25.png|outputs/rwtd_sweep2/sweep_v2_ws_ext_t35_mx95/masks/rwtd_24.png|outputs/rwtd_sweep2/sweep_v2_ws_ext_t35_mx95/masks/rwtd_251.png|outputs/rwtd_sweep2/sweep_v2_ws_ext_t35_mx95/masks/rwtd_214.png|outputs/rwtd_sweep2/sweep_v2_ws_ext_t35_mx95/masks/rwtd_282.png,data/rwtd_kaust256/labels/rwtd_2.png
rwtd_200,aggregated,0.012158730158710858,0.9287056029344085,0.9287056029344085,0.8052689048303947,1,0.6680145263671875,0.3049774169921875,0,0,0,0,1,union,outputs/rwtd_sweep2/sweep_v2_ws_ext_t35_mx95/masks/rwtd_200.png,data/rwtd_kaust256/labels/rwtd_200.png
rwtd_201,aggregated,0.4645690917961661,0.5109783324491062,0.5109783324491062,0.004333497948989142,1,0.9499969482421875,0.5145721435546875,0,0,0,0,1,union,outputs/rwtd_sweep2/sweep_v2_ws_ext_t35_mx95/masks/rwtd_201.png,data/rwtd_kaust256/labels/rwtd_201.png
rwtd_202,aggregated,0.025905171600486963,0.7008646276923886,0.7008646276923886,0.3311367472863957,1,0.5181732177734375,0.3115081787109375,0,0,0,0,1,union,outputs/rwtd_sweep2/sweep_v2_ws_ext_t35_mx95/masks/rwtd_202.png,data/rwtd_kaust256/labels/rwtd_202.png
rwtd_205,aggregated,0.15371113722713456,0.7804235683329769,0.7804235683329769,0.4782944944025353,1,0.700775146484375,0.45263671875,0,0,0,0,1,union,outputs/rwtd_sweep2/sweep_v2_ws_ext_t35_mx95/masks/rwtd_205.png,data/rwtd_kaust256/labels/rwtd_205.png
rwtd_207,aggregated,0.820558756595118,0.10931993012334223,0.820558756595118,0.598719649105991,0,0.62603759765625,0.52142333984375,0,0,0,0,1,union,outputs/rwtd_sweep2/sweep_v2_ws_ext_t35_mx95/masks/rwtd_207.png,data/rwtd_kaust256/labels/rwtd_207.png
rwtd_210,aggregated,0.6568161004251674,0.23085649461110383,0.6568161004251674,0.28128994104250543,0,0.678466796875,0.453338623046875,0,0,0,0,1,union,outputs/rwtd_sweep2/sweep_v2_ws_ext_t35_mx95/masks/rwtd_210.png,data/rwtd_kaust256/labels/rwtd_210.png
rwtd_213,aggregated,0.007865357301024993,0.9848356757873168,0.9848356757873168,0.9652562759851196,1,0.5766754150390625,0.4302825927734375,0,0,0,0,1,union,outputs/rwtd_sweep2/sweep_v2_ws_ext_t35_mx95/masks/rwtd_213.png,data/rwtd_kaust256/labels/rwtd_213.png
rwtd_214,aggregated,0.03390288377111298,0.3951280817145432,0.3951280817145432,0.09379561910200429,1,0.2484588623046875,0.45233154296875,0,0,0,0,1,union,outputs/rwtd_sweep2/sweep_v2_ws_ext_t35_mx95/masks/rwtd_214.png,data/rwtd_kaust256/labels/rwtd_214.png
rwtd_215,aggregated,0.5251908704487718,0.3450589924459313,0.5251908704487718,0.07354658335093094,0,0.7351837158203125,0.4200897216796875,0,0,0,0,1,union,outputs/rwtd_sweep2/sweep_v2_ws_ext_t35_mx95/masks/rwtd_215.png,data/rwtd_kaust256/labels/rwtd_215.png
rwtd_216,aggregated,0.4217192912838651,0.5256375055761993,0.5256375055761993,0.021958558846296824,1,0.8890533447265625,0.532470703125,0,0,0,0,1,union,outputs/rwtd_sweep2/sweep_v2_ws_ext_t35_mx95/masks/rwtd_216.png,data/rwtd_kaust256/labels/rwtd_216.png
rwtd_219,aggregated,0.07547285022963122,0.8762103900607965,0.8762103900607965,0.719420222389652,1,0.612548828125,0.4624481201171875,0,0,0,0,1,union,outputs/rwtd_sweep2/sweep_v2_ws_ext_t35_mx95/masks/rwtd_219.png,data/rwtd_kaust256/labels/rwtd_219.png
rwtd_22,aggregated,0.45111759583143457,0.5481872558585386,0.5481872558585386,-0.00044959823089304584,1,0.9987335205078125,0.4505462646484375,0,0,0,1,6,union,outputs/rwtd_sweep2/sweep_v2_ws_ext_t35_mx95/masks/rwtd_224.png|outputs/rwtd_sweep2/sweep_v2_ws_ext_t35_mx95/masks/rwtd_221.png|outputs/rwtd_sweep2/sweep_v2_ws_ext_t35_mx95/masks/rwtd_222.png|outputs/rwtd_sweep2/sweep_v2_ws_ext_t35_mx95/masks/rwtd_228.png|outputs/rwtd_sweep2/sweep_v2_ws_ext_t35_mx95/masks/rwtd_229.png|outputs/rwtd_sweep2/sweep_v2_ws_ext_t35_mx95/masks/rwtd_22.png,data/rwtd_kaust256/labels/rwtd_22.png
rwtd_221,aggregated,0.004136709865512453,0.9906818611062435,0.9906818611062435,0.982014892093776,1,0.4843292236328125,0.5194244384765625,0,0,0,0,1,union,outputs/rwtd_sweep2/sweep_v2_ws_ext_t35_mx95/masks/rwtd_221.png,data/rwtd_kaust256/labels/rwtd_221.png
rwtd_222,aggregated,0.957116564411306,0.005048644998918073,0.957116564411306,0.9546442370884457,0,0.243072509765625,0.2436981201171875,0,0,0,0,1,union,outputs/rwtd_sweep2/sweep_v2_ws_ext_t35_mx95/masks/rwtd_222.png,data/rwtd_kaust256/labels/rwtd_222.png
rwtd_224,aggregated,0.5586001913630452,0.2767424217431198,0.5586001913630452,0.11442875720671676,0,0.6747283935546875,0.4934844970703125,0,0,0,0,1,union,outputs/rwtd_sweep2/sweep_v2_ws_ext_t35_mx95/masks/rwtd_224.png,data/rwtd_kaust256/labels/rwtd_224.png
rwtd_228,aggregated,0.42037963867123357,0.01964273005473047,0.42037963867123357,0.005873264003625435,0,0.428802490234375,0.9915771484375,0,0,0,0,1,union,outputs/rwtd_sweep2/sweep_v2_ws_ext_t35_mx95/masks/rwtd_228.png,data/rwtd_kaust256/labels/rwtd_228.png
rwtd_229,aggregated,0.9550091074646447,0.0,0.9550091074646447,0.9259630148423603,0,0.4000091552734375,0.418853759765625,0,0,0,0,1,union,outputs/rwtd_sweep2/sweep_v2_ws_ext_t35_mx95/masks/rwtd_229.png,data/rwtd_kaust256/labels/rwtd_229.png
rwtd_236,aggregated,0.4734632820959604,0.49692883652254033,0.49692883652254033,-0.0003726720072637076,1,0.941162109375,0.5317840576171875,0,0,0,0,1,union,outputs/rwtd_sweep2/sweep_v2_ws_ext_t35_mx95/masks/rwtd_236.png,data/rwtd_kaust256/labels/rwtd_236.png
rwtd_237,aggregated,0.6265623844378623,0.30778039024045345,0.6265623844378623,0.1467208647818152,0,0.824676513671875,0.5176544189453125,0,0,0,0,1,union,outputs/rwtd_sweep2/sweep_v2_ws_ext_t35_mx95/masks/rwtd_237.png,data/rwtd_kaust256/labels/rwtd_237.png
rwtd_238,aggregated,0.5161528197195797,0.4195806333286166,0.5161528197195797,0.020014026496190048,0,0.86749267578125,0.450164794921875,0,0,0,0,1,union,outputs/rwtd_sweep2/sweep_v2_ws_ext_t35_mx95/masks/rwtd_238.png,data/rwtd_kaust256/labels/rwtd_238.png
rwtd_24,aggregated,0.16770852485112503,0.8282326991991725,0.8282326991991725,0.022183126064505954,1,0.992095947265625,0.17083740234375,0,0,0,1,7,union,outputs/rwtd_sweep2/sweep_v2_ws_ext_t35_mx95/masks/rwtd_243.png|outputs/rwtd_sweep2/sweep_v2_ws_ext_t35_mx95/masks/rwtd_246.png|outputs/rwtd_sweep2/sweep_v2_ws_ext_t35_mx95/masks/rwtd_240.png|outputs/rwtd_sweep2/sweep_v2_ws_ext_t35_mx95/masks/rwtd_247.png|outputs/rwtd_sweep2/sweep_v2_ws_ext_t35_mx95/masks/rwtd_244.png|outputs/rwtd_sweep2/sweep_v2_ws_ext_t35_mx95/masks/rwtd_245.png|outputs/rwtd_sweep2/sweep_v2_ws_ext_t35_mx95/masks/rwtd_24.png,data/rwtd_kaust256/labels/rwtd_24.png
rwtd_240,aggregated,0.33527678993828464,0.5559505534447847,0.5559505534447847,0.10234900493165772,1,0.7551727294921875,0.5797576904296875,0,0,0,0,1,union,outputs/rwtd_sweep2/sweep_v2_ws_ext_t35_mx95/masks/rwtd_240.png,data/rwtd_kaust256/labels/rwtd_240.png
rwtd_243,aggregated,0.03961340761476311,0.4482016007192822,0.4482016007192822,-0.006662960953436629,1,0.4451751708984375,0.0702056884765625,0,0,0,0,1,union,outputs/rwtd_sweep2/sweep_v2_ws_ext_t35_mx95/masks/rwtd_243.png,data/rwtd_kaust256/labels/rwtd_243.png
rwtd_244,aggregated,0.27979274611241384,0.028832345251631565,0.27979274611241384,0.24849137249681227,0,0.099700927734375,0.247039794921875,0,0,0,0,1,union,outputs/rwtd_sweep2/sweep_v2_ws_ext_t35_mx95/masks/rwtd_244.png,data/rwtd_kaust256/labels/rwtd_244.png
rwtd_245,aggregated,0.10991740202052735,0.6249176954719652,0.6249176954719652,0.19602836546012556,1,0.5525665283203125,0.347564697265625,0,0,0,0,1,union,outputs/rwtd_sweep2/sweep_v2_ws_ext_t35_mx95/masks/rwtd_245.png,data/rwtd_kaust256/labels/rwtd_245.png
rwtd_246,aggregated,0.9555917897533232,0.00017145172854488692,0.9555917897533232,0.9170164003918545,0,0.45623779296875,0.4770965576171875,0,0,0,0,1,union,outputs/rwtd_sweep2/sweep_v2_ws_ext_t35_mx95/masks/rwtd_246.png,data/rwtd_kaust256/labels/rwtd_246.png
rwtd_247,aggregated,0.9835509436085764,0.0,0.9835509436085764,0.9650917653695319,0,0.5264434814453125,0.535247802734375,0,0,0,0,1,union,outputs/rwtd_sweep2/sweep_v2_ws_ext_t35_mx95/masks/rwtd_247.png,data/rwtd_kaust256/labels/rwtd_247.png
rwtd_25,aggregated,0.3892974853509685,0.6107025146475057,0.6107025146475057,0.0,1,1.0,0.3892974853515625,0,1,0,1,10,union,outputs/rwtd_sweep2/sweep_v2_ws_ext_t35_mx95/masks/rwtd_256.png|outputs/rwtd_sweep2/sweep_v2_ws_ext_t35_mx95/masks/rwtd_253.png|outputs/rwtd_sweep2/sweep_v2_ws_ext_t35_mx95/masks/rwtd_257.png|outputs/rwtd_sweep2/sweep_v2_ws_ext_t35_mx95/masks/rwtd_250.png|outputs/rwtd_sweep2/sweep_v2_ws_ext_t35_mx95/masks/rwtd_259.png|outputs/rwtd_sweep2/sweep_v2_ws_ext_t35_mx95/masks/rwtd_252.png|outputs/rwtd_sweep2/sweep_v2_ws_ext_t35_mx95/masks/rwtd_258.png|outputs/rwtd_sweep2/sweep_v2_ws_ext_t35_mx95/masks/rwtd_254.png|outputs/rwtd_sweep2/sweep_v2_ws_ext_t35_mx95/masks/rwtd_25.png|outputs/rwtd_sweep2/sweep_v2_ws_ext_t35_mx95/masks/rwtd_251.png,data/rwtd_kaust256/labels/rwtd_25.png
rwtd_250,aggregated,0.2842166184369008,0.642437001798916,0.642437001798916,0.02749323791818589,1,0.8722381591796875,0.31280517578125,0,0,0,0,1,union,outputs/rwtd_sweep2/sweep_v2_ws_ext_t35_mx95/masks/rwtd_250.png,data/rwtd_kaust256/labels/rwtd_250.png
rwtd_251,aggregated,0.3944945724356181,0.561713443654937,0.561713443654937,0.04412578616071213,1,0.900299072265625,0.493408203125,0,0,0,0,1,union,outputs/rwtd_sweep2/sweep_v2_ws_ext_t35_mx95/masks/rwtd_251.png,data/rwtd_kaust256/labels/rwtd_251.png
rwtd_252,aggregated,0.2534280936449552,0.5449829101554184,0.5449829101554184,-0.08284136536023488,1,0.72998046875,0.18499755859375,0,0,0,0,1,union,outputs/rwtd_sweep2/sweep_v2_ws_ext_t35_mx95/masks/rwtd_252.png,data/rwtd_kaust256/labels/rwtd_252.png
rwtd_253,aggregated,0.5782458346422851,0.39689910401184747,0.5782458346422851,0.011215717271013767,0,0.9499969482421875,0.5821075439453125,0,0,0,0,1,union,outputs/rwtd_sweep2/sweep_v2_ws_ext_t35_mx95/masks/rwtd_253.png,data/rwtd_kaust256/labels/rwtd_253.png
rwtd_254,aggregated,0.04836408816890101,0.9117505995180821,0.9117505995180821,0.7978996220245954,1,0.5992431640625,0.443634033203125,0,0,0,0,1,union,outputs/rwtd_sweep2/sweep_v2_ws_ext_t35_mx95/masks/rwtd_254.png,data/rwtd_kaust256/labels/rwtd_254.png
rwtd_256,aggregated,0.06575560730471602,0.8765545831390344,0.8765545831390344,0.7412514456282248,1,0.5591278076171875,0.5023345947265625,0,0,0,0,1,union,outputs/rwtd_sweep2/sweep_v2_ws_ext_t35_mx95/masks/rwtd_256.png,data/rwtd_kaust256/labels/rwtd_256.png
rwtd_257,aggregated,0.39033714001125885,0.5791778564444288,0.5791778564444288,-0.03065091065168074,1,0.9499969482421875,0.370819091796875,0,0,0,0,1,union,outputs/rwtd_sweep2/sweep_v2_ws_ext_t35_mx95/masks/rwtd_257.png,data/rwtd_kaust256/labels/rwtd_257.png
rwtd_258,aggregated,0.3688290680456457,0.5592021295982219,0.5592021295982219,0.06702123034653103,1,0.8367767333984375,0.5319061279296875,0,0,0,0,1,union,outputs/rwtd_sweep2/sweep_v2_ws_ext_t35_mx95/masks/rwtd_258.png,data/rwtd_kaust256/labels/rwtd_258.png
rwtd_259,aggregated,0.25022681124929746,0.4676085041701048,0.4676085041701048,-0.0020369353313555018,1,0.5898895263671875,0.2932586669921875,0,0,0,0,1,union,outputs/rwtd_sweep2/sweep_v2_ws_ext_t35_mx95/masks/rwtd_259.png,data/rwtd_kaust256/labels/rwtd_259.png
rwtd_260,aggregated,0.005279782704888713,0.9891893566242629,0.9891893566242629,0.9788118404363796,1,0.4925537109375,0.5126800537109375,0,0,0,0,1,union,outputs/rwtd_sweep2/sweep_v2_ws_ext_t35_mx95/masks/rwtd_260.png,data/rwtd_kaust256/labels/rwtd_260.png
rwtd_261,aggregated,0.014448042030645659,0.9654627849458752,0.9654627849458752,0.9395251691909287,1,0.44354248046875,0.569976806640625,0,0,0,0,1,union,outputs/rwtd_sweep2/sweep_v2_ws_ext_t35_mx95/masks/rwtd_261.png,data/rwtd_kaust256/labels/rwtd_261.png
rwtd_262,aggregated,0.9588940543159642,0.0001249375312341877,0.9588940543159642,0.9098347167616339,0,0.5383148193359375,0.5611419677734375,0,0,0,0,1,union,outputs/rwtd_sweep2/sweep_v2_ws_ext_t35_mx95/masks/rwtd_262.png,data/rwtd_kaust256/labels/rwtd_262.png
rwtd_263,aggregated,0.4693861485894022,0.504760571267767,0.504760571267767,-0.00136152058233132,1,0.9499969482421875,0.47412109375,0,0,0,0,1,union,outputs/rwtd_sweep2/sweep_v2_ws_ext_t35_mx95/masks/rwtd_263.png,data/rwtd_kaust256/labels/rwtd_263.png
rwtd_265,aggregated,0.0,0.7027794723183186,0.7027794723183186,0.27066321282124245,1,0.5625152587890625,0.1995849609375,0,0,0,0,1,union,outputs/rwtd_sweep2/sweep_v2_ws_ext_t35_mx95/masks/rwtd_265.png,data/rwtd_kaust256/labels/rwtd_265.png
rwtd_268,aggregated,0.7874478810106806,0.0,0.7874478810106806,0.6265141852261503,0,0.3861541748046875,0.490386962890625,0,0,0,0,1,union,outputs/rwtd_sweep2/sweep_v2_ws_ext_t35_mx95/masks/rwtd_268.png,data/rwtd_kaust256/labels/rwtd_268.png
rwtd_269,aggregated,0.9908527843063862,0.00282865967401176,0.9908527843063862,0.9806240227224562,0,0.53009033203125,0.5293121337890625,0,0,0,0,1,union,outputs/rwtd_sweep2/sweep_v2_ws_ext_t35_mx95/masks/rwtd_269.png,data/rwtd_kaust256/labels/rwtd_269.png
rwtd_27,aggregated,0.3686949620738234,0.6311798095693494,0.6311798095693494,-0.00016494880926588357,1,0.9998016357421875,0.368621826171875,0,0,0,1,4,union,outputs/rwtd_sweep2/sweep_v2_ws_ext_t35_mx95/masks/rwtd_274.png|outputs/rwtd_sweep2/sweep_v2_ws_ext_t35_mx95/masks/rwtd_270.png|outputs/rwtd_sweep2/sweep_v2_ws_ext_t35_mx95/masks/rwtd_27.png|outputs/rwtd_sweep2/sweep_v2_ws_ext_t35_mx95/masks/rwtd_276.png,data/rwtd_kaust256/labels/rwtd_27.png
rwtd_270,aggregated,0.0544189057946675,0.7329782045964175,0.7329782045964175,0.609776058899017,1,0.3494415283203125,0.6445465087890625,0,0,0,0,1,union,outputs/rwtd_sweep2/sweep_v2_ws_ext_t35_mx95/masks/rwtd_270.png,data/rwtd_kaust256/labels/rwtd_270.png
rwtd_274,aggregated,0.5171339563854992,0.4560129007528803,0.5171339563854992,-0.009617093658653693,0,0.9499969482421875,0.558502197265625,0,0,0,0,1,union,outputs/rwtd_sweep2/sweep_v2_ws_ext_t35_mx95/masks/rwtd_274.png,data/rwtd_kaust256/labels/rwtd_274.png
rwtd_276,aggregated,9.50344499878949e-05,0.46657264393333503,0.46657264393333503,0.0656181310699052,1,0.3130340576171875,0.3292694091796875,0,0,0,0,1,union,outputs/rwtd_sweep2/sweep_v2_ws_ext_t35_mx95/masks/rwtd_276.png,data/rwtd_kaust256/labels/rwtd_276.png
rwtd_28,aggregated,0.5013275146476726,0.49867248535080155,0.5013275146476726,0.0,0,1.0,0.5013275146484375,0,1,0,1,5,union,outputs/rwtd_sweep2/sweep_v2_ws_ext_t35_mx95/masks/rwtd_281.png|outputs/rwtd_sweep2/sweep_v2_ws_ext_t35_mx95/masks/rwtd_280.png|outputs/rwtd_sweep2/sweep_v2_ws_ext_t35_mx95/masks/rwtd_28.png|outputs/rwtd_sweep2/sweep_v2_ws_ext_t35_mx95/masks/rwtd_288.png|outputs/rwtd_sweep2/sweep_v2_ws_ext_t35_mx95/masks/rwtd_282.png,data/rwtd_kaust256/labels/rwtd_28.png
rwtd_280,aggregated,0.20574295638717754,0.7228790054473654,0.7228790054473654,0.3210034148507711,1,0.76409912109375,0.427642822265625,0,0,0,0,1,union,outputs/rwtd_sweep2/sweep_v2_ws_ext_t35_mx95/masks/rwtd_280.png,data/rwtd_kaust256/labels/rwtd_280.png
rwtd_281,aggregated,0.6541656725144694,0.24321684724516524,0.6541656725144694,0.2628290272287511,0,0.7033843994140625,0.4602813720703125,0,0,0,0,1,union,outputs/rwtd_sweep2/sweep_v2_ws_ext_t35_mx95/masks/rwtd_281.png,data/rwtd_kaust256/labels/rwtd_281.png
rwtd_282,aggregated,0.014043300175518426,0.8629258967703167,0.8629258967703167,0.7245296272937737,1,0.4815673828125,0.47039794921875,0,0,0,0,1,union,outputs/rwtd_sweep2/sweep_v2_ws_ext_t35_mx95/masks/rwtd_282.png,data/rwtd_kaust256/labels/rwtd_282.png
rwtd_288,aggregated,0.3508761181222416,0.5246736185226113,0.5246736185226113,0.07647038666578468,1,0.73956298828125,0.606201171875,0,0,0,0,1,union,outputs/rwtd_sweep2/sweep_v2_ws_ext_t35_mx95/masks/rwtd_288.png,data/rwtd_kaust256/labels/rwtd_288.png
rwtd_293,aggregated,0.14481692743994007,0.8175849184247727,0.8175849184247727,0.0030540177035707264,1,0.9499969482421875,0.1463623046875,0,0,0,0,1,union,outputs/rwtd_sweep2/sweep_v2_ws_ext_t35_mx95/masks/rwtd_293.png,data/rwtd_kaust256/labels/rwtd_293.png
rwtd_294,aggregated,0.5781762066871708,0.3990945069830773,0.5781762066871708,0.02357914276830718,0,0.9499969482421875,0.563690185546875,0,0,0,0,1,union,outputs/rwtd_sweep2/sweep_v2_ws_ext_t35_mx95/masks/rwtd_294.png,data/rwtd_kaust256/labels/rwtd_294.png
rwtd_299,aggregated,0.576798573032013,0.39098191805845584,0.576798573032013,0.04455221241554124,0,0.9238739013671875,0.5329132080078125,0,0,0,0,1,union,outputs/rwtd_sweep2/sweep_v2_ws_ext_t35_mx95/masks/rwtd_299.png,data/rwtd_kaust256/labels/rwtd_299.png
rwtd_3,aggregated,0.611740112303754,0.3882598876947201,0.611740112303754,0.0,0,1.0,0.6117401123046875,0,1,0,1,70,union,outputs/rwtd_sweep2/sweep_v2_ws_ext_t35_mx95/masks/rwtd_398.png|outputs/rwtd_sweep2/sweep_v2_ws_ext_t35_mx95/masks/rwtd_391.png|outputs/rwtd_sweep2/sweep_v2_ws_ext_t35_mx95/masks/rwtd_33.png|outputs/rwtd_sweep2/sweep_v2_ws_ext_t35_mx95/masks/rwtd_331.png|outputs/rwtd_sweep2/sweep_v2_ws_ext_t35_mx95/masks/rwtd_358.png|outputs/rwtd_sweep2/sweep_v2_ws_ext_t35_mx95/masks/rwtd_352.png|outputs/rwtd_sweep2/sweep_v2_ws_ext_t35_mx95/masks/rwtd_344.png|outputs/rwtd_sweep2/sweep_v2_ws_ext_t35_mx95/masks/rwtd_325.png|outputs/rwtd_sweep2/sweep_v2_ws_ext_t35_mx95/masks/rwtd_332.png|outputs/rwtd_sweep2/sweep_v2_ws_ext_t35_mx95/masks/rwtd_337.png|outputs/rwtd_sweep2/sweep_v2_ws_ext_t35_mx95/masks/rwtd_334.png|outputs/rwtd_sweep2/sweep_v2_ws_ext_t35_mx95/masks/rwtd_318.png|outputs/rwtd_sweep2/sweep_v2_ws_ext_t35_mx95/masks/rwtd_374.png|outputs/rwtd_sweep2/sweep_v2_ws_ext_t35_mx95/masks/rwtd_357.png|outputs/rwtd_sweep2/sweep_v2_ws_ext_t35_mx95/masks/rwtd_399.png|outputs/rwtd_sweep2/sweep_v2_ws_ext_t35_mx95/masks/rwtd_36.png|outputs/rwtd_sweep2/sweep_v2_ws_ext_t35_mx95/masks/rwtd_380.png|outputs/rwtd_sweep2/sweep_v2_ws_ext_t35_mx95/masks/rwtd_373.png|outputs/rwtd_sweep2/sweep_v2_ws_ext_t35_mx95/masks/rwtd_3.png|outputs/rwtd_sweep2/sweep_v2_ws_ext_t35_mx95/masks/rwtd_388.png|outputs/rwtd_sweep2/sweep_v2_ws_ext_t35_mx95/masks/rwtd_319.png|outputs/rwtd_sweep2/sweep_v2_ws_ext_t35_mx95/masks/rwtd_383.png|outputs/rwtd_sweep2/sweep_v2_ws_ext_t35_mx95/masks/rwtd_371.png|outputs/rwtd_sweep2/sweep_v2_ws_ext_t35_mx95/masks/rwtd_315.png|outputs/rwtd_sweep2/sweep_v2_ws_ext_t35_mx95/masks/rwtd_323.png|outputs/rwtd_sweep2/sweep_v2_ws_ext_t35_mx95/masks/rwtd_364.png|outputs/rwtd_sweep2/sweep_v2_ws_ext_t35_mx95/masks/rwtd_363.png|outputs/rwtd_sweep2/sweep_v2_ws_ext_t35_mx95/masks/rwtd_387.png|outputs/rwtd_sweep2/sweep_v2_ws_ext_t35_mx95/masks/rwtd_303.png|outputs/rwtd_sweep2/sweep_v2_ws_ext_t35_mx95/masks/rwtd_311.png|outputs/rwtd_sweep2/sweep_v2_ws_ext_t35_mx95/masks/rwtd_349.png|outputs/rwtd_sweep2/sweep_v2_ws_ext_t35_mx95/masks/rwtd_322.png|outputs/rwtd_sweep2/sweep_v2_ws_ext_t35_mx95/masks/rwtd_367.png|outputs/rwtd_sweep2/sweep_v2_ws_ext_t35_mx95/masks/rwtd_329.png|outputs/rwtd_sweep2/sweep_v2_ws_ext_t35_mx95/masks/rwtd_395.png|outputs/rwtd_sweep2/sweep_v2_ws_ext_t35_mx95/masks/rwtd_351.png|outputs/rwtd_sweep2/sweep_v2_ws_ext_t35_mx95/masks/rwtd_376.png|outputs/rwtd_sweep2/sweep_v2_ws_ext_t35_mx95/masks/rwtd_39.png|outputs/rwtd_sweep2/sweep_v2_ws_ext_t35_mx95/masks/rwtd_377.png|outputs/rwtd_sweep2/sweep_v2_ws_ext_t35_mx95/masks/rwtd_300.png|outputs/rwtd_sweep2/sweep_v2_ws_ext_t35_mx95/masks/rwtd_342.png|outputs/rwtd_sweep2/sweep_v2_ws_ext_t35_mx95/masks/rwtd_393.png|outputs/rwtd_sweep2/sweep_v2_ws_ext_t35_mx95/masks/rwtd_362.png|outputs/rwtd_sweep2/sweep_v2_ws_ext_t35_mx95/masks/rwtd_302.png|outputs/rwtd_sweep2/sweep_v2_ws_ext_t35_mx95/masks/rwtd_378.png|outputs/rwtd_sweep2/sweep_v2_ws_ext_t35_mx95/masks/rwtd_34.png|outputs/rwtd_sweep2/sweep_v2_ws_ext_t35_mx95/masks/rwtd_382.png|outputs/rwtd_sweep2/sweep_v2_ws_ext_t35_mx95/masks/rwtd_397.png|outputs/rwtd_sweep2/sweep_v2_ws_ext_t35_mx95/masks/rwtd_394.png|outputs/rwtd_sweep2/sweep_v2_ws_ext_t35_mx95/masks/rwtd_321.png|outputs/rwtd_sweep2/sweep_v2_ws_ext_t35_mx95/masks/rwtd_359.png|outputs/rwtd_sweep2/sweep_v2_ws_ext_t35_mx95/masks/rwtd_310.png|outputs/rwtd_sweep2/sweep_v2_ws_ext_t35_mx95/masks/rwtd_38.png|outputs/rwtd_sweep2/sweep_v2_ws_ext_t35_mx95/masks/rwtd_365.png|outputs/rwtd_sweep2/sweep_v2_ws_ext_t35_mx95/masks/rwtd_328.png|outputs/rwtd_sweep2/sweep_v2_ws_ext_t35_mx95/masks/rwtd_327.png|outputs/rwtd_sweep2/sweep_v2_ws_ext_t35_mx95/masks/rwtd_30.png|outputs/rwtd_sweep2/sweep_v2_ws_ext_t35_mx95/masks/rwtd_330.png|outputs/rwtd_sweep2/sweep_v2_ws_ext_t35_mx95/masks/rwtd_350.png|outputs/rwtd_sweep2/sweep_v2_ws_ext_t35_mx95/masks/rwtd_343.png|outputs/rwtd_sweep2/sweep_v2_ws_ext_t35_mx95/masks/rwtd_347.png|outputs/rwtd_sweep2/sweep_v2_ws_ext_t35_mx95/masks/rwtd_392.png|outputs/rwtd_sweep2/sweep_v2_ws_ext_t35_mx95/masks/rwtd_348.png|outputs/rwtd_sweep2/sweep_v2_ws_ext_t35_mx95/masks/rwtd_345.png|outputs/rwtd_sweep2/sweep_v2_ws_ext_t35_mx95/masks/rwtd_346.png|outputs/rwtd_sweep2/sweep_v2_ws_ext_t35_mx95/masks/rwtd_366.png|outputs/rwtd_sweep2/sweep_v2_ws_ext_t35_mx95/masks/rwtd_324.png|outputs/rwtd_sweep2/sweep_v2_ws_ext_t35_mx95/masks/rwtd_308.png|outputs/rwtd_sweep2/sweep_v2_ws_ext_t35_mx95/masks/rwtd_304.png|outputs/rwtd_sweep2/sweep_v2_ws_ext_t35_mx95/masks/rwtd_389.png,data/rwtd_kaust256/labels/rwtd_3.png
rwtd_30,aggregated,0.45405578613211967,0.5459442138663545,0.5459442138663545,0.0,1,1.0,0.4540557861328125,0,1,0,1,6,union,outputs/rwtd_sweep2/sweep_v2_ws_ext_t35_mx95/masks/rwtd_303.png|outputs/rwtd_sweep2/sweep_v2_ws_ext_t35_mx95/masks/rwtd_300.png|outputs/rwtd_sweep2/sweep_v2_ws_ext_t35_mx95/masks/rwtd_302.png|outputs/rwtd_sweep2/sweep_v2_ws_ext_t35_mx95/masks/rwtd_30.png|outputs/rwtd_sweep2/sweep_v2_ws_ext_t35_mx95/masks/rwtd_308.png|outputs/rwtd_sweep2/sweep_v2_ws_ext_t35_mx95/masks/rwtd_304.png,data/rwtd_kaust256/labels/rwtd_30.png
rwtd_300,aggregated,0.7314607245320761,0.1349635779236429,0.7314607245320761,0.4020678395593666,0,0.6253814697265625,0.55316162109375,0,0,0,0,1,union,outputs/rwtd_sweep2/sweep_v2_ws_ext_t35_mx95/masks/rwtd_300.png,data/rwtd_kaust256/labels/rwtd_300.png
rwtd_302,aggregated,0.47269605404548887,0.500962155226945,0.500962155226945,-0.008041862053070751,1,0.9499969482421875,0.4503631591796875,0,0,0,0,1,union,outputs/rwtd_sweep2/sweep_v2_ws_ext_t35_mx95/masks/rwtd_302.png,data/rwtd_kaust256/labels/rwtd_302.png
rwtd_303,aggregated,0.4075661116545271,0.5164920746411195,0.5164920746411195,-0.04661242525216186,1,0.871673583984375,0.3563385009765625,0,0,0,0,1,union,outputs/rwtd_sweep2/sweep_v2_ws_ext_t35_mx95/masks/rwtd_303.png,data/rwtd_kaust256/labels/rwtd_303.png
rwtd_304,aggregated,0.24921906411367764,0.7309319013437074,0.7309319013437074,0.09314736647049046,1,0.9499969482421875,0.2826385498046875,0,0,0,0,1,union,outputs/rwtd_sweep2/sweep_v2_ws_ext_t35_mx95/masks/rwtd_304.png,data/rwtd_kaust256/labels/rwtd_304.png
rwtd_308,aggregated,0.9293335696545031,0.056720306513323035,0.9293335696545031,0.7183703689595108,0,0.856536865234375,0.8044281005859375,0,0,0,0,1,union,outputs/rwtd_sweep2/sweep_v2_ws_ext_t35_mx95/masks/rwtd_308.png,data/rwtd_kaust256/labels/rwtd_308.png
rwtd_310,aggregated,0.9050939345969116,0.07026291931086025,0.9050939345969116,0.28296099327479546,0,0.9499969482421875,0.905242919921875,0,0,0,0,1,union,outputs/rwtd_sweep2/sweep_v2_ws_ext_t35_mx95/masks/rwtd_310.png,data/rwtd_kaust256/labels/rwtd_310.png
rwtd_311,aggregated,0.9440402190832746,0.053161621093668884,0.9440402190832746,0.5889105267205946,0,0.9499969482421875,0.8968353271484375,0,0,0,0,1,union,outputs/rwtd_sweep2/sweep_v2_ws_ext_t35_mx95/masks/rwtd_311.png,data/rwtd_kaust256/labels/rwtd_311.png
rwtd_315,aggregated,0.9546241107464035,0.04097395347408199,0.9546241107464035,0.6337007803424015,0,0.9499969482421875,0.9114532470703125,0,0,0,0,1,union,outputs/rwtd_sweep2/sweep_v2_ws_ext_t35_mx95/masks/rwtd_315.png,data/rwtd_kaust256/labels/rwtd_315.png
rwtd_318,aggregated,0.8142925967547546,0.17631438382269926,0.8142925967547546,0.232109694503167,0,0.9499969482421875,0.7738800048828125,0,0,0,0,1,union,outputs/rwtd_sweep2/sweep_v2_ws_ext_t35_mx95/masks/rwtd_318.png,data/rwtd_kaust256/labels/rwtd_318.png
rwtd_319,aggregated,0.48656163113889567,0.2942032418525698,0.48656163113889567,0.07393377111376226,0,0.6097869873046875,0.4426422119140625,0,0,0,0,1,union,outputs/rwtd_sweep2/sweep_v2_ws_ext_t35_mx95/masks/rwtd_319.png,data/rwtd_kaust256/labels/rwtd_319.png
rwtd_321,aggregated,0.12271745533064546,0.7307857352559325,0.7307857352559325,0.4043633993084008,1,0.6081695556640625,0.4388275146484375,0,0,0,0,1,union,outputs/rwtd_sweep2/sweep_v2_ws_ext_t35_mx95/masks/rwtd_321.png,data/rwtd_kaust256/labels/rwtd_321.png
rwtd_322,aggregated,0.0019596955939478727,0.8390888250033147,0.8390888250033147,0.7477220560658017,1,0.3536834716796875,0.5825042724609375,0,0,0,0,1,union,outputs/rwtd_sweep2/sweep_v2_ws_ext_t35_mx95/masks/rwtd_322.png,data/rwtd_kaust256/labels/rwtd_322.png
rwtd_323,aggregated,0.2826016760201697,0.6199601441240364,0.6199601441240364,0.17920776969844002,1,0.750396728515625,0.52239990234375,0,0,0,0,1,union,outputs/rwtd_sweep2/sweep_v2_ws_ext_t35_mx95/masks/rwtd_323.png,data/rwtd_kaust256/labels/rwtd_323.png
rwtd_324,aggregated,0.43018469192235853,0.2704373585525577,0.43018469192235853,0.04410007934839962,0,0.5224609375,0.4688873291015625,0,0,0,0,1,union,outputs/rwtd_sweep2/sweep_v2_ws_ext_t35_mx95/masks/rwtd_324.png,data/rwtd_kaust256/labels/rwtd_324.png
rwtd_325,aggregated,0.08795642525707553,0.8362271461415759,0.8362271461415759,0.6296658862184694,1,0.6134033203125,0.4563751220703125,0,0,0,0,1,union,outputs/rwtd_sweep2/sweep_v2_ws_ext_t35_mx95/masks/rwtd_325.png,data/rwtd_kaust256/labels/rwtd_325.png
rwtd_327,aggregated,0.5056584754944398,0.4677621233023079,0.5056584754944398,-0.009499751817002945,0,0.9499969482421875,0.5543060302734375,0,0,0,0,1,union,outputs/rwtd_sweep2/sweep_v2_ws_ext_t35_mx95/masks/rwtd_327.png,data/rwtd_kaust256/labels/rwtd_327.png
rwtd_328,aggregated,0.16838334079687386,0.48319030345712116,0.48319030345712116,0.38573689251714993,1,0.3330535888671875,0.821441650390625,0,0,0,0,1,union,outputs/rwtd_sweep2/sweep_v2_ws_ext_t35_mx95/masks/rwtd_328.png,data/rwtd_kaust256/labels/rwtd_328.png
rwtd_329,aggregated,0.13488598555524647,0.7113732892857212,0.7113732892857212,0.3927263037301141,1,0.5868377685546875,0.4801483154296875,0,0,0,0,1,union,outputs/rwtd_sweep2/sweep_v2_ws_ext_t35_mx95/masks/rwtd_329.png,data/rwtd_kaust256/labels/rwtd_329.png
rwtd_33,aggregated,0.18831626293793544,0.6856384277333288,0.6856384277333288,-0.10672241842317162,1,0.8447113037109375,0.1590728759765625,0,0,0,0,6,union,outputs/rwtd_sweep2/sweep_v2_ws_ext_t35_mx95/masks/rwtd_33.png|outputs/rwtd_sweep2/sweep_v2_ws_ext_t35_mx95/masks/rwtd_331.png|outputs/rwtd_sweep2/sweep_v2_ws_ext_t35_mx95/masks/rwtd_332.png|outputs/rwtd_sweep2/sweep_v2_ws_ext_t35_mx95/masks/rwtd_337.png|outputs/rwtd_sweep2/sweep_v2_ws_ext_t35_mx95/masks/rwtd_334.png|outputs/rwtd_sweep2/sweep_v2_ws_ext_t35_mx95/masks/rwtd_330.png,data/rwtd_kaust256/labels/rwtd_33.png
rwtd_330,aggregated,0.11322770989156836,0.8281966668724898,0.8281966668724898,0.5532527393831851,1,0.720458984375,0.3763427734375,0,0,0,0,1,union,outputs/rwtd_sweep2/sweep_v2_ws_ext_t35_mx95/masks/rwtd_330.png,data/rwtd_kaust256/labels/rwtd_330.png
rwtd_331,aggregated,0.010271554214530604,0.803883790494327,0.803883790494327,0.7678621975978298,1,0.2516937255859375,0.7088165283203125,0,0,0,0,1,union,outputs/rwtd_sweep2/sweep_v2_ws_ext_t35_mx95/masks/rwtd_331.png,data/rwtd_kaust256/labels/rwtd_331.png
rwtd_332,aggregated,0.01293804755942907,0.9023815232122497,0.9023815232122497,0.8556424634033113,1,0.357208251953125,0.6307525634765625,0,0,0,0,1,union,outputs/rwtd_sweep2/sweep_v2_ws_ext_t35_mx95/masks/rwtd_332.png,data/rwtd_kaust256/labels/rwtd_332.png
rwtd_334,aggregated,0.10764326003415738,0.7741842392744744,0.7741842392744744,0.4378288518965405,1,0.673553466796875,0.3602142333984375,0,0,0,0,1,union,outputs/rwtd_sweep2/sweep_v2_ws_ext_t35_mx95/masks/rwtd_334.png,data/rwtd_kaust256/labels/rwtd_334.png
rwtd_337,aggregated,0.017992569621391518,0.8877930245791323,0.8877930245791323,0.8928770007939095,1,0.207427978515625,0.80438232421875,0,0,0,0,1,union,outputs/rwtd_sweep2/sweep_v2_ws_ext_t35_mx95/masks/rwtd_337.png,data/rwtd_kaust256/labels/rwtd_337.png
rwtd_34,aggregated,0.2902984619136195,0.7097015380848546,0.7097015380848546,0.0,1,1.0,0.2902984619140625,0,1,0,1,9,union,outputs/rwtd_sweep2/sweep_v2_ws_ext_t35_mx95/masks/rwtd_344.png|outputs/rwtd_sweep2/sweep_v2_ws_ext_t35_mx95/masks/rwtd_349.png|outputs/rwtd_sweep2/sweep_v2_ws_ext_t35_mx95/masks/rwtd_342.png|outputs/rwtd_sweep2/sweep_v2_ws_ext_t35_mx95/masks/rwtd_34.png|outputs/rwtd_sweep2/sweep_v2_ws_ext_t35_mx95/masks/rwtd_343.png|outputs/rwtd_sweep2/sweep_v2_ws_ext_t35_mx95/masks/rwtd_347.png|outputs/rwtd_sweep2/sweep_v2_ws_ext_t35_mx95/masks/rwtd_348.png|outputs/rwtd_sweep2/sweep_v2_ws_ext_t35_mx95/masks/rwtd_345.png|outputs/rwtd_sweep2/sweep_v2_ws_ext_t35_mx95/masks/rwtd_346.png,data/rwtd_kaust256/labels/rwtd_34.png
rwtd_342,aggregated,0.3185974677345425,0.5835566938658575,0.5835566938658575,0.12709740627628766,1,0.7664031982421875,0.54937744140625,0,0,0,0,1,union,outputs/rwtd_sweep2/sweep_v2_ws_ext_t35_mx95/masks/rwtd_342.png,data/rwtd_kaust256/labels/rwtd_342.png
rwtd_343,aggregated,0.004530878575637704,0.8035546654934379,0.8035546654934379,0.7978651899741853,1,0.20025634765625,0.7605133056640625,0,0,0,0,1,union,outputs/rwtd_sweep2/sweep_v2_ws_ext_t35_mx95/masks/rwtd_343.png,data/rwtd_kaust256/labels/rwtd_343.png
rwtd_344,aggregated,0.7583790615438937,0.22753032716544,0.7583790615438937,0.14828372460957698,0,0.9499969482421875,0.72711181640625,0,0,0,0,1,union,outputs/rwtd_sweep2/sweep_v2_ws_ext_t35_mx95/masks/rwtd_344.png,data/rwtd_kaust256/labels/rwtd_344.png
rwtd_345,aggregated,0.08720277410817832,0.6087354567972202,0.6087354567972202,0.46327127331894025,1,0.3240814208984375,0.680572509765625,0,0,0,0,1,union,outputs/rwtd_sweep2/sweep_v2_ws_ext_t35_mx95/masks/rwtd_345.png,data/rwtd_kaust256/labels/rwtd_345.png
rwtd_346,aggregated,0.2754554352283089,0.5022809062788224,0.5022809062788224,0.15881117137744624,1,0.56866455078125,0.6641693115234375,0,0,0,0,1,union,outputs/rwtd_sweep2/sweep_v2_ws_ext_t35_mx95/masks/rwtd_346.png,data/rwtd_kaust256/labels/rwtd_346.png
rwtd_347,aggregated,0.4273042336517698,0.49339286682605726,0.49339286682605726,0.008051513068747705,1,0.843536376953125,0.5829620361328125,0,0,0,0,1,union,outputs/rwtd_sweep2/sweep_v2_ws_ext_t35_mx95/masks/rwtd_347.png,data/rwtd_kaust256/labels/rwtd_347.png
rwtd_348,aggregated,0.8477109635810128,0.06930261116845059,0.8477109635810128,0.552522944277085,0,0.739593505859375,0.7298126220703125,0,0,0,0,1,union,outputs/rwtd_sweep2/sweep_v2_ws_ext_t35_mx95/masks/rwtd_348.png,data/rwtd_kaust256/labels/rwtd_348.png
rwtd_349,aggregated,0.35081139007907103,0.4575154201541839,0.4575154201541839,0.07374007768507874,1,0.6473236083984375,0.69903564453125,0,0,0,0,1,union,outputs/rwtd_sweep2/sweep_v2_ws_ext_t35_mx95/masks/rwtd_349.png,data/rwtd_kaust256/labels/rwtd_349.png
rwtd_350,aggregated,0.019555610304390687,0.9616769176949341,0.9616769176949341,0.8845754940599571,1,0.73272705078125,0.2776031494140625,0,0,0,0,1,union,outputs/rwtd_sweep2/sweep_v2_ws_ext_t35_mx95/masks/rwtd_350.png,data/rwtd_kaust256/labels/rwtd_350.png
rwtd_351,aggregated,0.0,0.8330960193127187,0.8330960193127187,0.6979690201884201,1,0.410675048828125,0.507049560546875,0,0,0,0,1,union,outputs/rwtd_sweep2/sweep_v2_ws_ext_t35_mx95/masks/rwtd_351.png,data/rwtd_kaust256/labels/rwtd_351.png
rwtd_352,aggregated,0.0,0.9470917517687304,0.9470917517687304,0.8369333387867678,1,0.72027587890625,0.2394866943359375,0,0,0,0,1,union,outputs/rwtd_sweep2/sweep_v2_ws_ext_t35_mx95/masks/rwtd_352.png,data/rwtd_kaust256/labels/rwtd_352.png
rwtd_357,aggregated,0.5865607264458875,0.2771540729195846,0.5865607264458875,0.19316976125094887,0,0.6711273193359375,0.3952789306640625,0,0,0,0,1,union,outputs/rwtd_sweep2/sweep_v2_ws_ext_t35_mx95/masks/rwtd_357.png,data/rwtd_kaust256/labels/rwtd_357.png
rwtd_358,aggregated,0.6697339436631259,0.020561242499072183,0.6697339436631259,0.032039268672083475,0,0.6683502197265625,0.9624786376953125,0,0,0,0,1,union,outputs/rwtd_sweep2/sweep_v2_ws_ext_t35_mx95/masks/rwtd_358.png,data/rwtd_kaust256/labels/rwtd_358.png
rwtd_359,aggregated,0.04685125119471184,0.8836944972921754,0.8836944972921754,0.7331536903294426,1,0.591339111328125,0.4280853271484375,0,0,0,0,1,union,outputs/rwtd_sweep2/sweep_v2_ws_ext_t35_mx95/masks/rwtd_359.png,data/rwtd_kaust256/labels/rwtd_359.png
rwtd_36,aggregated,0.20790734580491363,0.7920684814441039,0.7920684814441039,-4.5010643797022994e-05,1,0.999969482421875,0.2079010009765625,0,0,0,1,7,union,outputs/rwtd_sweep2/sweep_v2_ws_ext_t35_mx95/masks/rwtd_36.png|outputs/rwtd_sweep2/sweep_v2_ws_ext_t35_mx95/masks/rwtd_364.png|outputs/rwtd_sweep2/sweep_v2_ws_ext_t35_mx95/masks/rwtd_363.png|outputs/rwtd_sweep2/sweep_v2_ws_ext_t35_mx95/masks/rwtd_367.png|outputs/rwtd_sweep2/sweep_v2_ws_ext_t35_mx95/masks/rwtd_362.png|outputs/rwtd_sweep2/sweep_v2_ws_ext_t35_mx95/masks/rwtd_365.png|outputs/rwtd_sweep2/sweep_v2_ws_ext_t35_mx95/masks/rwtd_366.png,data/rwtd_kaust256/labels/rwtd_36.png
rwtd_362,aggregated,0.2860812012243681,0.37469958952684085,0.37469958952684085,0.010543003087195248,1,0.489776611328125,0.5034942626953125,0,0,0,0,1,union,outputs/rwtd_sweep2/sweep_v2_ws_ext_t35_mx95/masks/rwtd_362.png,data/rwtd_kaust256/labels/rwtd_362.png
rwtd_363,aggregated,0.001100147250476279,0.843760487077895,0.843760487077895,0.6415814058978185,1,0.5381011962890625,0.3644256591796875,0,0,0,0,1,union,outputs/rwtd_sweep2/sweep_v2_ws_ext_t35_mx95/masks/rwtd_363.png,data/rwtd_kaust256/labels/rwtd_363.png
rwtd_364,aggregated,0.5214291722734661,0.04063600278073908,0.5214291722734661,0.0882749080431294,0,0.4059906005859375,0.69793701171875,0,0,0,0,1,union,outputs/rwtd_sweep2/sweep_v2_ws_ext_t35_mx95/masks/rwtd_364.png,data/rwtd_kaust256/labels/rwtd_364.png
rwtd_365,aggregated,0.4870386024215024,0.032789373813979526,0.4870386024215024,0.3019362193454434,0,0.23736572265625,0.4068603515625,0,0,0,0,1,union,outputs/rwtd_sweep2/sweep_v2_ws_ext_t35_mx95/masks/rwtd_365.png,data/rwtd_kaust256/labels/rwtd_365.png
rwtd_366,aggregated,0.6681287246706361,0.14051155665066856,0.6681287246706361,0.3307649663743068,0,0.556427001953125,0.5113525390625,0,0,0,0,1,union,outputs/rwtd_sweep2/sweep_v2_ws_ext_t35_mx95/masks/rwtd_366.png,data/rwtd_kaust256/labels/rwtd_366.png
rwtd_367,aggregated,0.0004907172650683067,0.8912664719862303,0.8912664719862303,0.7476573821593064,1,0.554656982421875,0.3786468505859375,0,0,0,0,1,union,outputs/rwtd_sweep2/sweep_v2_ws_ext_t35_mx95/masks/rwtd_367.png,data/rwtd_kaust256/labels/rwtd_367.png
rwtd_371,aggregated,0.005139453712886837,0.912116040953273,0.912116040953273,0.8032557065410152,1,0.543182373046875,0.4147491455078125,0,0,0,0,1,union,outputs/rwtd_sweep2/sweep_v2_ws_ext_t35_mx95/masks/rwtd_371.png,data/rwtd_kaust256/labels/rwtd_371.png
rwtd_373,aggregated,0.40432073792312595,0.28430126815585544,0.40432073792312595,0.011703779551839185,0,0.55535888671875,0.768798828125,0,0,0,0,1,union,outputs/rwtd_sweep2/sweep_v2_ws_ext_t35_mx95/masks/rwtd_373.png,data/rwtd_kaust256/labels/rwtd_373.png
rwtd_374,aggregated,0.356823214257511,0.30526285317188145,0.356823214257511,0.07136061335719492,0,0.5125274658203125,0.82452392578125,0,0,0,0,1,union,outputs/rwtd_sweep2/sweep_v2_ws_ext_t35_mx95/masks/rwtd_374.png,data/rwtd_kaust256/labels/rwtd_374.png
rwtd_376,aggregated,0.4687181577322576,0.13206693803685754,0.4687181577322576,0.26329061965711964,0,0.326416015625,0.333404541015625,0,0,0,0,1,union,outputs/rwtd_sweep2/sweep_v2_ws_ext_t35_mx95/masks/rwtd_376.png,data/rwtd_kaust256/labels/rwtd_376.png
rwtd_377,aggregated,0.098348310658001,0.001114062901695826,0.098348310658001,-0.07514387109772569,0,0.089874267578125,0.91162109375,0,0,0,0,1,union,outputs/rwtd_sweep2/sweep_v2_ws_ext_t35_mx95/masks/rwtd_377.png,data/rwtd_kaust256/labels/rwtd_377.png
rwtd_378,aggregated,0.8323887786895369,0.14600220932561728,0.8323887786895369,0.16968931767085876,0,0.9499969482421875,0.826080322265625,0,0,0,0,1,union,outputs/rwtd_sweep2/sweep_v2_ws_ext_t35_mx95/masks/rwtd_378.png,data/rwtd_kaust256/labels/rwtd_378.png
rwtd_38,aggregated,0.17850252641222095,0.8186645507800008,0.8186645507800008,-0.0053055202572600095,1,0.996551513671875,0.177886962890625,0,0,0,1,7,union,outputs/rwtd_sweep2/sweep_v2_ws_ext_t35_mx95/masks/rwtd_380.png|outputs/rwtd_sweep2/sweep_v2_ws_ext_t35_mx95/masks/rwtd_388.png|outputs/rwtd_sweep2/sweep_v2_ws_ext_t35_mx95/masks/rwtd_383.png|outputs/rwtd_sweep2/sweep_v2_ws_ext_t35_mx95/masks/rwtd_387.png|outputs/rwtd_sweep2/sweep_v2_ws_ext_t35_mx95/masks/rwtd_382.png|outputs/rwtd_sweep2/sweep_v2_ws_ext_t35_mx95/masks/rwtd_38.png|outputs/rwtd_sweep2/sweep_v2_ws_ext_t35_mx95/masks/rwtd_389.png,data/rwtd_kaust256/labels/rwtd_38.png
rwtd_380,aggregated,0.026849212068005186,0.9317654587614356,0.9317654587614356,0.7920991653706236,1,0.737091064453125,0.263153076171875,0,0,0,0,1,union,outputs/rwtd_sweep2/sweep_v2_ws_ext_t35_mx95/masks/rwtd_380.png,data/rwtd_kaust256/labels/rwtd_380.png
rwtd_382,aggregated,0.03291895872121575,0.15206640762951437,0.15206640762951437,-0.06338106225578734,1,0.1298370361328125,0.234039306640625,0,0,0,0,1,union,outputs/rwtd_sweep2/sweep_v2_ws_ext_t35_mx95/masks/rwtd_382.png,data/rwtd_kaust256/labels/rwtd_382.png
rwtd_383,aggregated,0.507231122243843,0.3186589251341258,0.507231122243843,0.07918241113705315,0,0.668304443359375,0.4241943359375,0,0,0,0,1,union,outputs/rwtd_sweep2/sweep_v2_ws_ext_t35_mx95/masks/rwtd_383.png,data/rwtd_kaust256/labels/rwtd_383.png
rwtd_387,aggregated,0.00518372911447769,0.9449208769861066,0.9449208769861066,0.8268676162820718,1,0.7329864501953125,0.23455810546875,0,0,0,0,1,union,outputs/rwtd_sweep2/sweep_v2_ws_ext_t35_mx95/masks/rwtd_387.png,data/rwtd_kaust256/labels/rwtd_387.png
rwtd_388,aggregated,0.0,0.9021000691261183,0.9021000691261183,0.7645907731778512,1,0.57745361328125,0.3598785400390625,0,0,0,0,1,union,outputs/rwtd_sweep2/sweep_v2_ws_ext_t35_mx95/masks/rwtd_388.png,data/rwtd_kaust256/labels/rwtd_388.png
rwtd_389,aggregated,0.0001513698975727814,0.83685282452343,0.83685282452343,0.6629171172646703,1,0.4766387939453125,0.4307403564453125,0,0,0,0,1,union,outputs/rwtd_sweep2/sweep_v2_ws_ext_t35_mx95/masks/rwtd_389.png,data/rwtd_kaust256/labels/rwtd_389.png
rwtd_39,aggregated,0.3502744491683799,0.6411895751943341,0.6411895751943341,-0.011641379375475313,1,0.9868621826171875,0.345672607421875,0,0,0,0,9,union,outputs/rwtd_sweep2/sweep_v2_ws_ext_t35_mx95/masks/rwtd_398.png|outputs/rwtd_sweep2/sweep_v2_ws_ext_t35_mx95/masks/rwtd_391.png|outputs/rwtd_sweep2/sweep_v2_ws_ext_t35_mx95/masks/rwtd_399.png|outputs/rwtd_sweep2/sweep_v2_ws_ext_t35_mx95/masks/rwtd_395.png|outputs/rwtd_sweep2/sweep_v2_ws_ext_t35_mx95/masks/rwtd_39.png|outputs/rwtd_sweep2/sweep_v2_ws_ext_t35_mx95/masks/rwtd_393.png|outputs/rwtd_sweep2/sweep_v2_ws_ext_t35_mx95/masks/rwtd_397.png|outputs/rwtd_sweep2/sweep_v2_ws_ext_t35_mx95/masks/rwtd_394.png|outputs/rwtd_sweep2/sweep_v2_ws_ext_t35_mx95/masks/rwtd_392.png,data/rwtd_kaust256/labels/rwtd_39.png
rwtd_391,aggregated,0.646081982839569,0.02501141599895178,0.646081982839569,0.18661486913743028,0,0.53546142578125,0.7819366455078125,0,0,0,0,1,union,outputs/rwtd_sweep2/sweep_v2_ws_ext_t35_mx95/masks/rwtd_391.png,data/rwtd_kaust256/labels/rwtd_391.png
rwtd_392,aggregated,0.0003174048975570656,0.9257844395167217,0.9257844395167217,0.8506951620976788,1,0.4847259521484375,0.47705078125,0,0,0,0,1,union,outputs/rwtd_sweep2/sweep_v2_ws_ext_t35_mx95/masks/rwtd_392.png,data/rwtd_kaust256/labels/rwtd_392.png
rwtd_393,aggregated,0.0,0.8449856733504179,0.8449856733504179,0.6428297846145521,1,0.53997802734375,0.3609619140625,0,0,0,0,1,union,outputs/rwtd_sweep2/sweep_v2_ws_ext_t35_mx95/masks/rwtd_393.png,data/rwtd_kaust256/labels/rwtd_393.png
rwtd_394,aggregated,0.038821822019858135,0.8201160541565736,0.8201160541565736,0.6061864774089817,1,0.540557861328125,0.42059326171875,0,0,0,0,1,union,outputs/rwtd_sweep2/sweep_v2_ws_ext_t35_mx95/masks/rwtd_394.png,data/rwtd_kaust256/labels/rwtd_394.png
rwtd_395,aggregated,0.012881595200261671,0.9039389356930848,0.9039389356930848,0.7702272845994395,1,0.586883544921875,0.376556396484375,0,0,0,0,1,union,outputs/rwtd_sweep2/sweep_v2_ws_ext_t35_mx95/masks/rwtd_395.png,data/rwtd_kaust256/labels/rwtd_395.png
rwtd_397,aggregated,0.01771592771137354,0.5107373449096064,0.5107373449096064,0.059293844454633926,1,0.39642333984375,0.2574920654296875,0,0,0,0,1,union,outputs/rwtd_sweep2/sweep_v2_ws_ext_t35_mx95/masks/rwtd_397.png,data/rwtd_kaust256/labels/rwtd_397.png
rwtd_398,aggregated,0.7530685148987037,0.11037217265907835,0.7530685148987037,-0.08727986993550009,0,0.8461456298828125,0.90606689453125,0,0,0,0,1,union,outputs/rwtd_sweep2/sweep_v2_ws_ext_t35_mx95/masks/rwtd_398.png,data/rwtd_kaust256/labels/rwtd_398.png
rwtd_399,aggregated,0.0002834601029900577,0.7695588730410869,0.7695588730410869,0.8184133899714692,1,0.104888916015625,0.8643341064453125,0,0,0,0,1,union,outputs/rwtd_sweep2/sweep_v2_ws_ext_t35_mx95/masks/rwtd_399.png,data/rwtd_kaust256/labels/rwtd_399.png
rwtd_4,aggregated,0.19415283203095374,0.8058471679675203,0.8058471679675203,0.0,1,1.0,0.19415283203125,0,1,0,1,63,union,outputs/rwtd_sweep2/sweep_v2_ws_ext_t35_mx95/masks/rwtd_442.png|outputs/rwtd_sweep2/sweep_v2_ws_ext_t35_mx95/masks/rwtd_432.png|outputs/rwtd_sweep2/sweep_v2_ws_ext_t35_mx95/masks/rwtd_449.png|outputs/rwtd_sweep2/sweep_v2_ws_ext_t35_mx95/masks/rwtd_434.png|outputs/rwtd_sweep2/sweep_v2_ws_ext_t35_mx95/masks/rwtd_414.png|outputs/rwtd_sweep2/sweep_v2_ws_ext_t35_mx95/masks/rwtd_448.png|outputs/rwtd_sweep2/sweep_v2_ws_ext_t35_mx95/masks/rwtd_413.png|outputs/rwtd_sweep2/sweep_v2_ws_ext_t35_mx95/masks/rwtd_451.png|outputs/rwtd_sweep2/sweep_v2_ws_ext_t35_mx95/masks/rwtd_417.png|outputs/rwtd_sweep2/sweep_v2_ws_ext_t35_mx95/masks/rwtd_423.png|outputs/rwtd_sweep2/sweep_v2_ws_ext_t35_mx95/masks/rwtd_4.png|outputs/rwtd_sweep2/sweep_v2_ws_ext_t35_mx95/masks/rwtd_437.png|outputs/rwtd_sweep2/sweep_v2_ws_ext_t35_mx95/masks/rwtd_436.png|outputs/rwtd_sweep2/sweep_v2_ws_ext_t35_mx95/masks/rwtd_472.png|outputs/rwtd_sweep2/sweep_v2_ws_ext_t35_mx95/masks/rwtd_428.png|outputs/rwtd_sweep2/sweep_v2_ws_ext_t35_mx95/masks/rwtd_479.png|outputs/rwtd_sweep2/sweep_v2_ws_ext_t35_mx95/masks/rwtd_403.png|outputs/rwtd_sweep2/sweep_v2_ws_ext_t35_mx95/masks/rwtd_410.png|outputs/rwtd_sweep2/sweep_v2_ws_ext_t35_mx95/masks/rwtd_485.png|outputs/rwtd_sweep2/sweep_v2_ws_ext_t35_mx95/masks/rwtd_469.png|outputs/rwtd_sweep2/sweep_v2_ws_ext_t35_mx95/masks/rwtd_447.png|outputs/rwtd_sweep2/sweep_v2_ws_ext_t35_mx95/masks/rwtd_418.png|outputs/rwtd_sweep2/sweep_v2_ws_ext_t35_mx95/masks/rwtd_452.png|outputs/rwtd_sweep2/sweep_v2_ws_ext_t35_mx95/masks/rwtd_450.png|outputs/rwtd_sweep2/sweep_v2_ws_ext_t35_mx95/masks/rwtd_41.png|outputs/rwtd_sweep2/sweep_v2_ws_ext_t35_mx95/masks/rwtd_47.png|outputs/rwtd_sweep2/sweep_v2_ws_ext_t35_mx95/masks/rwtd_476.png|outputs/rwtd_sweep2/sweep_v2_ws_ext_t35_mx95/masks/rwtd_465.png|outputs/rwtd_sweep2/sweep_v2_ws_ext_t35_mx95/masks/rwtd_478.png|outputs/rwtd_sweep2/sweep_v2_ws_ext_t35_mx95/masks/rwtd_468.png|outputs/rwtd_sweep2/sweep_v2_ws_ext_t35_mx95/masks/rwtd_474.png|outputs/rwtd_sweep2/sweep_v2_ws_ext_t35_mx95/masks/rwtd_467.png|outputs/rwtd_sweep2/sweep_v2_ws_ext_t35_mx95/masks/rwtd_424.png|outputs/rwtd_sweep2/sweep_v2_ws_ext_t35_mx95/masks/rwtd_473.png|outputs/rwtd_sweep2/sweep_v2_ws_ext_t35_mx95/masks/rwtd_475.png|outputs/rwtd_sweep2/sweep_v2_ws_ext_t35_mx95/masks/rwtd_412.png|outputs/rwtd_sweep2/sweep_v2_ws_ext_t35_mx95/masks/rwtd_429.png|outputs/rwtd_sweep2/sweep_v2_ws_ext_t35_mx95/masks/rwtd_461.png|outputs/rwtd_sweep2/sweep_v2_ws_ext_t35_mx95/masks/rwtd_464.png|outputs/rwtd_sweep2/sweep_v2_ws_ext_t35_mx95/masks/rwtd_463.png|outputs/rwtd_sweep2/sweep_v2_ws_ext_t35_mx95/masks/rwtd_456.png|outputs/rwtd_sweep2/sweep_v2_ws_ext_t35_mx95/masks/rwtd_400.png|outputs/rwtd_sweep2/sweep_v2_ws_ext_t35_mx95/masks/rwtd_44.png|outputs/rwtd_sweep2/sweep_v2_ws_ext_t35_mx95/masks/rwtd_457.png|outputs/rwtd_sweep2/sweep_v2_ws_ext_t35_mx95/masks/rwtd_440.png|outputs/rwtd_sweep2/sweep_v2_ws_ext_t35_mx95/masks/rwtd_408.png|outputs/rwtd_sweep2/sweep_v2_ws_ext_t35_mx95/masks/rwtd_444.png|outputs/rwtd_sweep2/sweep_v2_ws_ext_t35_mx95/masks/rwtd_426.png|outputs/rwtd_sweep2/sweep_v2_ws_ext_t35_mx95/masks/rwtd_425.png|outputs/rwtd_sweep2/sweep_v2_ws_ext_t35_mx95/masks/rwtd_411.png|outputs/rwtd_sweep2/sweep_v2_ws_ext_t35_mx95/masks/rwtd_416.png|outputs/rwtd_sweep2/sweep_v2_ws_ext_t35_mx95/masks/rwtd_40.png|outputs/rwtd_sweep2/sweep_v2_ws_ext_t35_mx95/masks/rwtd_453.png|outputs/rwtd_sweep2/sweep_v2_ws_ext_t35_mx95/masks/rwtd_466.png|outputs/rwtd_sweep2/sweep_v2_ws_ext_t35_mx95/masks/rwtd_422.png|outputs/rwtd_sweep2/sweep_v2_ws_ext_t35_mx95/masks/rwtd_443.png|outputs/rwtd_sweep2/sweep_v2_ws_ext_t35_mx95/masks/rwtd_492.png|outputs/rwtd_sweep2/sweep_v2_ws_ext_t35_mx95/masks/rwtd_48.png|outputs/rwtd_sweep2/sweep_v2_ws_ext_t35_mx95/masks/rwtd_441.png|outputs/rwtd_sweep2/sweep_v2_ws_ext_t35_mx95/masks/rwtd_431.png|outputs/rwtd_sweep2/sweep_v2_ws_ext_t35_mx95/masks/rwtd_45.png|outputs/rwtd_sweep2/sweep_v2_ws_ext_t35_mx95/masks/rwtd_455.png|outputs/rwtd_sweep2/sweep_v2_ws_ext_t35_mx95/masks/rwtd_471.png,data/rwtd_kaust256/labels/rwtd_4.png
rwtd_40,aggregated,0.21559302272031727,0.779862777156859,0.779862777156859,-0.00017145013225540806,1,0.9931640625,0.21588134765625,0,0,0,1,4,union,outputs/rwtd_sweep2/sweep_v2_ws_ext_t35_mx95/masks/rwtd_403.png|outputs/rwtd_sweep2/sweep_v2_ws_ext_t35_mx95/masks/rwtd_400.png|outputs/rwtd_sweep2/sweep_v2_ws_ext_t35_mx95/masks/rwtd_408.png|outputs/rwtd_sweep2/sweep_v2_ws_ext_t35_mx95/masks/rwtd_40.png,data/rwtd_kaust256/labels/rwtd_40.png
rwtd_400,aggregated,0.5545613755762545,0.40913095462776233,0.5545613755762545,0.010347224539843857,0,0.928314208984375,0.56158447265625,0,0,0,0,1,union,outputs/rwtd_sweep2/sweep_v2_ws_ext_t35_mx95/masks/rwtd_400.png,data/rwtd_kaust256/labels/rwtd_400.png
rwtd_403,aggregated,0.17318775381131438,0.49125609008406534,0.49125609008406534,-0.008452166656373295,1,0.5733184814453125,0.162841796875,0,0,0,0,1,union,outputs/rwtd_sweep2/sweep_v2_ws_ext_t35_mx95/masks/rwtd_403.png,data/rwtd_kaust256/labels/rwtd_403.png
rwtd_408,aggregated,0.41305983787995215,0.33201732932651107,0.41305983787995215,0.027157446629224712,0,0.5831451416015625,0.4196624755859375,0,0,0,0,1,union,outputs/rwtd_sweep2/sweep_v2_ws_ext_t35_mx95/masks/rwtd_408.png,data/rwtd_kaust256/labels/rwtd_408.png
rwtd_41,aggregated,0.08909606933580155,0.9109039306626726,0.9109039306626726,0.0,1,1.0,0.0890960693359375,0,1,0,1,9,union,outputs/rwtd_sweep2/sweep_v2_ws_ext_t35_mx95/masks/rwtd_414.png|outputs/rwtd_sweep2/sweep_v2_ws_ext_t35_mx95/masks/rwtd_413.png|outputs/rwtd_sweep2/sweep_v2_ws_ext_t35_mx95/masks/rwtd_417.png|outputs/rwtd_sweep2/sweep_v2_ws_ext_t35_mx95/masks/rwtd_410.png|outputs/rwtd_sweep2/sweep_v2_ws_ext_t35_mx95/masks/rwtd_418.png|outputs/rwtd_sweep2/sweep_v2_ws_ext_t35_mx95/masks/rwtd_41.png|outputs/rwtd_sweep2/sweep_v2_ws_ext_t35_mx95/masks/rwtd_412.png|outputs/rwtd_sweep2/sweep_v2_ws_ext_t35_mx95/masks/rwtd_411.png|outputs/rwtd_sweep2/sweep_v2_ws_ext_t35_mx95/masks/rwtd_416.png,data/rwtd_kaust256/labels/rwtd_41.png
rwtd_410,aggregated,0.07933734847427806,0.883375696860364,0.883375696860364,0.6905044823485362,1,0.710052490234375,0.3646240234375,0,0,0,0,1,union,outputs/rwtd_sweep2/sweep_v2_ws_ext_t35_mx95/masks/rwtd_410.png,data/rwtd_kaust256/labels/rwtd_410.png
rwtd_411,aggregated,0.8075129298597087,0.15963159585673908,0.8075129298597087,0.4225158316592743,0,0.83819580078125,0.6816253662109375,0,0,0,0,1,union,outputs/rwtd_sweep2/sweep_v2_ws_ext_t35_mx95/masks/rwtd_411.png,data/rwtd_kaust256/labels/rwtd_411.png
rwtd_412,aggregated,0.7833338746860958,0.20039524480636006,0.7833338746860958,0.21414033095311008,0,0.935577392578125,0.7399444580078125,0,0,0,0,1,union,outputs/rwtd_sweep2/sweep_v2_ws_ext_t35_mx95/masks/rwtd_412.png,data/rwtd_kaust256/labels/rwtd_412.png
rwtd_413,aggregated,9.480649993345568e-05,0.6225046442348878,0.6225046442348878,0.3711588965375225,1,0.32220458984375,0.48260498046875,0,0,0,0,1,union,outputs/rwtd_sweep2/sweep_v2_ws_ext_t35_mx95/masks/rwtd_413.png,data/rwtd_kaust256/labels/rwtd_413.png
rwtd_414,aggregated,0.0016897946643424483,0.7296613094981793,0.7296613094981793,0.6131969399646283,1,0.291778564453125,0.60369873046875,0,0,0,0,1,union,outputs/rwtd_sweep2/sweep_v2_ws_ext_t35_mx95/masks/rwtd_414.png,data/rwtd_kaust256/labels/rwtd_414.png
rwtd_416,aggregated,0.010048960590721488,0.9081341758898938,0.9081341758898938,0.777359502159351,1,0.5928497314453125,0.36724853515625,0,0,0,0,1,union,outputs/rwtd_sweep2/sweep_v2_ws_ext_t35_mx95/masks/rwtd_416.png,data/rwtd_kaust256/labels/rwtd_416.png
rwtd_417,aggregated,0.382858189924441,0.5965047545608512,0.5965047545608512,0.04040988255830972,1,0.9492340087890625,0.4326324462890625,0,0,0,0,1,union,outputs/rwtd_sweep2/sweep_v2_ws_ext_t35_mx95/masks/rwtd_417.png,data/rwtd_kaust256/labels/rwtd_417.png
rwtd_418,aggregated,0.07378434817184232,0.4339179914328977,0.4339179914328977,0.40598079940990006,1,0.1808013916015625,0.8078155517578125,0,0,0,0,1,union,outputs/rwtd_sweep2/sweep_v2_ws_ext_t35_mx95/masks/rwtd_418.png,data/rwtd_kaust256/labels/rwtd_418.png
rwtd_422,aggregated,0.002082121314182795,0.9893148204014811,0.9893148204014811,0.9785099363920987,1,0.502197265625,0.496551513671875,0,0,0,0,1,union,outputs/rwtd_sweep2/sweep_v2_ws_ext_t35_mx95/masks/rwtd_422.png,data/rwtd_kaust256/labels/rwtd_422.png
rwtd_423,aggregated,0.4854736328117592,0.41644503952529033,0.4854736328117592,-0.04249174806761768,0,0.8319244384765625,0.6535491943359375,0,0,0,0,1,union,outputs/rwtd_sweep2/sweep_v2_ws_ext_t35_mx95/masks/rwtd_423.png,data/rwtd_kaust256/labels/rwtd_423.png
rwtd_424,aggregated,0.01899364113901301,0.27112436942115076,0.27112436942115076,-0.016439714818333756,1,0.181060791015625,0.3813323974609375,0,0,0,0,1,union,outputs/rwtd_sweep2/sweep_v2_ws_ext_t35_mx95/masks/rwtd_424.png,data/rwtd_kaust256/labels/rwtd_424.png
rwtd_425,aggregated,0.13247770284944443,0.43028389134008865,0.43028389134008865,0.20372510401537858,1,0.3152618408203125,0.6379852294921875,0,0,0,0,1,union,outputs/rwtd_sweep2/sweep_v2_ws_ext_t35_mx95/masks/rwtd_425.png,data/rwtd_kaust256/labels/rwtd_425.png
rwtd_426,aggregated,0.7216813859446577,0.02771738137430758,0.7216813859446577,0.38929473726616354,0,0.51068115234375,0.65240478515625,0,0,0,0,1,union,outputs/rwtd_sweep2/sweep_v2_ws_ext_t35_mx95/masks/rwtd_426.png,data/rwtd_kaust256/labels/rwtd_426.png
rwtd_428,aggregated,3.2192640762269917e-05,0.9152529743401424,0.9152529743401424,0.8024271410674952,1,0.5623016357421875,0.3856964111328125,0,0,0,0,1,union,outputs/rwtd_sweep2/sweep_v2_ws_ext_t35_mx95/masks/rwtd_428.png,data/rwtd_kaust256/labels/rwtd_428.png
rwtd_429,aggregated,0.0937504890988156,0.8268925477370461,0.8268925477370461,0.5874190698903301,1,0.6477508544921875,0.4185791015625,0,0,0,0,1,union,outputs/rwtd_sweep2/sweep_v2_ws_ext_t35_mx95/masks/rwtd_429.png,data/rwtd_kaust256/labels/rwtd_429.png
rwtd_431,aggregated,0.012477957525085338,0.6904130770914725,0.6904130770914725,0.327453084727568,1,0.486846923828125,0.3191680908203125,0,0,0,0,1,union,outputs/rwtd_sweep2/sweep_v2_ws_ext_t35_mx95/masks/rwtd_431.png,data/rwtd_kaust256/labels/rwtd_431.png
rwtd_432,aggregated,0.0421794544058643,0.1649742957892574,0.1649742957892574,-0.04972083324675418,1,0.1361236572265625,0.2993316650390625,0,0,0,0,1,union,outputs/rwtd_sweep2/sweep_v2_ws_ext_t35_mx95/masks/rwtd_432.png,data/rwtd_kaust256/labels/rwtd_432.png
rwtd_434,aggregated,0.007953857536813153,0.7795416245339415,0.7795416245339415,0.6402761038854439,1,0.360137939453125,0.5544891357421875,0,0,0,0,1,union,outputs/rwtd_sweep2/sweep_v2_ws_ext_t35_mx95/masks/rwtd_434.png,data/rwtd_kaust256/labels/rwtd_434.png
rwtd_436,aggregated,0.047271916979615344,0.786276207321917,0.786276207321917,0.6816203080823686,1,0.3640594482421875,0.6399383544921875,0,0,0,0,1,union,outputs/rwtd_sweep2/sweep_v2_ws_ext_t35_mx95/masks/rwtd_436.png,data/rwtd_kaust256/labels/rwtd_436.png
rwtd_437,aggregated,0.8717237583078467,0.009723447828025302,0.8717237583078467,0.659777182140523,0,0.6371917724609375,0.711822509765625,0,0,0,0,1,union,outputs/rwtd_sweep2/sweep_v2_ws_ext_t35_mx95/masks/rwtd_437.png,data/rwtd_kaust256/labels/rwtd_437.png
rwtd_44,aggregated,0.5567626953116505,0.44322880903266465,0.5567626953116505,-6.2241123499799985e-06,0,0.9999847412109375,0.5567779541015625,0,0,0,1,9,union,outputs/rwtd_sweep2/sweep_v2_ws_ext_t35_mx95/masks/rwtd_442.png|outputs/rwtd_sweep2/sweep_v2_ws_ext_t35_mx95/masks/rwtd_449.png|outputs/rwtd_sweep2/sweep_v2_ws_ext_t35_mx95/masks/rwtd_448.png|outputs/rwtd_sweep2/sweep_v2_ws_ext_t35_mx95/masks/rwtd_447.png|outputs/rwtd_sweep2/sweep_v2_ws_ext_t35_mx95/masks/rwtd_44.png|outputs/rwtd_sweep2/sweep_v2_ws_ext_t35_mx95/masks/rwtd_440.png|outputs/rwtd_sweep2/sweep_v2_ws_ext_t35_mx95/masks/rwtd_444.png|outputs/rwtd_sweep2/sweep_v2_ws_ext_t35_mx95/masks/rwtd_443.png|outputs/rwtd_sweep2/sweep_v2_ws_ext_t35_mx95/masks/rwtd_441.png,data/rwtd_kaust256/labels/rwtd_44.png
rwtd_440,aggregated,0.6903301432322398,0.10982158323207687,0.6903301432322398,0.05097460705878533,0,0.7430572509765625,0.863189697265625,0,0,0,0,1,union,outputs/rwtd_sweep2/sweep_v2_ws_ext_t35_mx95/masks/rwtd_440.png,data/rwtd_kaust256/labels/rwtd_440.png
rwtd_441,aggregated,0.13139655395755376,0.3193363844375324,0.3193363844375324,0.28149576933535597,1,0.208984375,0.857086181640625,0,0,0,0,1,union,outputs/rwtd_sweep2/sweep_v2_ws_ext_t35_mx95/masks/rwtd_441.png,data/rwtd_kaust256/labels/rwtd_441.png
rwtd_442,aggregated,0.13185625506598875,0.5340249316917093,0.5340249316917093,0.4224424003913139,1,0.3174591064453125,0.7691650390625,0,0,0,0,1,union,outputs/rwtd_sweep2/sweep_v2_ws_ext_t35_mx95/masks/rwtd_442.png,data/rwtd_kaust256/labels/rwtd_442.png
rwtd_443,aggregated,0.841543062929803,0.10621333419747478,0.841543062929803,-0.06424288840430266,0,0.941497802734375,0.899932861328125,0,0,0,0,1,union,outputs/rwtd_sweep2/sweep_v2_ws_ext_t35_mx95/masks/rwtd_443.png,data/rwtd_kaust256/labels/rwtd_443.png
rwtd_444,aggregated,0.9394911267888516,0.0459429305047518,0.9394911267888516,0.8046663724962488,0,0.78338623046875,0.7391510009765625,0,0,0,0,1,union,outputs/rwtd_sweep2/sweep_v2_ws_ext_t35_mx95/masks/rwtd_444.png,data/rwtd_kaust256/labels/rwtd_444.png
rwtd_447,aggregated,0.0036533291159202065,0.9441521562045828,0.9441521562045828,0.8489777855150776,1,0.6579742431640625,0.31036376953125,0,0,0,0,1,union,outputs/rwtd_sweep2/sweep_v2_ws_ext_t35_mx95/masks/rwtd_447.png,data/rwtd_kaust256/labels/rwtd_447.png
rwtd_448,aggregated,0.0,0.9568894631711591,0.9568894631711591,0.912406074381018,1,0.4971923828125,0.48040771484375,0,0,0,0,1,union,outputs/rwtd_sweep2/sweep_v2_ws_ext_t35_mx95/masks/rwtd_448.png,data/rwtd_kaust256/labels/rwtd_448.png
rwtd_449,aggregated,0.1432268798814635,0.7721437593276561,0.7721437593276561,0.485986516928058,1,0.6549072265625,0.4774169921875,0,0,0,0,1,union,outputs/rwtd_sweep2/sweep_v2_ws_ext_t35_mx95/masks/rwtd_449.png,data/rwtd_kaust256/labels/rwtd_449.png
rwtd_45,aggregated,0.6298522949209139,0.3701477050775602,0.6298522949209139,0.0,0,1.0,0.629852294921875,0,1,0,1,8,union,outputs/rwtd_sweep2/sweep_v2_ws_ext_t35_mx95/masks/rwtd_451.png|outputs/rwtd_sweep2/sweep_v2_ws_ext_t35_mx95/masks/rwtd_452.png|outputs/rwtd_sweep2/sweep_v2_ws_ext_t35_mx95/masks/rwtd_450.png|outputs/rwtd_sweep2/sweep_v2_ws_ext_t35_mx95/masks/rwtd_456.png|outputs/rwtd_sweep2/sweep_v2_ws_ext_t35_mx95/masks/rwtd_457.png|outputs/rwtd_sweep2/sweep_v2_ws_ext_t35_mx95/masks/rwtd_453.png|outputs/rwtd_sweep2/sweep_v2_ws_ext_t35_mx95/masks/rwtd_45.png|outputs/rwtd_sweep2/sweep_v2_ws_ext_t35_mx95/masks/rwtd_455.png,data/rwtd_kaust256/labels/rwtd_45.png
rwtd_450,aggregated,0.25106010324425915,0.33597298709583956,0.33597298709583956,-0.0008035848885415039,1,0.421295166015625,0.40704345703125,0,0,0,0,1,union,outputs/rwtd_sweep2/sweep_v2_ws_ext_t35_mx95/masks/rwtd_450.png,data/rwtd_kaust256/labels/rwtd_450.png
rwtd_451,aggregated,0.0004894067127648489,0.869140739864323,0.869140739864323,0.8589617002472009,1,0.2259674072265625,0.74102783203125,0,0,0,0,1,union,outputs/rwtd_sweep2/sweep_v2_ws_ext_t35_mx95/masks/rwtd_451.png,data/rwtd_kaust256/labels/rwtd_451.png
rwtd_452,aggregated,0.3582050452277469,0.620234650725541,0.620234650725541,0.039032916828778415,1,0.9499969482421875,0.3948822021484375,0,0,0,0,1,union,outputs/rwtd_sweep2/sweep_v2_ws_ext_t35_mx95/masks/rwtd_452.png,data/rwtd_kaust256/labels/rwtd_452.png
rwtd_453,aggregated,0.020583018173230085,0.17488626023618087,0.17488626023618087,-0.049526526694634324,1,0.1266937255859375,0.3386077880859375,0,0,0,0,1,union,outputs/rwtd_sweep2/sweep_v2_ws_ext_t35_mx95/masks/rwtd_453.png,data/rwtd_kaust256/labels/rwtd_453.png
rwtd_455,aggregated,0.7736295558207507,0.197721980995221,0.7736295558207507,0.05490336318767341,0,0.9499969482421875,0.7883148193359375,0,0,0,0,1,union,outputs/rwtd_sweep2/sweep_v2_ws_ext_t35_mx95/masks/rwtd_455.png,data/rwtd_kaust256/labels/rwtd_455.png
rwtd_456,aggregated,0.033248305262364164,0.6027487930205468,0.6027487930205468,0.4653398918974623,1,0.2652587890625,0.6371307373046875,0,0,0,0,1,union,outputs/rwtd_sweep2/sweep_v2_ws_ext_t35_mx95/masks/rwtd_456.png,data/rwtd_kaust256/labels/rwtd_456.png
rwtd_457,aggregated,0.4034820555937826,0.006272288120573934,0.4034820555937826,0.017198926213657165,0,0.274658203125,0.6675567626953125,0,0,0,0,1,union,outputs/rwtd_sweep2/sweep_v2_ws_ext_t35_mx95/masks/rwtd_457.png,data/rwtd_kaust256/labels/rwtd_457.png
rwtd_461,aggregated,0.3061364782079312,0.6596158727461552,0.6596158727461552,0.12850776715400697,1,0.90057373046875,0.4040679931640625,0,0,0,0,1,union,outputs/rwtd_sweep2/sweep_v2_ws_ext_t35_mx95/masks/rwtd_461.png,data/rwtd_kaust256/labels/rwtd_461.png
rwtd_463,aggregated,0.004712579320634701,0.9696707616688557,0.9696707616688557,0.9002358739760565,1,0.7573699951171875,0.22833251953125,0,0,0,0,1,union,outputs/rwtd_sweep2/sweep_v2_ws_ext_t35_mx95/masks/rwtd_463.png,data/rwtd_kaust256/labels/rwtd_463.png
rwtd_464,aggregated,0.42170261285644267,0.5486425339358129,0.5486425339358129,-0.021432485001321132,1,0.9483184814453125,0.4025115966796875,0,0,0,0,1,union,outputs/rwtd_sweep2/sweep_v2_ws_ext_t35_mx95/masks/rwtd_464.png,data/rwtd_kaust256/labels/rwtd_464.png
rwtd_465,aggregated,0.5671006854731716,0.15057923175545995,0.5671006854731716,0.03957267925116423,0,0.6117095947265625,0.77667236328125,0,0,0,0,1,union,outputs/rwtd_sweep2/sweep_v2_ws_ext_t35_mx95/masks/rwtd_465.png,data/rwtd_kaust256/labels/rwtd_465.png
rwtd_466,aggregated,0.11885284145678116,0.5017394231820125,0.5017394231820125,0.4700115886707028,1,0.2530517578125,0.84466552734375,0,0,0,0,1,union,outputs/rwtd_sweep2/sweep_v2_ws_ext_t35_mx95/masks/rwtd_466.png,data/rwtd_kaust256/labels/rwtd_466.png
rwtd_467,aggregated,0.5618718352727411,0.3973112922452224,0.5618718352727411,-0.033263331223713534,0,0.93157958984375,0.626312255859375,0,0,0,0,1,union,outputs/rwtd_sweep2/sweep_v2_ws_ext_t35_mx95/masks/rwtd_467.png,data/rwtd_kaust256/labels/rwtd_467.png
rwtd_468,aggregated,0.5035815961053914,0.4700212932862586,0.5035815961053914,-0.0077216505565227125,0,0.9499969482421875,0.5489501953125,0,0,0,0,1,union,outputs/rwtd_sweep2/sweep_v2_ws_ext_t35_mx95/masks/rwtd_468.png,data/rwtd_kaust256/labels/rwtd_468.png
rwtd_469,aggregated,0.20193843696208844,0.25006903407383846,0.25006903407383846,0.22442837435279017,1,0.2696990966796875,0.92431640625,0,0,0,0,1,union,outputs/rwtd_sweep2/sweep_v2_ws_ext_t35_mx95/masks/rwtd_469.png,data/rwtd_kaust256/labels/rwtd_469.png
rwtd_47,aggregated,0.5205841064445181,0.479415893553956,0.5205841064445181,0.0,0,1.0,0.5205841064453125,0,1,0,1,9,union,outputs/rwtd_sweep2/sweep_v2_ws_ext_t35_mx95/masks/rwtd_472.png|outputs/rwtd_sweep2/sweep_v2_ws_ext_t35_mx95/masks/rwtd_479.png|outputs/rwtd_sweep2/sweep_v2_ws_ext_t35_mx95/masks/rwtd_47.png|outputs/rwtd_sweep2/sweep_v2_ws_ext_t35_mx95/masks/rwtd_476.png|outputs/rwtd_sweep2/sweep_v2_ws_ext_t35_mx95/masks/rwtd_478.png|outputs/rwtd_sweep2/sweep_v2_ws_ext_t35_mx95/masks/rwtd_474.png|outputs/rwtd_sweep2/sweep_v2_ws_ext_t35_mx95/masks/rwtd_473.png|outputs/rwtd_sweep2/sweep_v2_ws_ext_t35_mx95/masks/rwtd_475.png|outputs/rwtd_sweep2/sweep_v2_ws_ext_t35_mx95/masks/rwtd_471.png,data/rwtd_kaust256/labels/rwtd_47.png
rwtd_471,aggregated,0.004956169381520178,0.8408488063626164,0.8408488063626164,0.774102733327736,1,0.319091796875,0.630767822265625,0,0,0,0,1,union,outputs/rwtd_sweep2/sweep_v2_ws_ext_t35_mx95/masks/rwtd_471.png,data/rwtd_kaust256/labels/rwtd_471.png
rwtd_472,aggregated,0.08781685446224116,0.7680125903684454,0.7680125903684454,0.5070351775129291,1,0.5589752197265625,0.4618988037109375,0,0,0,0,1,union,outputs/rwtd_sweep2/sweep_v2_ws_ext_t35_mx95/masks/rwtd_472.png,data/rwtd_kaust256/labels/rwtd_472.png
rwtd_473,aggregated,0.48600809937440953,0.11595006030557754,0.48600809937440953,0.3914405489968503,0,0.2715301513671875,0.2267913818359375,0,0,0,0,1,union,outputs/rwtd_sweep2/sweep_v2_ws_ext_t35_mx95/masks/rwtd_473.png,data/rwtd_kaust256/labels/rwtd_473.png
rwtd_474,aggregated,0.2739615872324344,0.4225619038729221,0.4225619038729221,0.18681042157081226,1,0.4778594970703125,0.7791900634765625,0,0,0,0,1,union,outputs/rwtd_sweep2/sweep_v2_ws_ext_t35_mx95/masks/rwtd_474.png,data/rwtd_kaust256/labels/rwtd_474.png
rwtd_475,aggregated,0.0010028214977716918,0.8388972287729909,0.8388972287729909,0.6297406506961032,1,0.5381011962890625,0.36053466796875,0,0,0,0,1,union,outputs/rwtd_sweep2/sweep_v2_ws_ext_t35_mx95/masks/rwtd_475.png,data/rwtd_kaust256/labels/rwtd_475.png
rwtd_476,aggregated,0.03340875399854348,0.9205907061039913,0.9205907061039913,0.7904243159986989,1,0.6680755615234375,0.3424530029296875,0,0,0,0,1,union,outputs/rwtd_sweep2/sweep_v2_ws_ext_t35_mx95/masks/rwtd_476.png,data/rwtd_kaust256/labels/rwtd_476.png
rwtd_478,aggregated,0.22497729192194002,0.4900120700045564,0.4900120700045564,0.23373175268426313,1,0.4632110595703125,0.709747314453125,0,0,0,0,1,union,outputs/rwtd_sweep2/sweep_v2_ws_ext_t35_mx95/masks/rwtd_478.png,data/rwtd_kaust256/labels/rwtd_478.png
rwtd_479,aggregated,0.8964405964391592,0.09702713030172407,0.8964405964391592,0.3997886083761299,0,0.9499969482421875,0.854827880859375,0,0,0,0,1,union,outputs/rwtd_sweep2/sweep_v2_ws_ext_t35_mx95/masks/rwtd_479.png,data/rwtd_kaust256/labels/rwtd_479.png
rwtd_48,aggregated,0.5619758003264391,0.09863132244745364,0.5619758003264391,0.033470794465606205,0,0.57421875,0.838104248046875,0,0,0,0,2,union,outputs/rwtd_sweep2/sweep_v2_ws_ext_t35_mx95/masks/rwtd_485.png|outputs/rwtd_sweep2/sweep_v2_ws_ext_t35_mx95/masks/rwtd_48.png,data/rwtd_kaust256/labels/rwtd_48.png
rwtd_485,aggregated,0.3501989678537117,0.326111647452081,0.3501989678537117,0.0755143013460618,0,0.519012451171875,0.8063812255859375,0,0,0,0,1,union,outputs/rwtd_sweep2/sweep_v2_ws_ext_t35_mx95/masks/rwtd_485.png,data/rwtd_kaust256/labels/rwtd_485.png
rwtd_492,aggregated,0.0,0.9062357882322404,0.9062357882322404,0.7975054849004544,1,0.51690673828125,0.4296112060546875,0,0,0,0,1,union,outputs/rwtd_sweep2/sweep_v2_ws_ext_t35_mx95/masks/rwtd_492.png,data/rwtd_kaust256/labels/rwtd_492.png
rwtd_5,aggregated,0.3106889448381618,0.6893005371083232,0.6893005371083232,-1.6762710557712095e-05,1,0.9999847412109375,0.3106842041015625,0,0,0,1,6,union,outputs/rwtd_sweep2/sweep_v2_ws_ext_t35_mx95/masks/rwtd_56.png|outputs/rwtd_sweep2/sweep_v2_ws_ext_t35_mx95/masks/rwtd_51.png|outputs/rwtd_sweep2/sweep_v2_ws_ext_t35_mx95/masks/rwtd_54.png|outputs/rwtd_sweep2/sweep_v2_ws_ext_t35_mx95/masks/rwtd_59.png|outputs/rwtd_sweep2/sweep_v2_ws_ext_t35_mx95/masks/rwtd_5.png|outputs/rwtd_sweep2/sweep_v2_ws_ext_t35_mx95/masks/rwtd_58.png,data/rwtd_kaust256/labels/rwtd_5.png
rwtd_51,aggregated,0.2201178515928118,0.6772678854792781,0.6772678854792781,0.2990169361316438,1,0.693695068359375,0.516387939453125,0,0,0,0,1,union,outputs/rwtd_sweep2/sweep_v2_ws_ext_t35_mx95/masks/rwtd_51.png,data/rwtd_kaust256/labels/rwtd_51.png
rwtd_54,aggregated,0.03477941562182451,0.5825356436019931,0.5825356436019931,0.45601348978214545,1,0.25042724609375,0.652557373046875,0,0,0,0,1,union,outputs/rwtd_sweep2/sweep_v2_ws_ext_t35_mx95/masks/rwtd_54.png,data/rwtd_kaust256/labels/rwtd_54.png
rwtd_56,aggregated,0.6070172946471696,0.31865061300045733,0.6070172946471696,0.1014629735421484,0,0.8313751220703125,0.5496063232421875,0,0,0,0,1,union,outputs/rwtd_sweep2/sweep_v2_ws_ext_t35_mx95/masks/rwtd_56.png,data/rwtd_kaust256/labels/rwtd_56.png
rwtd_58,aggregated,0.008365987460798656,0.5314746789723039,0.5314746789723039,0.2963038474881399,1,0.2648162841796875,0.5205078125,0,0,0,0,1,union,outputs/rwtd_sweep2/sweep_v2_ws_ext_t35_mx95/masks/rwtd_58.png,data/rwtd_kaust256/labels/rwtd_58.png
rwtd_59,aggregated,0.6224666337112096,0.32630920410106456,0.6224666337112096,0.11796150264525959,0,0.86431884765625,0.5380096435546875,0,0,0,0,1,union,outputs/rwtd_sweep2/sweep_v2_ws_ext_t35_mx95/masks/rwtd_59.png,data/rwtd_kaust256/labels/rwtd_59.png
rwtd_60,aggregated,0.3453904988660197,0.6060497944611711,0.6060497944611711,-0.023557405846954673,1,0.9193115234375,0.339508056640625,0,0,0,0,1,union,outputs/rwtd_sweep2/sweep_v2_ws_ext_t35_mx95/masks/rwtd_60.png,data/rwtd_kaust256/labels/rwtd_60.png
rwtd_63,aggregated,0.3285087719292704,0.598833764693943,0.598833764693943,-0.03391629481985605,1,0.883209228515625,0.3184814453125,0,0,0,0,1,union,outputs/rwtd_sweep2/sweep_v2_ws_ext_t35_mx95/masks/rwtd_63.png,data/rwtd_kaust256/labels/rwtd_63.png
rwtd_67,aggregated,0.319197273759184,0.05283495195638003,0.319197273759184,0.0006598973079519475,0,0.2371063232421875,0.6134796142578125,0,0,0,0,1,union,outputs/rwtd_sweep2/sweep_v2_ws_ext_t35_mx95/masks/rwtd_67.png,data/rwtd_kaust256/labels/rwtd_67.png
rwtd_69,aggregated,0.464790785827991,0.4016675489670433,0.464790785827991,0.009577348867893834,0,0.7596435546875,0.466796875,0,0,0,0,1,union,outputs/rwtd_sweep2/sweep_v2_ws_ext_t35_mx95/masks/rwtd_69.png,data/rwtd_kaust256/labels/rwtd_69.png
rwtd_70,aggregated,0.4185741317212681,0.5226129778820495,0.5226129778820495,0.022635343663445134,1,0.8768157958984375,0.5416717529296875,0,0,0,0,1,union,outputs/rwtd_sweep2/sweep_v2_ws_ext_t35_mx95/masks/rwtd_70.png,data/rwtd_kaust256/labels/rwtd_70.png
rwtd_71,aggregated,0.198278354157649,0.7616932960967485,0.7616932960967485,-0.05894341375542411,1,0.9499969482421875,0.1884918212890625,0,0,0,0,1,union,outputs/rwtd_sweep2/sweep_v2_ws_ext_t35_mx95/masks/rwtd_71.png,data/rwtd_kaust256/labels/rwtd_71.png
rwtd_73,aggregated,0.5142118032673262,0.46133422851492106,0.5142118032673262,0.00553889655340951,0,0.9496612548828125,0.4883270263671875,0,0,0,0,1,union,outputs/rwtd_sweep2/sweep_v2_ws_ext_t35_mx95/masks/rwtd_73.png,data/rwtd_kaust256/labels/rwtd_73.png
rwtd_74,aggregated,0.529488777070635,0.44552625857876715,0.529488777070635,0.005223166575914466,0,0.9499969482421875,0.529571533203125,0,0,0,0,1,union,outputs/rwtd_sweep2/sweep_v2_ws_ext_t35_mx95/masks/rwtd_74.png,data/rwtd_kaust256/labels/rwtd_74.png
rwtd_76,aggregated,0.47766587963109325,0.49621582031174283,0.49621582031174283,-0.00691461417601441,1,0.9499969482421875,0.4537811279296875,0,0,0,0,1,union,outputs/rwtd_sweep2/sweep_v2_ws_ext_t35_mx95/masks/rwtd_76.png,data/rwtd_kaust256/labels/rwtd_76.png
rwtd_77,aggregated,0.0024767801857393437,0.021630863004494107,0.021630863004494107,-0.02206679956522768,1,0.01824951171875,0.17938232421875,0,0,0,0,1,union,outputs/rwtd_sweep2/sweep_v2_ws_ext_t35_mx95/masks/rwtd_77.png,data/rwtd_kaust256/labels/rwtd_77.png
rwtd_78,aggregated,0.07930589669721456,0.7146832055378716,0.7146832055378716,0.34658241919676613,1,0.5819091796875,0.3500823974609375,0,0,0,0,1,union,outputs/rwtd_sweep2/sweep_v2_ws_ext_t35_mx95/masks/rwtd_78.png,data/rwtd_kaust256/labels/rwtd_78.png
rwtd_79,aggregated,0.0865276946910151,0.8988009673421745,0.8988009673421745,0.5562054031039745,1,0.89703369140625,0.183807373046875,0,0,0,0,1,union,outputs/rwtd_sweep2/sweep_v2_ws_ext_t35_mx95/masks/rwtd_79.png,data/rwtd_kaust256/labels/rwtd_79.png
rwtd_8,aggregated,0.43775939941339453,0.5622406005850796,0.5622406005850796,0.0,1,1.0,0.4377593994140625,0,1,0,1,5,union,outputs/rwtd_sweep2/sweep_v2_ws_ext_t35_mx95/masks/rwtd_86.png|outputs/rwtd_sweep2/sweep_v2_ws_ext_t35_mx95/masks/rwtd_84.png|outputs/rwtd_sweep2/sweep_v2_ws_ext_t35_mx95/masks/rwtd_88.png|outputs/rwtd_sweep2/sweep_v2_ws_ext_t35_mx95/masks/rwtd_8.png|outputs/rwtd_sweep2/sweep_v2_ws_ext_t35_mx95/masks/rwtd_85.png,data/rwtd_kaust256/labels/rwtd_8.png
rwtd_84,aggregated,0.0825647179836017,0.04093089973774316,0.0825647179836017,0.014168586343435721,0,0.0619964599609375,0.419769287109375,0,0,0,0,1,union,outputs/rwtd_sweep2/sweep_v2_ws_ext_t35_mx95/masks/rwtd_84.png,data/rwtd_kaust256/labels/rwtd_84.png
rwtd_85,aggregated,0.9754536303307038,0.0002012446205761769,0.9754536303307038,0.9427522505540903,0,0.5768585205078125,0.590972900390625,0,0,0,0,1,union,outputs/rwtd_sweep2/sweep_v2_ws_ext_t35_mx95/masks/rwtd_85.png,data/rwtd_kaust256/labels/rwtd_85.png
rwtd_86,aggregated,0.35836581401530926,0.6138921226222523,0.6138921226222523,-0.002524030867612791,1,0.95001220703125,0.3634796142578125,0,0,0,0,1,union,outputs/rwtd_sweep2/sweep_v2_ws_ext_t35_mx95/masks/rwtd_86.png,data/rwtd_kaust256/labels/rwtd_86.png
rwtd_88,aggregated,0.6474611495383736,0.32395723107487095,0.6474611495383736,-0.0008538814643368841,0,0.9499969482421875,0.670867919921875,0,0,0,0,1,union,outputs/rwtd_sweep2/sweep_v2_ws_ext_t35_mx95/masks/rwtd_88.png,data/rwtd_kaust256/labels/rwtd_88.png
rwtd_91,aggregated,0.8039079437411643,0.05146462516616689,0.8039079437411643,0.6157458533705895,0,0.48974609375,0.5005645751953125,0,0,0,0,1,union,outputs/rwtd_sweep2/sweep_v2_ws_ext_t35_mx95/masks/rwtd_91.png,data/rwtd_kaust256/labels/rwtd_91.png
rwtd_93,aggregated,0.4820146547248871,0.42253737771423344,0.4820146547248871,0.0069866746420407895,0,0.816650390625,0.405487060546875,0,0,0,0,1,union,outputs/rwtd_sweep2/sweep_v2_ws_ext_t35_mx95/masks/rwtd_93.png,data/rwtd_kaust256/labels/rwtd_93.png
rwtd_95,aggregated,0.5428476041529005,0.3936850826180308,0.5428476041529005,0.04135644475825573,0,0.862945556640625,0.4768524169921875,0,0,0,0,1,union,outputs/rwtd_sweep2/sweep_v2_ws_ext_t35_mx95/masks/rwtd_95.png,data/rwtd_kaust256/labels/rwtd_95.png
rwtd_96,aggregated,0.3769134390144052,0.46646388352421186,0.46646388352421186,-0.002854734601914735,1,0.733245849609375,0.423797607421875,0,0,0,0,1,union,outputs/rwtd_sweep2/sweep_v2_ws_ext_t35_mx95/masks/rwtd_96.png,data/rwtd_kaust256/labels/rwtd_96.png
