sample_id,K,IoUavg,IoUagg,ARI
rwtd_1,2,0.49404917908282014,0.40431976318359375,-0.020928574986461477
rwtd_1,3,0.7815215762780824,0.7901893532798194,0.6326344471720586
rwtd_1,4,0.7787006567263619,0.7862580986576285,0.631283172078194
rwtd_1,5,0.7766411642569409,0.7862580986576285,0.6216582763221364
rwtd_101,2,0.455166186730159,0.3152923583984375,-0.033151556642645026
rwtd_101,3,0.5197433426476323,0.608546410981099,0.16237583781963272
rwtd_101,4,0.6056889039170015,0.608546410981099,0.2731037815366684
rwtd_101,5,0.5443591445753949,0.634395394614637,0.19806737514686248
rwtd_102,2,0.8981883006555534,0.8981883006555534,0.831162019315055
rwtd_102,3,0.8072291386454992,0.8981883006555534,0.5428113075418626
rwtd_102,4,0.4735702833100581,0.5645294453201124,0.08272670624478745
rwtd_102,5,0.4775811227898024,0.5685402847998566,0.08751892169182622
rwtd_103,2,0.4990887890339226,0.3303985595703125,-0.0026545285001539206
rwtd_103,3,0.4980649172164637,0.3303985595703125,-0.005599679195441481
rwtd_103,4,0.4981952253265851,0.3303985595703125,-0.0052290800810465545
rwtd_103,5,0.4959249253482183,0.3303985595703125,-0.011520548515599372
rwtd_104,2,0.5077631193606775,0.5077631193606775,0.1356628516329878
rwtd_104,3,0.3090530218481387,0.5077631193606775,0.011964915836493215
rwtd_104,4,0.30939819467942503,0.5077631193606775,0.01426850165142147
rwtd_104,5,0.5089179995576729,0.5269404088897311,0.18685222580401037
rwtd_106,2,0.4970706655347251,0.43283843994140625,-0.010925972674244196
rwtd_106,3,0.4953911140286923,0.43283843994140625,-0.016852828222188965
rwtd_106,4,0.4888316900562294,0.43283843994140625,-0.03737785668620454
rwtd_106,5,0.41704331299737196,0.43283843994140625,-0.10319497149075753
rwtd_107,2,0.4461436807746225,0.3710479736328125,-0.062092795352170785
rwtd_107,3,0.4461436807746225,0.37679771145969376,-0.06059453142122936
rwtd_107,4,0.4461436807746225,0.37679771145969376,-0.06059453142122936
rwtd_107,5,0.44644619428809,0.3710479736328125,-0.06596196211482706
rwtd_109,2,0.481549756038273,0.34670257568359375,-0.0472844550788688
rwtd_109,3,0.4698432665708461,0.34670257568359375,-0.07102762721666218
rwtd_109,4,0.4783941264815328,0.34670257568359375,-0.054950080785959164
rwtd_109,5,0.4135315383141478,0.34670257568359375,-0.06430862745545035
rwtd_118,2,0.4986231633358278,0.39269256591796875,-0.0050180437131560444
rwtd_118,3,0.4953713757740601,0.39269256591796875,-0.016375515763312577
rwtd_118,4,0.4966296282813901,0.39269256591796875,0.006794946120473577
rwtd_118,5,0.4948621677909776,0.4018128962811285,0.0007755699307840221
rwtd_12,2,0.8356254768993054,0.8356254768993054,0.6743075631383313
rwtd_12,3,0.8380043322887699,0.8410282034253385,0.6793892929306891
rwtd_12,4,0.8380043322887699,0.8410282034253385,0.6793892929306891
rwtd_12,5,0.47749034806742036,0.3285803580038683,0.009174025293893929
rwtd_121,2,0.4995102254765027,0.3596912645082462,0.0034857810187032294
rwtd_121,3,0.4584523491957556,0.3596912645082462,-0.07611480170949941
rwtd_121,4,0.7115756974767338,0.7133779474773478,0.5311302843584708
rwtd_121,5,0.6006149716957139,0.7112860703179451,0.30756503773213645
rwtd_122,2,0.4991510685156303,0.26080845635800487,0.0002420500090616064
rwtd_122,3,0.7953387479960883,0.7970325653724921,0.5967148259537004
rwtd_122,4,0.5211737152681717,0.5231895439773248,0.15527147917373646
rwtd_122,5,0.7918902243811696,0.7942774421899969,0.5919430723472063
rwtd_125,2,0.7640586197928199,0.7640586197928199,0.5713777316028333
rwtd_125,3,0.784285070810961,0.8017656170653187,0.5963322672815605
rwtd_125,4,0.785398776932746,0.8017656170653187,0.5995460542504943
rwtd_125,5,0.7809130484185081,0.7941258590600129,0.594715221109507
rwtd_128,2,0.49893863547746864,0.356365315983518,0.016401320564705165
rwtd_128,3,0.7082025584977879,0.7184906243414093,0.5148279612208599
rwtd_128,4,0.7082025584977879,0.7184906243414093,0.5148279612208599
rwtd_128,5,0.48699812832991696,0.5755126487464715,0.2987591345762919
rwtd_129,2,0.7748245234367359,0.7748245234367359,0.5620434925411576
rwtd_129,3,0.7815453973853774,0.789114617109778,0.5747215016054683
rwtd_129,4,0.7815453973853774,0.789114617109778,0.5747215016054683
rwtd_129,5,0.7815453973853774,0.789114617109778,0.5747215016054683
rwtd_13,2,0.855963440295762,0.855963440295762,0.7164911919603837
rwtd_13,3,0.8507972723953052,0.855963440295762,0.7084328281271313
rwtd_13,4,0.8465471049644671,0.8471511166066921,0.6995974712687776
rwtd_13,5,0.8411420120172628,0.8446650050024538,0.6888629370364633
rwtd_134,2,0.4986249101802284,0.2895201912619229,0.003674272637112057
rwtd_134,3,0.49797977782008346,0.2895201912619229,0.0031392620170700215
rwtd_134,4,0.49797977782008346,0.2895201912619229,0.0031392620170700215
rwtd_134,5,0.41125459262155817,0.4056481898315516,0.025029312458718724
rwtd_139,2,0.49919297999451834,0.281036376953125,-0.00031815631212028296
rwtd_139,3,0.4982473227013854,0.281036376953125,-0.0017485176698825338
rwtd_139,4,0.42803038725372167,0.40169284609475975,0.023182048540939144
rwtd_139,5,0.427256072838972,0.3979782029082709,0.021411423444638734
rwtd_14,2,0.4132177716577795,0.2655029296875,-6.433045534201018e-05
rwtd_14,3,0.4118296934377883,0.2655029296875,-0.00026885876978981785
rwtd_14,4,0.4111105700154344,0.2655029296875,2.1815263500856148e-05
rwtd_14,5,0.36609697970917887,0.2655029296875,2.5641843105603457e-05
rwtd_142,2,0.49062258327078007,0.41825103759765625,-0.03188751675856312
rwtd_142,3,0.4890239563184376,0.41825103759765625,-0.036870018882158594
rwtd_142,4,0.48619338799961936,0.41825103759765625,-0.04473675688028884
rwtd_142,5,0.6437303182534235,0.6495189586650602,0.4274112847711334
rwtd_149,2,0.4992076646192122,0.28435516357421875,-0.0013181648492102706
rwtd_149,3,0.484388387525327,0.37210640457945554,0.047550859907398914
rwtd_149,4,0.4638320162788294,0.4454472578596814,0.09115152085185875
rwtd_149,5,0.4775362846369201,0.3639121076840879,0.03539714846694038
rwtd_15,2,0.49864613479469116,0.2561863356042575,6.610325119403423e-05
rwtd_15,3,0.4979867228029409,0.2561863356042575,6.125474816372591e-05
rwtd_15,4,0.43057755820255383,0.3233602527568349,0.0004265929019379751
rwtd_15,5,0.43057755820255383,0.31936057969349635,0.000149345406770865
rwtd_16,2,0.4995009578163182,0.2807273564004272,0.0003186619290568434
rwtd_16,3,0.49714285597026653,0.29604498785148725,0.006573170622337653
rwtd_16,4,0.49663701464934906,0.2993979333771224,0.007963782079437157
rwtd_16,5,0.4958376790097321,0.3047477612929794,0.010279037798519063
rwtd_17,2,0.9187750452321073,0.9187750452321073,0.8666307324855014
rwtd_17,3,0.9158593304310972,0.9187750452321073,0.8538763757438015
rwtd_17,4,0.9348361991693503,0.9377867395947961,0.8845489927137907
rwtd_17,5,0.9074984787203428,0.9275499895988909,0.8703228226996143
rwtd_175,2,0.3832842546769609,0.25823974609375,1.02406588112357e-05
rwtd_175,3,0.3832842546769609,0.25823974609375,-6.417394250835532e-05
rwtd_175,4,0.5580553214861546,0.5597909226717037,0.19484677856489246
rwtd_175,5,0.5616107498474412,0.5682769495453258,0.21764563744590928
rwtd_176,2,0.8853778413959266,0.8853778413959266,0.8278308284697122
rwtd_176,3,0.7443462352065218,0.8853778413959266,0.8050972391415252
rwtd_176,4,0.5728938355577374,0.5824872772384662,0.30228343669861385
rwtd_176,5,0.6990918048060794,0.8299251448755844,0.721655266467885
rwtd_178,2,0.4819476982531721,0.3346551409782144,0.013570764564104951
rwtd_178,3,0.7124528882573884,0.7706296404105395,0.46389033050990114
rwtd_178,4,0.7682956932819274,0.7706296404105395,0.5526426824086418
rwtd_178,5,0.7100286452991804,0.7706296404105395,0.4612522706588363
rwtd_18,2,0.7568926028089324,0.7568926028089324,0.5924973300402978
rwtd_18,3,0.7529486524116933,0.7568926028089324,0.5772619101570868
rwtd_18,4,0.7450914463551195,0.7462954889042767,0.5682248523478518
rwtd_18,5,0.6191694476823482,0.7568926028089324,0.28543724324726183
rwtd_180,2,0.49836088738218864,0.25975799560546875,-0.0007930008535905968
rwtd_180,3,0.4940016404862716,0.25975799560546875,-0.0017573072814032634
rwtd_180,4,0.4935144961377771,0.25975799560546875,-0.0018017173246310538
rwtd_180,5,0.49600692057606643,0.25975799560546875,-0.0012552841435749269
rwtd_181,2,0.49923459392334546,0.2703399658203125,-0.0008220385210621953
rwtd_181,3,0.49835858383684717,0.2703399658203125,-0.0017250276166806437
rwtd_181,4,0.4528989589654804,0.442547293268438,0.06585224854151035
rwtd_181,5,0.4955913013271068,0.2703399658203125,-0.0032095578648019523
rwtd_182,2,0.49925302922083514,0.25568389892578125,-0.00022635460398121344
rwtd_182,3,0.4985344282981739,0.2593861988428949,4.133763631613261e-05
rwtd_182,4,0.9680328886552636,0.9708273230733808,0.9359455758025046
rwtd_182,5,0.49669132519999987,0.25568389892578125,-0.000425094251364563
rwtd_183,2,0.9305347226796878,0.9305347226796878,0.8625469069152043
rwtd_183,3,0.9277678890275032,0.9305347226796878,0.8563096238522765
rwtd_183,4,0.9171417464315251,0.924683792384114,0.8395390656627355
rwtd_183,5,0.9113309701546676,0.9188951478737242,0.8282864682436819
rwtd_184,2,0.49944064504071717,0.25968565112092346,0.0002730583843803634
rwtd_184,3,0.49864924642725306,0.26390619440062146,0.000709987344076258
rwtd_184,4,0.4968527650499884,0.2736528696602988,0.002015798029612785
rwtd_184,5,0.47167471083037016,0.4202087168166033,0.06828738546408832
rwtd_185,2,0.4992588505962988,0.281341552734375,-0.0011483798497035071
rwtd_185,3,0.4987068139854466,0.28490849022134057,0.0002837204183150911
rwtd_185,4,0.4961414558062393,0.281341552734375,-0.003477414909450389
rwtd_185,5,0.949590038462309,0.9524181122681377,0.9025009841177599
rwtd_186,2,0.4993521384056186,0.2856686065621274,0.001746085263400658
rwtd_186,3,0.4984214509479919,0.2856686065621274,0.0002835211231290417
rwtd_186,4,0.497962394020037,0.2856686065621274,0.0014706774573988509
rwtd_186,5,0.49353235957370195,0.284406023932276,-0.002606858888152899
rwtd_188,2,0.4992729807226945,0.25478679581132,8.624050462632659e-05
rwtd_188,3,0.46130498428258915,0.3971025375504743,0.04272037487146667
rwtd_188,4,0.4601204749428571,0.3934034349905784,0.041390656325743326
rwtd_188,5,0.4598944690162938,0.3934034349905784,0.041145271700168067
rwtd_189,2,0.49793831991897586,0.4676666259765625,-0.007708163459499779
rwtd_189,3,0.8789322837512514,0.8812722510402902,0.8192855385524628
rwtd_189,4,0.8799038964664232,0.8812722510402902,0.8323867840281269
rwtd_189,5,0.8099458738814438,0.8667771209463637,0.4037799839555144
rwtd_194,2,0.4993760728416662,0.25457763671875,-0.00015270440405141964
rwtd_194,3,0.4835469693972722,0.32435946391550424,0.010307485012039196
rwtd_194,4,0.4947467659168423,0.27139880182781523,7.635217368712233e-05
rwtd_194,5,0.47906519244156975,0.35049417074330974,0.016250429908755738
rwtd_197,2,0.7150643100710579,0.7150643100710579,0.4804512372439173
rwtd_197,3,0.713622454465583,0.7150643100710579,0.4769464221733907
rwtd_197,4,0.713622454465583,0.7150643100710579,0.4769464221733907
rwtd_197,5,0.6932864651280995,0.6970979066440465,0.4471999333664596
rwtd_2,2,0.42436688750067586,0.37839626373929813,0.015861725753206986
rwtd_2,3,0.4114245062580644,0.37839626373929813,0.01413707948109584
rwtd_2,4,0.41047894051316375,0.37839626373929813,0.013945018729201857
rwtd_2,5,0.4110864712224772,0.3762423205733103,0.01320133317966517
rwtd_200,2,0.42989841617688207,0.33794403076171875,-0.022192631390083126
rwtd_200,3,0.4289437004564569,0.33794403076171875,-0.022569839984004195
rwtd_200,4,0.4279641153298592,0.33794403076171875,-0.019307770126756378
rwtd_200,5,0.6221450570837607,0.7781480891921284,0.3287276647451726
rwtd_201,2,0.4984036049767506,0.2636566162109375,-0.0011134348505804656
rwtd_201,3,0.4923744520216504,0.2636566162109375,-0.0032005582218811116
rwtd_201,4,0.5308148905009673,0.5365877940254768,0.1721619314639835
rwtd_201,5,0.4923744520216504,0.2636566162109375,-0.0034872557926312916
rwtd_202,2,0.4915510774551412,0.329864501953125,-0.022199577998062964
rwtd_202,3,0.4346361244994374,0.329864501953125,-0.025745683465922948
rwtd_202,4,0.43519965005611966,0.329864501953125,-0.02593346992209214
rwtd_202,5,0.4392420814376651,0.329864501953125,-0.023713937607423186
rwtd_205,2,0.9150275853983999,0.9150275853983999,0.8304382214942527
rwtd_205,3,0.9118900389299984,0.9150275853983999,0.8249920429309013
rwtd_205,4,0.9087063277826766,0.9091297069735422,0.8180414710676936
rwtd_205,5,0.4972871958180268,0.2694904321437543,-0.000315773655259212
rwtd_207,2,0.9833644079396671,0.9833644079396671,0.9667718437317782
rwtd_207,3,0.9807917598662297,0.9833644079396671,0.9613518556174997
rwtd_207,4,0.9753749345640719,0.9780937558235001,0.9505426615281496
rwtd_207,5,0.9659884879207412,0.9712799572536068,0.9316708003319885
rwtd_210,2,0.4995059595761781,0.26933969655986517,0.0006174384784435541
rwtd_210,3,0.8873872742153313,0.8896520030995857,0.7794331099304188
rwtd_210,4,0.8845779945301777,0.8857694440447986,0.7731588923056062
rwtd_210,5,0.873022506542136,0.8799071336575687,0.7520593634939707
rwtd_213,2,0.9531585581461133,0.9531585581461133,0.9077260491044992
rwtd_213,3,0.9507791249563435,0.9531585581461133,0.9019130833295435
rwtd_213,4,0.4965593948303052,0.2882562187849445,0.001382164166620995
rwtd_213,5,0.9510633997183219,0.9555756524289829,0.9057646059127435
rwtd_214,2,0.4990875749206613,0.26379177608675836,0.0006162483279456728
rwtd_214,3,0.48305767231394414,0.35985854663416256,0.03359098336092041
rwtd_214,4,0.48141718485655677,0.3712291560626802,0.04017776318766468
rwtd_214,5,0.48141718485655677,0.3712291560626802,0.04017776318766468
rwtd_215,2,0.4987807148596944,0.2892793024799074,0.0033359908153846917
rwtd_215,3,0.4978156831295142,0.2892793024799074,0.0018035556965734039
rwtd_215,4,0.4978156831295142,0.2892793024799074,0.0018035556965734039
rwtd_215,5,0.495936427891551,0.2998588456170624,0.00701659699245657
rwtd_216,2,0.4974400116982795,0.2581939697265625,-0.0008704548281254878
rwtd_216,3,0.49634712677975174,0.2581939697265625,-0.0011721621030050598
rwtd_216,4,0.49814807934622307,0.2620802798201349,-8.405724398382836e-05
rwtd_216,5,0.493891754768486,0.2581939697265625,-0.0012735103584999095
rwtd_219,2,0.49796439621674593,0.25799560546875,-0.0007331593701542465
rwtd_219,3,0.4969179093815643,0.25799560546875,-0.001046101449854278
rwtd_219,4,0.49747509287999137,0.2599699544185022,-0.0005889241924663157
rwtd_219,5,0.4956323512073423,0.25799560546875,-0.0011974650957160236
rwtd_22,2,0.49921933151414255,0.27104084377115245,0.0009966338268397987
rwtd_22,3,0.4982872198664213,0.27104084377115245,0.00013737528404032923
rwtd_22,4,0.49817019242569605,0.26654815673828125,-0.0015459878353275074
rwtd_22,5,0.5576272112189755,0.5639846200706145,0.20346369356705432
rwtd_221,2,0.49942311536051415,0.2589199153970583,0.00012440584681818967
rwtd_221,3,0.49860918688426004,0.2589199153970583,-0.0001982157087745756
rwtd_221,4,0.49860918688426004,0.2589199153970583,-0.0001982157087745756
rwtd_221,5,0.49673296564354225,0.25711822509765625,-0.0007456169191392214
rwtd_222,2,0.7784794959674672,0.7784794959674672,0.6303678481477841
rwtd_222,3,0.7794596392553877,0.7803399171748189,0.6315926106950638
rwtd_222,4,0.7723855454663342,0.7784794959674672,0.6287201615001453
rwtd_222,5,0.7631141041328617,0.7692119581880594,0.6141613993092981
rwtd_224,2,0.47742576016774585,0.3956469909695174,0.05618444560129014
rwtd_224,3,0.4751302071749215,0.4134564178383844,0.06386254414028372
rwtd_224,4,0.4925946196471229,0.29720274100035216,0.00637495594924172
rwtd_224,5,0.5951159042677856,0.6896668583322183,0.31448409811920824
rwtd_228,2,0.9776459841837939,0.9776459841837939,0.955402719276443
rwtd_228,3,0.9432297083931691,0.9776459841837939,0.8865766631427557
rwtd_228,4,0.936619174195576,0.970810140462014,0.8734748669058539
rwtd_228,5,0.9395975551131285,0.970810140462014,0.879555465017038
rwtd_229,2,0.964517376862738,0.964517376862738,0.9304233938162259
rwtd_229,3,0.9622153992547019,0.964517376862738,0.927059999635845
rwtd_229,4,0.9622153992547019,0.964517376862738,0.927059999635845
rwtd_229,5,0.8511819071372113,0.8675091865354869,0.7025435758899392
rwtd_236,2,0.4984109508409389,0.258636474609375,-0.0006730281434472649
rwtd_236,3,0.497462812667882,0.2636176306974588,-0.0001590495148721098
rwtd_236,4,0.49306599706639814,0.2636176306974588,-0.0006878235678000639
rwtd_236,5,0.49306599706639814,0.2636176306974588,-0.0006878235678000639
rwtd_237,2,0.4980171383835199,0.25572967529296875,-0.0004564878659811947
rwtd_237,3,0.49440078200678295,0.25572967529296875,-0.00045854239902095434
rwtd_237,4,0.492929830789596,0.27922647235411385,-0.00012332132063441512
rwtd_237,5,0.4929735259084912,0.2789725550577752,-0.00014007644429894214
rwtd_238,2,0.49816448566118926,0.2723098165921037,0.0018217379758733185
rwtd_238,3,0.49677063224463147,0.2723098165921037,0.0008105594547092592
rwtd_238,4,0.49530722836295116,0.2804385796158464,0.002468808323020187
rwtd_238,5,0.49530722836295116,0.2804385796158464,0.002468808323020187
rwtd_24,2,0.48909257757004915,0.38135528564453125,0.1268655198567601
rwtd_24,3,0.4923029368244686,0.38135528564453125,0.12812619630502756
rwtd_24,4,0.4923029368244686,0.38135528564453125,0.12812619630502756
rwtd_24,5,0.7461699711319734,0.7481973634549145,0.5902398802859081
rwtd_240,2,0.4992687162269644,0.2818214631676571,0.0016529048494045256
rwtd_240,3,0.9342381187514528,0.9379353560935499,0.8728223420370597
rwtd_240,4,0.9342381187514528,0.9379353560935499,0.8728223420370597
rwtd_240,5,0.48927089845479454,0.34984505931339266,0.0331873297665745
rwtd_243,2,0.49916909543015325,0.45012664794921875,-0.00322752065959829
rwtd_243,3,0.488781535445239,0.45012664794921875,-0.03587347834868493
rwtd_243,4,0.7425652167869706,0.7435692495134589,0.6181312668697961
rwtd_243,5,0.4821218723801473,0.45012664794921875,-0.051789512212985056
rwtd_244,2,0.4992213086092433,0.3622283935546875,-0.002642253053630793
rwtd_244,3,0.498074946822721,0.3622283935546875,-0.006479234882384197
rwtd_244,4,0.7746197958337455,0.7766762697718931,0.6064485424664338
rwtd_244,5,0.7798847047118842,0.7833507887321444,0.6123950729566549
rwtd_245,2,0.9113468468149593,0.9113468468149593,0.8358051994379861
rwtd_245,3,0.9096669620070603,0.9113468468149593,0.8306260294252948
rwtd_245,4,0.9096669620070603,0.9113468468149593,0.8306260294252948
rwtd_245,5,0.4327352528504651,0.31252288818359375,0.03550980841197128
rwtd_246,2,0.49932893063782524,0.2612012995064275,0.0003259605361568411
rwtd_246,3,0.49873876996250865,0.26437712237826766,0.0007001426289077301
rwtd_246,4,0.7186661608156107,0.7204857847811983,0.45850844462691887
rwtd_246,5,0.7199768516762288,0.7240438923453915,0.461844207977395
rwtd_247,2,0.9635213330610755,0.9635213330610755,0.9272157633485311
rwtd_247,3,0.8385530215788717,0.9635213330610755,0.7600960400181913
rwtd_247,4,0.8375471829258213,0.961270699581204,0.7572345728754218
rwtd_247,5,0.8385530215788717,0.9635213330610755,0.7600960400181913
rwtd_25,2,0.4369831001583515,0.4307884821891008,0.037353707933442296
rwtd_25,3,0.4369831001583515,0.4307884821891008,0.030671770772166658
rwtd_25,4,0.43288816949232345,0.4527331401843805,0.035884405423483666
rwtd_25,5,0.5576408841529272,0.738628723078433,0.2959451333844583
rwtd_250,2,0.4996421659405594,0.3237661867757451,0.0031443086746033412
rwtd_250,3,0.49900940030845686,0.3298872742898426,0.00880108359398651
rwtd_250,4,0.4459458974024637,0.3237661867757451,0.0074366858395635916
rwtd_250,5,0.4425146777622686,0.3406763944295486,0.023868530227396392
rwtd_251,2,0.9362689800558238,0.9362689800558238,0.8726783367811827
rwtd_251,3,0.8188579075765513,0.9362689800558238,0.7030851611538077
rwtd_251,4,0.9331189993717431,0.9362689800558238,0.86660998901501
rwtd_251,5,0.7228139619479762,0.7306294800603652,0.4692394585026098
rwtd_252,2,0.498919264498737,0.3997800364400462,0.011387368945590327
rwtd_252,3,0.497646295779155,0.4163165009831294,0.04273792409905793
rwtd_252,4,0.49359110508597603,0.4163165009831294,0.027588178419546083
rwtd_252,5,0.41015230451535917,0.41019982546521416,-0.04697324107448438
rwtd_253,2,0.4987160405233467,0.2796478271484375,-0.001869048347925478
rwtd_253,3,0.49766033341199856,0.2796478271484375,-0.003357356826308249
rwtd_253,4,0.40694486256638507,0.3865479333556584,0.019633293256635865
rwtd_253,5,0.40223504471198657,0.38860374212925675,0.021532681321409505
rwtd_254,2,0.4989296832953226,0.25888824462890625,-0.0005013097740014881
rwtd_254,3,0.4733847220985206,0.4209773230572428,0.07461901960197781
rwtd_254,4,0.47307108779847956,0.42353342944907313,0.07668711631268242
rwtd_254,5,0.49788648136565306,0.2613012791431916,7.224019407276442e-05
rwtd_256,2,0.49913711843387953,0.254425048828125,-0.00019061692473987488
rwtd_256,3,0.4954160810772884,0.27380347765988405,0.00161799602383194
rwtd_256,4,0.9621987735214925,0.9773683063913547,0.9265365313407743
rwtd_256,5,0.9802950704189006,0.9840424576986857,0.9604789870571014
rwtd_257,2,0.6506046906842294,0.6506046906842294,0.3641204881903406
rwtd_257,3,0.648554169190983,0.6506046906842294,0.35947795923681625
rwtd_257,4,0.6517615549534346,0.6538098484532795,0.3656356298399024
rwtd_257,5,0.6487605751012258,0.6505825293597429,0.36344625723270074
rwtd_258,2,0.4994145637131945,0.25804901123046875,-0.00026312531425917886
rwtd_258,3,0.47198868989174925,0.3981458349248651,0.04611806580581356
rwtd_258,4,0.47198868989174925,0.3981458349248651,0.03227387502874363
rwtd_258,5,0.4711035169282096,0.4030044383112631,0.04932838673524047
rwtd_259,2,0.8449409834436936,0.8449409834436936,0.7228252390686836
rwtd_259,3,0.7672733753970515,0.8449409834436936,0.5345602802156204
rwtd_259,4,0.7989893126703396,0.8449409834436936,0.6928874757654198
rwtd_259,5,0.7627996290242467,0.8449409834436936,0.5262848884026385
rwtd_260,2,0.4979969847999915,0.2638589202923192,0.0007275250891523048
rwtd_260,3,0.9725514654527845,0.9808298153325403,0.9461016375442434
rwtd_260,4,0.9750180129029911,0.9808298153325403,0.95068629557311
rwtd_260,5,0.9713694865460556,0.9771812889756049,0.943440675676562
rwtd_261,2,0.5286690950448588,0.5286690950448588,0.20538080495697852
rwtd_261,3,0.5254172263653922,0.5286690950448588,0.19935106440743625
rwtd_261,4,0.5263043132741109,0.5352787164160133,0.2054183958193883
rwtd_261,5,0.5343647046265964,0.5410088173498107,0.21668321710607716
rwtd_262,2,0.9723029989162489,0.9723029989162489,0.9452215491566016
rwtd_262,3,0.8544488172748952,0.9723029989162489,0.7372179861365158
rwtd_262,4,0.7466321621297326,0.7493838437129223,0.5048052560949581
rwtd_262,5,0.8474496234102665,0.9680949259484584,0.7267517538404555
rwtd_263,2,0.9734493913124338,0.9734493913124338,0.9470092927540007
rwtd_263,3,0.8478549592902627,0.9734493913124338,0.7775130233634868
rwtd_263,4,0.7524012138485676,0.7567000202605602,0.5267314281817552
rwtd_263,5,0.9626722610184777,0.9669710674304702,0.9263995519835168
rwtd_265,2,0.483636698901754,0.38825225830078125,-0.049927125752557755
rwtd_265,3,0.483636698901754,0.38825225830078125,-0.050556198882074306
rwtd_265,4,0.4827720513852433,0.38825225830078125,-0.05270477568601665
rwtd_265,5,0.4827720513852433,0.38825225830078125,-0.05298449686780007
rwtd_268,2,0.49664408044717356,0.2759809643496782,0.0025987029950535596
rwtd_268,3,0.6514212262489878,0.665739330420184,0.36079869655692176
rwtd_268,4,0.7585915262735214,0.9369115359722927,0.6804397469249632
rwtd_268,5,0.6872620337689048,0.7273123490156669,0.43338977809581003
rwtd_269,2,0.4995390328712018,0.26028946603967856,0.00026103952060281625
rwtd_269,3,0.9674649149484722,0.9694331709162243,0.9354452485221555
rwtd_269,4,0.963367600674115,0.9653269097433648,0.9272582419088583
rwtd_269,5,0.49552712785458075,0.2578277587890625,-0.0006860746432463755
rwtd_27,2,0.4989878904012063,0.34954071044921875,-0.003261903123512276
rwtd_27,3,0.4978580032921358,0.34954071044921875,-0.00010761769406908786
rwtd_27,4,0.408092737254069,0.34954071044921875,-0.016968999837204103
rwtd_27,5,0.4088178739163456,0.34954071044921875,-0.019246671803081348
rwtd_270,2,0.4987302103140748,0.25670917508680857,0.00012919725944757218
rwtd_270,3,0.48817468078542947,0.3041323916104331,0.006501809174070843
rwtd_270,4,0.48093926803559517,0.3455118073910423,0.021005556218291473
rwtd_270,5,0.456461617636157,0.329337793400103,0.007595587807035989
rwtd_274,2,0.49927376699794923,0.2650604248046875,-0.0005941990922395038
rwtd_274,3,0.49654693075007345,0.2650604248046875,-0.00241608044608991
rwtd_274,4,0.41239862203631394,0.2650604248046875,-0.000903110761140259
rwtd_274,5,0.40995546520638915,0.2650604248046875,-0.0016851621989417385
rwtd_276,2,0.4502102865042199,0.33113861083984375,-0.04583066600294114
rwtd_276,3,0.4492998695165585,0.33113861083984375,-0.04714997429446523
rwtd_276,4,0.49762892840707973,0.33113861083984375,-0.006865658394396425
rwtd_276,5,0.4504518957941803,0.3371172590979413,-0.04379425533288454
rwtd_28,2,0.4043187874274454,0.3932584884097511,0.0248933227240199
rwtd_28,3,0.4043187874274454,0.39304872970452454,0.025165091599665526
rwtd_28,4,0.48477696048382923,0.5581155957310833,0.18445725585109218
rwtd_28,5,0.5218767736343524,0.5581155957310833,0.17618795818235247
rwtd_280,2,0.49899154942797663,0.2785600693451237,0.0018368395868693824
rwtd_280,3,0.49667112219734744,0.2785600693451237,-0.0008118166611145569
rwtd_280,4,0.49575901803281053,0.2724456787109375,-0.004450098999527753
rwtd_280,5,0.49007410070460156,0.2724456787109375,-0.006693246102250691
rwtd_281,2,0.4993716304725022,0.2612152099609375,-0.0003909333509585951
rwtd_281,3,0.9497181463665623,0.951963740454112,0.8994263570611082
rwtd_281,4,0.9530194892195281,0.9584889146838871,0.9057016928060946
rwtd_281,5,0.9506458742369854,0.9538742920989389,0.901266230253018
rwtd_282,2,0.6811092678068442,0.6811092678068442,0.38848371356537376
rwtd_282,3,0.6822397974252281,0.6841057288592104,0.3908618459277148
rwtd_282,4,0.6411534136440615,0.6811092678068442,0.33978611117630053
rwtd_282,5,0.6442083926133382,0.6841057288592104,0.35070210202118046
rwtd_288,2,0.49928380224506297,0.2816162109375,-0.0011183200536429526
rwtd_288,3,0.4733715817038695,0.2816162109375,-0.004489948390248394
rwtd_288,4,0.4733715817038695,0.2816162109375,-0.004489948390248394
rwtd_288,5,0.47777139968475013,0.43895756850370204,0.10425707438258368
rwtd_293,2,0.4991458165999394,0.4148406982421875,-0.003236818441193637
rwtd_293,3,0.38700593259919963,0.4148406982421875,-0.046001806073282345
rwtd_293,4,0.49158481090299233,0.4148406982421875,0.15272021715639134
rwtd_293,5,0.7995135246072604,0.8017485906988632,0.6919389598632963
rwtd_294,2,0.49902742492570096,0.27272719095473624,0.0013022438619298782
rwtd_294,3,0.9096616876050205,0.9141658969934309,0.823641942942332
rwtd_294,4,0.9096616876050205,0.9141658969934309,0.823641942942332
rwtd_294,5,0.9096616876050205,0.9141658969934309,0.823641942942332
rwtd_299,2,0.4986033974462253,0.26058197021484375,-0.0007591841761098452
rwtd_299,3,0.6070569894555621,0.6113396187230262,0.2620990152684976
rwtd_299,4,0.4980220407254417,0.26058197021484375,-0.0010570662722144111
rwtd_299,5,0.6122735453951498,0.618351724610446,0.2708622264270864
rwtd_3,2,0.6471348382754596,0.6471348382754596,0.32833013484479395
rwtd_3,3,0.64419532747478,0.6471348382754596,0.32373008419935495
rwtd_3,4,0.7180758679188005,0.7203960041469828,0.47939875588535835
rwtd_3,5,0.3865463496238978,0.28282928466796875,-0.0016920353115224705
rwtd_30,2,0.4500979637599204,0.43728930611535266,0.05992031027946162
rwtd_30,3,0.4446756660107014,0.44879819313205804,0.06320210318996071
rwtd_30,4,0.46363263803680976,0.5043744947445306,0.09297721364768323
rwtd_30,5,0.4956760837298075,0.5181075604330483,0.12447595928705898
rwtd_300,2,0.49589645426492945,0.28026567402425123,0.003445643333033926
rwtd_300,3,0.49466189121781257,0.28026567402425123,0.002663503004195126
rwtd_300,4,0.4929908777015698,0.28026567402425123,0.0018570152620014143
rwtd_300,5,0.6277735959120013,0.641962346364936,0.32759382765528916
rwtd_302,2,0.49939825602235943,0.2724761962890625,-0.0007105353510067183
rwtd_302,3,0.7993201811602455,0.8010266658018836,0.6140424977690315
rwtd_302,4,0.4983248921702556,0.2724761962890625,-0.0019213984467428761
rwtd_302,5,0.7993201811602455,0.8010266658018836,0.6140424977690315
rwtd_303,2,0.4996194703723707,0.3151899854813687,0.0026839561591902867
rwtd_303,3,0.4984487896443382,0.3255999398179493,0.011200687213030865
rwtd_303,4,0.4984487896443382,0.3255999398179493,0.011200687213030865
rwtd_303,5,0.452128822341545,0.3151899854813687,0.05405451953953825
rwtd_304,2,0.4992658221800946,0.341583251953125,-0.002285950531724995
rwtd_304,3,0.4986421523282282,0.341583251953125,-0.004213289588031158
rwtd_304,4,0.4975999168037002,0.341583251953125,-0.0073787682302912565
rwtd_304,5,0.497677590807492,0.341583251953125,-0.007135742679465727
rwtd_308,2,0.4481539759558112,0.41094207763671875,-0.10315588588313952
rwtd_308,3,0.42373283509280274,0.41094207763671875,0.044635837230272445
rwtd_308,4,0.6629031442468922,0.7378049812963944,0.3333912435561921
rwtd_308,5,0.47875541237041797,0.41094207763671875,0.14849575405785898
rwtd_310,2,0.7969253743574654,0.7969253743574654,0.7178016848943208
rwtd_310,3,0.8025669977663159,0.8037085542098956,0.7188785172857892
rwtd_310,4,0.8022395437287534,0.8037085542098956,0.7157080991259565
rwtd_310,5,0.7936494254981683,0.7947911516910525,0.7046261094352329
rwtd_311,2,0.7908236019150148,0.7908236019150148,0.7044265494753341
rwtd_311,3,0.788750156998702,0.7908236019150148,0.6880376857221809
rwtd_311,4,0.8113715520121338,0.8190295054372674,0.6942863607985487
rwtd_311,5,0.8144595857707961,0.8190295054372674,0.7139897487189719
rwtd_315,2,0.7710111401030908,0.7710111401030908,0.6780402730047939
rwtd_315,3,0.7707171634191717,0.7710111401030908,0.6781026195119184
rwtd_315,4,0.768536694377371,0.7710111401030908,0.6575578598104586
rwtd_315,5,0.7575042587573441,0.7578007124387047,0.6555638496266907
rwtd_318,2,0.40032605326618426,0.3852081298828125,0.002773247994906557
rwtd_318,3,0.5435132773540858,0.7496928246029293,0.24685584513498385
rwtd_318,4,0.3652030492075662,0.3852081298828125,-0.006755871951324133
rwtd_318,5,0.7522399677856485,0.7564129995677566,0.5817281037208537
rwtd_319,2,0.9215123682044185,0.9215123682044185,0.8449984116339784
rwtd_319,3,0.919648976651603,0.9215123682044185,0.8407809005836537
rwtd_319,4,0.7397816050841075,0.9176410194907423,0.6003005760111243
rwtd_319,5,0.4674100916324031,0.4695175065937024,0.08678043204690879
rwtd_321,2,0.42372895531442,0.37574005126953125,-0.08005072714968145
rwtd_321,3,0.42085403065111093,0.37574005126953125,-0.08257684737628354
rwtd_321,4,0.49522741067169995,0.37574005126953125,-0.016260796888604993
rwtd_321,5,0.5583497116294279,0.37574005126953125,0.21343024088322501
rwtd_322,2,0.7849817708619901,0.7849817708619901,0.5862651671570246
rwtd_322,3,0.6564194320444626,0.7849817708619901,0.4178468562153335
rwtd_322,4,0.6549983259050023,0.7849817708619901,0.41705949704545386
rwtd_322,5,0.7833817300433428,0.7846040997969372,0.5838191458847669
rwtd_323,2,0.6556233498634245,0.6556233498634245,0.3555966191119622
rwtd_323,3,0.6781235267426006,0.7191177652271108,0.4166702502144417
rwtd_323,4,0.6834930732060357,0.7239672072859118,0.42338469001585444
rwtd_323,5,0.6940811264669371,0.6985087419791428,0.4164966538909694
rwtd_324,2,0.5871670841449835,0.5871670841449835,0.2639143046895556
rwtd_324,3,0.5851091427245254,0.5871670841449835,0.26208259518548854
rwtd_324,4,0.6144259805540611,0.6164705489757811,0.3023354730281646
rwtd_324,5,0.6104092149236036,0.6135029671445208,0.29533491978730514
rwtd_325,2,0.754771877863788,0.754771877863788,0.5370314011767977
rwtd_325,3,0.7575062388933866,0.7600910029796147,0.5405915094601947
rwtd_325,4,0.7575062388933866,0.7600910029796147,0.5405915094601947
rwtd_325,5,0.5089479092645278,0.5141310708597244,0.11431447176625083
rwtd_327,2,0.4286953798244741,0.2864532470703125,-0.0040347237600086615
rwtd_327,3,0.4286953798244741,0.2864532470703125,-0.00849930517544031
rwtd_327,4,0.4286953798244741,0.2864532470703125,-0.010384259119552692
rwtd_327,5,0.42763068557660566,0.2864532470703125,-0.010006456491447038
rwtd_328,2,0.570200310897338,0.38045501708984375,0.24212459242190687
rwtd_328,3,0.5690368380776274,0.38045501708984375,0.23926205699788453
rwtd_328,4,0.5666258843352142,0.38045501708984375,0.23500364637140544
rwtd_328,5,0.5586311287275743,0.4038063281452107,0.24373395990898664
rwtd_329,2,0.5300956112764197,0.5300956112764197,0.1495155232881726
rwtd_329,3,0.5297238528446706,0.5302971205699998,0.14971130277377287
rwtd_329,4,0.4988168429368313,0.2857501168786454,0.001484939114763157
rwtd_329,5,0.5305957737348834,0.5331349771516888,0.15179389690456205
rwtd_33,2,0.4989618191659171,0.4176177978515625,-0.0039365917290785065
rwtd_33,3,0.4038898423949416,0.4176177978515625,-0.093019224257317
rwtd_33,4,0.40084441489698985,0.4176177978515625,-0.08665783421194753
rwtd_33,5,0.4005629598001227,0.4488504853368715,-0.05922133604140542
rwtd_330,2,0.492597616247076,0.3453182938901139,0.021410652050094816
rwtd_330,3,0.48467645098865864,0.3664294187584803,0.03536551611717897
rwtd_330,4,0.5363479514045766,0.5516394819213115,0.1929120938857337
rwtd_330,5,0.5221139325952061,0.533827933008235,0.17349227611513018
rwtd_331,2,0.4990876199321085,0.34706281024664987,0.011342692385064065
rwtd_331,3,0.4979337608954639,0.3602862126421008,0.026551745836932136
rwtd_331,4,0.7579517515541031,0.764906457073139,0.5742305999335472
rwtd_331,5,0.497238795785223,0.36535918914854343,0.03211472932158285
rwtd_332,2,0.8205110526732333,0.8205110526732333,0.6534581887428026
rwtd_332,3,0.7000870474501817,0.8205110526732333,0.4668263593847789
rwtd_332,4,0.6090465089998123,0.6116476056770519,0.26608601541117805
rwtd_332,5,0.8223196555799093,0.8256631900904734,0.6589780230814501
rwtd_334,2,0.4981222005067789,0.3343207846131226,0.015590170511283181
rwtd_334,3,0.4971570711021997,0.34365288320620807,0.023922987343519445
rwtd_334,4,0.6192041310255512,0.6261217690916699,0.3453921230868119
rwtd_334,5,0.6372395708619559,0.6441572089280747,0.37224341640402553
rwtd_337,2,0.7961547586731883,0.7961547586731883,0.6731853792917031
rwtd_337,3,0.7939331946921457,0.7961547586731883,0.6631075077568077
rwtd_337,4,0.7935998751171418,0.7958053925866782,0.6650904606236675
rwtd_337,5,0.7923075308979821,0.7958053925866782,0.6653642817832665
rwtd_34,2,0.6172074637503425,0.6172074637503425,0.3048877172220252
rwtd_34,3,0.6189376021797919,0.6209874512456317,0.30683489963519667
rwtd_34,4,0.4935904965511909,0.4958612211495777,0.09777949863841617
rwtd_34,5,0.47333495105042345,0.5615555476787657,0.1712594190983409
rwtd_342,2,0.4867565672873102,0.34331512451171875,-0.035432852945226384
rwtd_342,3,0.4570962557660464,0.34331512451171875,0.07655127755024616
rwtd_342,4,0.4601614757131086,0.34331512451171875,0.08952843201397784
rwtd_342,5,0.4493882961798904,0.3608240374387957,0.08768962738274264
rwtd_343,2,0.6752895390057669,0.6752895390057669,0.43411119939955684
rwtd_343,3,0.694916877606247,0.7117904918600519,0.45161158855669503
rwtd_343,4,0.6773081087044766,0.6789925178137609,0.43559547350689315
rwtd_343,5,0.7203335896822016,0.7387960285556314,0.4946791322274249
rwtd_344,2,0.904567841562022,0.904567841562022,0.814784904161289
rwtd_344,3,0.7503720373662177,0.904567841562022,0.6795940029338473
rwtd_344,4,0.6691743262487944,0.6733669374218206,0.40458409038767834
rwtd_344,5,0.7503720373662177,0.904567841562022,0.6795940029338473
rwtd_345,2,0.7626616558532131,0.7626616558532131,0.5741815721127287
rwtd_345,3,0.6734265947002616,0.7626616558532131,0.41221535210229604
rwtd_345,4,0.7603893980552374,0.7626616558532131,0.5676079968051079
rwtd_345,5,0.6709613877349314,0.7626616558532131,0.4086688545178352
rwtd_346,2,0.4419211803491378,0.32816314697265625,-0.02573954221372524
rwtd_346,3,0.4783457917828045,0.6338402462818532,0.1350422455443386
rwtd_346,4,0.637667885397296,0.6470003522941737,0.31551642130754354
rwtd_346,5,0.4298328009319132,0.32816314697265625,-0.0035624106979416
rwtd_347,2,0.5867731288047668,0.5867731288047668,0.23135245937978716
rwtd_347,3,0.6597140855586907,0.7822532545179706,0.42591826040882075
rwtd_347,4,0.4470128780666647,0.41540176997746836,0.04445753523923952
rwtd_347,5,0.7812356432308825,0.7817725134548146,0.5756868132157714
rwtd_348,2,0.4969878605525008,0.3799285888671875,-0.0057062797244574
rwtd_348,3,0.7201161091845134,0.7242438840264125,0.5226168045133014
rwtd_348,4,0.381225311186486,0.3799285888671875,-0.029446660261939043
rwtd_348,5,0.37918914307284246,0.3799285888671875,-0.027985242379773078
rwtd_349,2,0.758467411077103,0.758467411077103,0.5815562491740357
rwtd_349,3,0.7582329632134119,0.7601149008551165,0.5841809304228494
rwtd_349,4,0.49552261551041277,0.3763561409952425,0.031194162705967456
rwtd_349,5,0.7473517490667011,0.7630588579764594,0.5830612295326494
rwtd_350,2,0.49821063831539975,0.34978485107421875,-0.005723406705209196
rwtd_350,3,0.8629873449471541,0.8663745100109659,0.7606725824122665
rwtd_350,4,0.8579065973514365,0.8663745100109659,0.7416576917112193
rwtd_350,5,0.717088948179434,0.8512095421909145,0.6964922862694086
rwtd_351,2,0.9835615477430759,0.9835615477430759,0.9671320076382813
rwtd_351,3,0.9786924152780969,0.9835615477430759,0.9577775380417947
rwtd_351,4,0.9786924152780969,0.9835615477430759,0.9577775380417947
rwtd_351,5,0.9671576344721791,0.9740850122062661,0.9350784984125391
rwtd_352,2,0.6929061966857549,0.6929061966857549,0.5323839217186791
rwtd_352,3,0.6755631382939183,0.6929061966857549,0.44721449447818673
rwtd_352,4,0.4836250197951021,0.419219970703125,-0.03691531301266017
rwtd_352,5,0.6423097964887405,0.6729807514168473,0.4867967439167632
rwtd_357,2,0.8928571139507591,0.8928571139507591,0.7943562787317004
rwtd_357,3,0.89006522579072,0.8928571139507591,0.7867442250645372
rwtd_357,4,0.8899837012604201,0.8925632808619038,0.7864463316520194
rwtd_357,5,0.49427603375427015,0.3095550537109375,-0.01104967109528688
rwtd_358,2,0.6993784589291632,0.6993784589291632,0.541130193191541
rwtd_358,3,0.6935196085396922,0.6993784589291632,0.5092567427789957
rwtd_358,4,0.6801636584176736,0.6850625206095886,0.5152400088181703
rwtd_358,5,0.49175959090972693,0.4428253173828125,0.003804716193926002
rwtd_359,2,0.48217408089980074,0.3153839111328125,0.016901383186142756
rwtd_359,3,0.5335553445076957,0.5403154479858499,0.24076192236707922
rwtd_359,4,0.5431044323618941,0.5678914848810703,0.25742072683540607
rwtd_359,5,0.5603123105514797,0.582422657019946,0.26236913042292226
rwtd_36,2,0.3702836354507588,0.406219482421875,-0.02788162892861516
rwtd_36,3,0.36898306388539237,0.41287020674563557,-0.022970556701813895
rwtd_36,4,0.3679539307923268,0.41287020674563557,-0.020990437289530754
rwtd_36,5,0.36735180160979,0.406219482421875,-0.02248011843039305
rwtd_362,2,0.4993375375660578,0.2545318603515625,-0.00015875325860612182
rwtd_362,3,0.492781717472053,0.27383081839809564,6.994464096759884e-05
rwtd_362,4,0.493425272615593,0.2706215172526942,-0.00026634476318191985
rwtd_362,5,0.49406122956742937,0.2545318603515625,-0.00019057488688551568
rwtd_363,2,0.4991977207297782,0.3222612201944697,0.0036159057840434504
rwtd_363,3,0.6410361914901193,0.6440052138814347,0.3671891247438664
rwtd_363,4,0.7052499990277008,0.7080016143051089,0.4618749756143054
rwtd_363,5,0.5160117497884771,0.5713173791877821,0.2503337374661193
rwtd_364,2,0.4989893271227917,0.3865203857421875,-0.0008906458511983634
rwtd_364,3,0.4372064130767611,0.3865203857421875,0.05372263315255016
rwtd_364,4,0.4342110812572564,0.3865203857421875,0.04867656268455225
rwtd_364,5,0.39335829254021415,0.3865203857421875,-0.04481019413548092
rwtd_365,2,0.4990096447349769,0.3776702880859375,-0.003508480303081744
rwtd_365,3,0.6345409666522306,0.6362614139685328,0.34477417622612044
rwtd_365,4,0.6373009250697864,0.6386997913643497,0.3507359057545655
rwtd_365,5,0.8136280350545,0.9306580883732214,0.5224944788157261
rwtd_366,2,0.4755722207515879,0.4755722207515879,0.1145542891566698
rwtd_366,3,0.38762804862773614,0.4755722207515879,0.07631224742139109
rwtd_366,4,0.47668238207182245,0.48039629385113986,0.11802996356848397
rwtd_366,5,0.4313754677738656,0.433998891890239,0.0436430049415066
rwtd_367,2,0.7611517399310201,0.7611517399310201,0.5529316510449297
rwtd_367,3,0.6083749924421422,0.7611517399310201,0.517228005452469
rwtd_367,4,0.6116794766634134,0.7611517399310201,0.517347996291835
rwtd_367,5,0.75796125339714,0.7625970072565493,0.5524239134346882
rwtd_371,2,0.7614978095407068,0.7614978095407068,0.5415442023068269
rwtd_371,3,0.6339770256136648,0.7614978095407068,0.48028966766677555
rwtd_371,4,0.48870729507903266,0.4956925216426987,0.14606973202145412
rwtd_371,5,0.4883374292454571,0.4960695067879607,0.14659583055197864
rwtd_373,2,0.7694806064666652,0.7694806064666652,0.5950335742701661
rwtd_373,3,0.767682406675618,0.7694806064666652,0.5888228366069033
rwtd_373,4,0.767682406675618,0.7694806064666652,0.5888228366069033
rwtd_373,5,0.4285125339664056,0.360809326171875,0.02222587027395365
rwtd_374,2,0.49915454091337974,0.27268218994140625,-0.0008496994246301041
rwtd_374,3,0.36096104210208435,0.27268218994140625,0.00014016317327588432
rwtd_374,4,0.36096104210208435,0.27268218994140625,0.00014016317327588432
rwtd_374,5,0.3341606593306113,0.2798519124453644,0.0011175662666253734
rwtd_376,2,0.8532173417042201,0.8532173417042201,0.7402237611794281
rwtd_376,3,0.8512631496470653,0.8532173417042201,0.7336248193914012
rwtd_376,4,0.8512631496470653,0.8532173417042201,0.7336248193914012
rwtd_376,5,0.8477308253843228,0.8496850174414776,0.7270378880064061
rwtd_377,2,0.4584579832934359,0.34297943115234375,0.06525096965608618
rwtd_377,3,0.3923261565992071,0.34297943115234375,0.013041883353322578
rwtd_377,4,0.40942006938983244,0.34297943115234375,-0.0027312972134989817
rwtd_377,5,0.4899068336088609,0.546303337951427,0.09559410905526654
rwtd_378,2,0.6740035629625347,0.6740035629625347,0.48950005154759213
rwtd_378,3,0.6394069270006224,0.6531236465700769,0.5056542417427882
rwtd_378,4,0.6323040832922053,0.6461112656648836,0.49427334154655816
rwtd_378,5,0.6333436813139127,0.6442700888627488,0.5043607684738195
rwtd_38,2,0.49980012236780824,0.40412025237677196,0.011563898214347206
rwtd_38,3,0.4882161245536246,0.40412025237677196,-0.02629177360388898
rwtd_38,4,0.4869088835456062,0.39844512939453125,-0.0293110754686211
rwtd_38,5,0.45721403433595764,0.39844512939453125,0.003132921939674253
rwtd_380,2,0.6219505818269657,0.6219505818269657,0.3820723157793561
rwtd_380,3,0.5590861199618901,0.6219505818269657,0.31549722427329435
rwtd_380,4,0.6235468913757186,0.6253158235827605,0.3837847176160679
rwtd_380,5,0.575545187615289,0.5838485045535311,0.2664440991041879
rwtd_382,2,0.5610808262936129,0.43419647216796875,0.28392100949935056
rwtd_382,3,0.5712453474802854,0.43419647216796875,0.4340191407485987
rwtd_382,4,0.5623591376728789,0.4526669154927121,0.3073242411828004
rwtd_382,5,0.6384244149083803,0.4526669154927121,0.4319974151626983
rwtd_383,2,0.6512204373323872,0.6512204373323872,0.37147383669560247
rwtd_383,3,0.6599876530238341,0.7252346734651739,0.44351801547210934
rwtd_383,4,0.6654900793705298,0.7302602034495296,0.45183723502101736
rwtd_383,5,0.6960486760506562,0.7302602034495296,0.4551415635209179
rwtd_387,2,0.7635740654421395,0.7635740654421395,0.6521664368330845
rwtd_387,3,0.7169154245384881,0.7635740654421395,0.4317435325101585
rwtd_387,4,0.6235134776248552,0.7635740654421395,0.2870088773947632
rwtd_387,5,0.7169154245384881,0.7635740654421395,0.4317435325101585
rwtd_388,2,0.4986657889946141,0.3087158203125,-0.003218719825378908
rwtd_388,3,0.7184921394828276,0.721346124006996,0.49806282874683633
rwtd_388,4,0.8378515984590791,0.8411216795202434,0.6902517447834
rwtd_388,5,0.46824033079799166,0.43329664903999476,0.09349611837523798
rwtd_389,2,0.8195016341392369,0.8195016341392369,0.6469092617302876
rwtd_389,3,0.6544639283180304,0.8195016341392369,0.5477444809026073
rwtd_389,4,0.5832627914801394,0.5841200128040367,0.26931985414645876
rwtd_389,5,0.5793971206399668,0.5802607428754646,0.26222449862482394
rwtd_39,2,0.44607080038286834,0.4436807460052418,0.054411234284823556
rwtd_39,3,0.4455868416696621,0.44704764548396314,0.0551551009860813
rwtd_39,4,0.4337292727145212,0.5764472278294308,0.1434047575970982
rwtd_39,5,0.5745191144934854,0.5764472278294308,0.2287222188391922
rwtd_391,2,0.49955378863033006,0.3561595880904945,0.00751403470770481
rwtd_391,3,0.49555708845678237,0.3880048339869664,0.047955299398844145
rwtd_391,4,0.5962202340926112,0.6007720496882755,0.3484428080608902
rwtd_391,5,0.5658116444493606,0.5704345972267288,0.30593194549763936
rwtd_392,2,0.7124677474073213,0.7124677474073213,0.4552960827415656
rwtd_392,3,0.7356749161927579,0.790149701126565,0.5389836747116193
rwtd_392,4,0.7322024729416241,0.7865155850326485,0.5323839021837335
rwtd_392,5,0.7868697233237993,0.7880341853948645,0.5830216025774775
rwtd_393,2,0.8173388155017058,0.8173388155017058,0.6629518670560673
rwtd_393,3,0.7177084626365791,0.8173388155017058,0.6213506307106208
rwtd_393,4,0.6822263466540219,0.6837937266439645,0.4469364840603723
rwtd_393,5,0.8163297362859028,0.8173388155017058,0.6607946338578375
rwtd_394,2,0.8356957125445023,0.8356957125445023,0.6781476886230049
rwtd_394,3,0.7037526565054736,0.8356957125445023,0.5689135435936127
rwtd_394,4,0.620990849781208,0.6359550492516215,0.31020076822786974
rwtd_394,5,0.6829526824039696,0.791880203857757,0.5088124352062154
rwtd_395,2,0.5262580371170861,0.5262580371170861,0.2290444427110823
rwtd_395,3,0.5250172315910495,0.5262580371170861,0.2257934405178233
rwtd_395,4,0.4986148702273892,0.3396761385503351,-0.0006617798107727524
rwtd_395,5,0.6445834205184227,0.763978542415614,0.5326063344188322
rwtd_397,2,0.49575082315068303,0.40165565781747453,0.03550061692410126
rwtd_397,3,0.4931435543646644,0.42283040978518716,0.07016636300033074
rwtd_397,4,0.49163049700961914,0.40165565781747453,0.05552084124671352
rwtd_397,5,0.5708357770424701,0.5864360371321266,0.33025481346737046
rwtd_398,2,0.36530586250997416,0.4416656494140625,-0.062158250169921735
rwtd_398,3,0.36530586250997416,0.4416656494140625,-0.07950533793633205
rwtd_398,4,0.35342996155204537,0.4416656494140625,-0.06299865903927152
rwtd_398,5,0.46475182463514864,0.4416656494140625,-0.08316075256362672
rwtd_399,2,0.7033144785760956,0.7033144785760956,0.46892689097776363
rwtd_399,3,0.7032078251551275,0.7050752498446631,0.4713154089888793
rwtd_399,4,0.401653503865943,0.3563232421875,0.003273689567993604
rwtd_399,5,0.6740760352165841,0.7033144785760956,0.46485474308844493
rwtd_4,2,0.49963674925673063,0.3983087414038122,0.013691047661124438
rwtd_4,3,0.4063764129151428,0.3983087414038122,0.018677545480998738
rwtd_4,4,0.532748965966796,0.7207007204959349,0.21974161209518447
rwtd_4,5,0.7306381539990139,0.7375301755521844,0.5543572407773217
rwtd_40,2,0.3957660706338588,0.39998626708984375,-0.06731005338953706
rwtd_40,3,0.39088302086144766,0.39998626708984375,-0.06931262275743125
rwtd_40,4,0.38918560243570444,0.39998626708984375,-0.06633042173520247
rwtd_40,5,0.46818949321030223,0.39998626708984375,0.12212786542898718
rwtd_400,2,0.4833680689648888,0.4833680689648888,0.10033771234543774
rwtd_400,3,0.48557925267688273,0.49325525362499517,0.10413477421737934
rwtd_400,4,0.4877361880990768,0.4953707649626069,0.10602262689812249
rwtd_400,5,0.6513935860800144,0.6531359419343736,0.33544146052175183
rwtd_403,2,0.49925208513441455,0.39868927001953125,-0.0027744662304286863
rwtd_403,3,0.49705508490828954,0.39868927001953125,-0.010690616704135451
rwtd_403,4,0.7596931713971743,0.7628486254513226,0.6239031297400826
rwtd_403,5,0.7506222998287774,0.7526795162529043,0.6159141104989101
rwtd_408,2,0.4741395879323334,0.424560546875,-0.07062580040279312
rwtd_408,3,0.4479160009763638,0.424560546875,0.02542582674758311
rwtd_408,4,0.4334639114609653,0.424560546875,0.0003479027772933846
rwtd_408,5,0.6368717904246566,0.6898615896337135,0.31793369399881094
rwtd_41,2,0.8408507794490745,0.8408507794490745,0.7059873235463139
rwtd_41,3,0.8389042013774515,0.8408507794490745,0.7001546910619887
rwtd_41,4,0.8224226734798006,0.8361773492902743,0.6854831916719647
rwtd_41,5,0.4807524501054608,0.47711064449394164,0.15832238053554334
rwtd_410,2,0.4955909502644473,0.3471634206931514,0.03080411943624911
rwtd_410,3,0.476092555613492,0.48242345183968327,0.154025790391437
rwtd_410,4,0.47479743268649705,0.49701491449990565,0.1703670973179458
rwtd_410,5,0.4793113315395829,0.49701491449990565,0.1728580505113225
rwtd_411,2,0.7022556643702537,0.7022556643702537,0.5050693525714633
rwtd_411,3,0.5458944101716435,0.7022556643702537,0.2353439490645874
rwtd_411,4,0.7010707348326073,0.7022556643702537,0.5009859878295668
rwtd_411,5,0.35594486053744057,0.37416839599609375,-0.018447223301544784
rwtd_412,2,0.49943863184815457,0.3648488339605912,0.0030904301468034348
rwtd_412,3,0.49694748212034223,0.38894198946203434,0.037975947040120785
rwtd_412,4,0.49655441158973,0.395052141140855,0.04709760334803199
rwtd_412,5,0.4960620438361458,0.38754622331345395,0.034738974071521274
rwtd_413,2,0.49913891819308454,0.2670457646956906,0.0006738487933014185
rwtd_413,3,0.4980183718157248,0.2699704033885742,0.0009918898185475972
rwtd_413,4,0.49727104527024474,0.27201097525986984,0.0012427601723616975
rwtd_413,5,0.48725019627953015,0.26500179761105536,-0.0020531956219191514
rwtd_414,2,0.8599908471402011,0.8599908471402011,0.7272324742492565
rwtd_414,3,0.858191750410835,0.8599908471402011,0.7228850445634233
rwtd_414,4,0.858191750410835,0.8599908471402011,0.7228850445634233
rwtd_414,5,0.5391566571332347,0.7031750523560535,0.2707695059480176
rwtd_416,2,0.5325091319149626,0.39861297607421875,0.22671015384867238
rwtd_416,3,0.540942423313606,0.4551820291566809,0.3003871953062913
rwtd_416,4,0.45935750291022925,0.4551820291566809,-0.0004657026394747949
rwtd_416,5,0.6836752305435391,0.7084957172994373,0.5364742858130964
rwtd_417,2,0.39164817359874093,0.34557342529296875,0.0036466972669969666
rwtd_417,3,0.390446235859748,0.3522619474058826,0.00866206389029694
rwtd_417,4,0.4985788821556558,0.36024311804490616,0.0181801343053555
rwtd_417,5,0.38496628352872997,0.36024311804490616,0.01618161716425325
rwtd_418,2,0.49655965666580404,0.382568359375,-0.012007022383165223
rwtd_418,3,0.4928631310555572,0.382568359375,-0.023896947794002737
rwtd_418,4,0.4906107107183686,0.382568359375,-0.02079898251724737
rwtd_418,5,0.4862027240018405,0.382568359375,-0.03400096652885059
rwtd_422,2,0.49935892230965273,0.25322723388671875,-5.232325952311388e-05
rwtd_422,3,0.49620049834149355,0.2616849579241545,0.00022312289389119348
rwtd_422,4,0.968091214666088,0.9692248896190425,0.9362340368225454
rwtd_422,5,0.9642208977511029,0.9653451347772246,0.9285133064475074
rwtd_423,2,0.49825430194116815,0.334020168480914,0.014753358844436334
rwtd_423,3,0.4076779825886685,0.334020168480914,0.0226616601990368
rwtd_423,4,0.39721900104257,0.3441787185572207,0.021081382986977513
rwtd_423,5,0.49263870043784763,0.3604587846097654,0.0360353660045112
rwtd_424,2,0.42921039747655776,0.3952789306640625,-0.10255590714218125
rwtd_424,3,0.786093133321778,0.9037600944691249,0.45734353025804925
rwtd_424,4,0.5851981707737787,0.3952789306640625,0.2800306246806527
rwtd_424,5,0.786093133321778,0.9037600944691249,0.45734353025804925
rwtd_425,2,0.5275286916997473,0.5275286916997473,0.14734761008848687
rwtd_425,3,0.5299374886377322,0.5349874718475066,0.15058528463990783
rwtd_425,4,0.5299374886377322,0.5349874718475066,0.15058528463990783
rwtd_425,5,0.43964482839899455,0.4432639923813708,0.06674127901112709
rwtd_426,2,0.8350643474793241,0.8350643474793241,0.6953532746787805
rwtd_426,3,0.6826129722279388,0.8350643474793241,0.42646664537114726
rwtd_426,4,0.5609565382162194,0.5626609426446794,0.18942616953105004
rwtd_426,5,0.8336557507264211,0.8350643474793241,0.6914823479640086
rwtd_428,2,0.7771493578985222,0.7771493578985222,0.5814082219628212
rwtd_428,3,0.7749679513290983,0.7771493578985222,0.57587163113597
rwtd_428,4,0.4968943113406562,0.3240395009105338,0.006160475306901967
rwtd_428,5,0.7752723480661756,0.7824193028998524,0.5840116688073461
rwtd_429,2,0.7265058838996746,0.7265058838996746,0.5042278428069757
rwtd_429,3,0.7249507628593999,0.7396378385224254,0.5186487712124231
rwtd_429,4,0.7249507628593999,0.7396378385224254,0.5186487712124231
rwtd_429,5,0.6630070649431166,0.7160182471452455,0.47135551658136
rwtd_431,2,0.554341620351455,0.554341620351455,0.25343116738020904
rwtd_431,3,0.6081225718146686,0.758096279764791,0.49657177756195525
rwtd_431,4,0.6079087665578593,0.7573251261948557,0.49508500659012883
rwtd_431,5,0.434584591212688,0.5104213689185102,0.15931840428408092
rwtd_432,2,0.7654525340360682,0.7654525340360682,0.6021311035690554
rwtd_432,3,0.8384309659701179,0.8759093840437527,0.6536849529968224
rwtd_432,4,0.8645153078153738,0.8759093840437527,0.7502759266132137
rwtd_432,5,0.45616785900400436,0.38671875,-0.07740390028389056
rwtd_434,2,0.47982483010907584,0.284423828125,-0.013665796092734234
rwtd_434,3,0.8056527088670282,0.8659813759394568,0.6137930349175547
rwtd_434,4,0.8056527088670282,0.8659813759394568,0.6137930349175547
rwtd_434,5,0.8015260341774665,0.8071113923346138,0.6173935669565461
rwtd_436,2,0.43766931692704014,0.2866668701171875,-0.006671374826929116
rwtd_436,3,0.4369403636112308,0.2866668701171875,-0.00726715546945119
rwtd_436,4,0.49707577920203794,0.3013056122179535,0.00588438858277034
rwtd_436,5,0.49543537323097275,0.3013056122179535,0.003038590487430563
rwtd_437,2,0.4988392389632623,0.3327141083865998,0.010468371699858968
rwtd_437,3,0.4400227773582137,0.3327141083865998,0.04378687699724685
rwtd_437,4,0.4400227773582137,0.3327141083865998,0.04378687699724685
rwtd_437,5,0.4435481147813401,0.3327141083865998,0.04783749469125179
rwtd_44,2,0.5305621088584429,0.5305621088584429,0.17006856045026733
rwtd_44,3,0.561965080117532,0.6292384491487227,0.26648720045188895
rwtd_44,4,0.5596857779346618,0.6252268757348708,0.2614516401986252
rwtd_44,5,0.551651870311104,0.6052128292609558,0.23826899522239023
rwtd_440,2,0.43223255969027835,0.44754791259765625,-0.09490034736922183
rwtd_440,3,0.4054063616187198,0.44754791259765625,-0.10644471329095166
rwtd_440,4,0.43223255969027835,0.44754791259765625,-0.1030859019978387
rwtd_440,5,0.422393092476133,0.44754791259765625,-0.10437065671094846
rwtd_441,2,0.7555753502043112,0.7555753502043112,0.6247689363133819
rwtd_441,3,0.7582755315903336,0.771707739170632,0.647589478087794
rwtd_441,4,0.49866138038371316,0.4252177113718349,0.04930350131994561
rwtd_441,5,0.49684379677074164,0.4281967269511512,0.05355453209599647
rwtd_442,2,0.4991356231382308,0.3588714599609375,-0.0028959595482852315
rwtd_442,3,0.7362817135612496,0.7378190972844427,0.541282787070039
rwtd_442,4,0.7307062649954923,0.7378190972844427,0.5225631165646675
rwtd_442,5,0.41587968133080844,0.3588714599609375,-0.042039932514488065
rwtd_443,2,0.6388982366556517,0.42050933837890625,0.40831119056253073
rwtd_443,3,0.4403996051827952,0.42050933837890625,0.12979768752942447
rwtd_443,4,0.3676590087798848,0.42050933837890625,-0.047568727498651125
rwtd_443,5,0.35147440711935923,0.42050933837890625,-0.028356462363452916
rwtd_444,2,0.5280821598364911,0.5280821598364911,0.2462177746102296
rwtd_444,3,0.6038313623360685,0.7066694536588507,0.48001336347762186
rwtd_444,4,0.5705881504768682,0.597100372511344,0.3028321534838202
rwtd_444,5,0.5608570824278034,0.6718706691569416,0.4321008127846854
rwtd_447,2,0.6706243031026768,0.6706243031026768,0.49730283126687247
rwtd_447,3,0.5815772646423363,0.6706243031026768,0.21254714412492645
rwtd_447,4,0.5815772646423363,0.6706243031026768,0.21254714412492645
rwtd_447,5,0.7574406639726416,0.8529085876161825,0.4194459651466609
rwtd_448,2,0.8226523204810959,0.8226523204810959,0.6488923775774217
rwtd_448,3,0.8197534800172814,0.8226523204810959,0.6441876752841419
rwtd_448,4,0.8197534800172814,0.8226523204810959,0.6441876752841419
rwtd_448,5,0.8179773432511309,0.8193790268369935,0.6408291068201297
rwtd_449,2,0.7987788431318662,0.7987788431318662,0.6030713638021011
rwtd_449,3,0.8019948282948262,0.8058595746692265,0.6094291590373132
rwtd_449,4,0.7991500974141325,0.8058595746692265,0.6041537369935376
rwtd_449,5,0.7981811885321279,0.7987788431318662,0.6022599067773299
rwtd_45,2,0.9874268490429101,0.9874268490429101,0.976359809914262
rwtd_45,3,0.981034025241311,0.9874268490429101,0.9693404319152537
rwtd_45,4,0.9699167594448265,0.977283727825717,0.9494024361267644
rwtd_45,5,0.49582334030750125,0.35084449916166793,0.032346624275554
rwtd_450,2,0.4715199849980155,0.4346453278569008,0.09731294472592765
rwtd_450,3,0.7366417197366657,0.8302213240052128,0.5966157983798582
rwtd_450,4,0.6863547815331064,0.6934968715976226,0.4305204284937108
rwtd_450,5,0.8031598893839987,0.810030866408857,0.6262419939561434
rwtd_451,2,0.4966748374596638,0.3323822021484375,-0.009519203327687423
rwtd_451,3,0.7491427705805109,0.7556816366478643,0.5535392026332562
rwtd_451,4,0.7450779470183987,0.7488087719672982,0.549365847042186
rwtd_451,5,0.7455920189477963,0.7465718508064658,0.5539612667941003
rwtd_452,2,0.49870118181062534,0.29962158203125,0.0008053790773472024
rwtd_452,3,0.4104556300301071,0.4095284397567097,0.04109228105250681
rwtd_452,4,0.4078934738338463,0.4044089379739223,0.03634954760355693
rwtd_452,5,0.4075946314432178,0.41045811524283743,0.03873787130297972
rwtd_453,2,0.7164221239133055,0.7164221239133055,0.4924227974329073
rwtd_453,3,0.7129586846013235,0.7164221239133055,0.4913626073845883
rwtd_453,4,0.7008415838079487,0.7043050231199306,0.471516637941124
rwtd_453,5,0.7078608132544737,0.7164221239133055,0.48990314328810997
rwtd_455,2,0.8129475197898796,0.8129475197898796,0.7017886141810774
rwtd_455,3,0.8117841663537988,0.8129475197898796,0.6965526879025995
rwtd_455,4,0.8068548831798794,0.8091071354321318,0.684931882360076
rwtd_455,5,0.8068548831798794,0.8091071354321318,0.684931882360076
rwtd_456,2,0.7124372777650221,0.7124372777650221,0.4627043016231366
rwtd_456,3,0.7109698045740112,0.7124372777650221,0.45921705914107097
rwtd_456,4,0.7148154505300119,0.7162736878691153,0.46789381568180655
rwtd_456,5,0.49527921216571524,0.31036376953125,-0.0026981244091391684
rwtd_457,2,0.7763203655599145,0.7763203655599145,0.5960601443301505
rwtd_457,3,0.6534992117444918,0.7763203655599145,0.371805596943453
rwtd_457,4,0.5343393612583113,0.5631775875965283,0.19911820762511934
rwtd_457,5,0.7757560190787931,0.7759231012188966,0.5962072643251468
rwtd_461,2,0.5109102377367215,0.5109102377367215,0.16215296602759566
rwtd_461,3,0.5036535446347414,0.5109102377367215,0.16126738841074093
rwtd_461,4,0.5042055503072547,0.5087338549597128,0.16011859434383396
rwtd_461,5,0.49611114153488023,0.3044275531775921,0.004069731265287975
rwtd_463,2,0.47855106365932004,0.3950347900390625,-0.0621779264330003
rwtd_463,3,0.4763842582426453,0.3950347900390625,-0.06780543659077937
rwtd_463,4,0.8908012058733015,0.8942555014570033,0.8212703245174025
rwtd_463,5,0.7721202889633187,0.7755746486995988,0.6201969950385954
rwtd_464,2,0.7889568523603943,0.7889568523603943,0.6022319896254745
rwtd_464,3,0.7876812522463561,0.7889568523603943,0.5990802688474697
rwtd_464,4,0.6739539003233572,0.7889568523603943,0.43707723508079044
rwtd_464,5,0.6164821792790962,0.6179237926721404,0.27581517964125113
rwtd_465,2,0.4986188393307585,0.3654937744140625,-0.0047068029466777565
rwtd_465,3,0.4069614855618427,0.3654937744140625,-0.03371405390313119
rwtd_465,4,0.4188227785469426,0.3654937744140625,-0.05977203948108797
rwtd_465,5,0.4188227785469426,0.3654937744140625,-0.09008645531543637
rwtd_466,2,0.498898591896868,0.3721923828125,0.0020990817339164654
rwtd_466,3,0.4961908106461963,0.3721923828125,-0.007132991657205363
rwtd_466,4,0.4948449257333375,0.3721923828125,-0.01162401030809372
rwtd_466,5,0.49492139503730476,0.3721923828125,-0.008279107643025153
rwtd_467,2,0.7680530054529191,0.7680530054529191,0.544917148629076
rwtd_467,3,0.7637698264948176,0.7680530054529191,0.5375978606269316
rwtd_467,4,0.7543294869739516,0.7585704648001652,0.5201110320210041
rwtd_467,5,0.598516029030931,0.7509312770923339,0.39233418407663523
rwtd_468,2,0.517026460218773,0.517026460218773,0.15392377410679428
rwtd_468,3,0.5180411965683084,0.5214840254252505,0.1562627729224279
rwtd_468,4,0.5109735298378741,0.5140974957370691,0.13409842670775765
rwtd_468,5,0.8085199680544891,0.8165919583577035,0.627238164390054
rwtd_469,2,0.4220525911986984,0.37139129638671875,-0.06233434112278155
rwtd_469,3,0.417500829908324,0.3924748219445467,-0.04319703118857365
rwtd_469,4,0.417500829908324,0.37139129638671875,-0.052421010364966894
rwtd_469,5,0.45907540431816607,0.3921580065805425,-0.0527333619525447
rwtd_47,2,0.3712030510722536,0.35710745916257586,0.003622050657074498
rwtd_47,3,0.36980533744950334,0.35897968598258406,0.004035227389293789
rwtd_47,4,0.3684748345603472,0.36112204481760457,0.0045740593180699
rwtd_47,5,0.36980533744950334,0.3180081214773095,0.009215267955126486
rwtd_471,2,0.5376826071078257,0.5376826071078257,0.2055725715202355
rwtd_471,3,0.5135874955634891,0.5376826071078257,0.19551277862321637
rwtd_471,4,0.5135874955634891,0.5376826071078257,0.19551277862321637
rwtd_471,5,0.5324910633602837,0.5376826071078257,0.19755817624018715
rwtd_472,2,0.5254547400579219,0.5254547400579219,0.1771108736759841
rwtd_472,3,0.562138090161798,0.7093440209192552,0.3741400883068558
rwtd_472,4,0.5230561478050226,0.5254547400579219,0.1731560405954318
rwtd_472,5,0.7067252983100656,0.7093440209192552,0.4328602819415949
rwtd_473,2,0.4813712883254383,0.407196044921875,-0.056195814009967975
rwtd_473,3,0.4575161022902883,0.407196044921875,-0.1039314347414424
rwtd_473,4,0.6549876173268365,0.6920878938621644,0.36706454212065
rwtd_473,5,0.6391919203175352,0.6707717746985331,0.35336685182213806
rwtd_474,2,0.40071421567742854,0.34864044189453125,-0.0017858067594212525
rwtd_474,3,0.40071421567742854,0.34864044189453125,-0.004334283244684565
rwtd_474,4,0.5547313266993752,0.5564532722329134,0.2514999693326808
rwtd_474,5,0.3253067804157502,0.34864044189453125,0.004965173199324205
rwtd_475,2,0.4991898028846804,0.3092859925366993,0.0029824194717441447
rwtd_475,3,0.6267550909397959,0.6298935488410379,0.338369070296885
rwtd_475,4,0.6917144734185683,0.6946638781461542,0.4332824094042988
rwtd_475,5,0.4972812740341443,0.5515987981535685,0.21391077020067223
rwtd_476,2,0.49536444783693384,0.4288429609760191,0.10407311802654111
rwtd_476,3,0.48191424650672027,0.5131515149584815,0.21187122009498197
rwtd_476,4,0.47480410801360573,0.5146764155848433,0.20871264010938148
rwtd_476,5,0.5261398912241073,0.6093229771754621,0.34029715666996835
rwtd_478,2,0.49887581888281807,0.3463897705078125,-0.0035675148385477637
rwtd_478,3,0.5195002241251958,0.3463897705078125,0.13263415178965438
rwtd_478,4,0.5463282075374343,0.5482321011339161,0.2301312317179158
rwtd_478,5,0.5143616587458542,0.36583204582986895,0.14175739243474442
rwtd_479,2,0.40382685974213545,0.407257080078125,-0.0887407630463324
rwtd_479,3,0.4029103091567597,0.407257080078125,-0.08936011206731291
rwtd_479,4,0.4029103091567597,0.407257080078125,-0.09275832087520923
rwtd_479,5,0.49545050593041473,0.407257080078125,-0.016413950220175
rwtd_48,2,0.9247482496061037,0.9247482496061037,0.850188194697349
rwtd_48,3,0.7805257738820003,0.9247482496061037,0.6299937702416993
rwtd_48,4,0.4621449856966956,0.41728279274132996,0.046943251090594836
rwtd_48,5,0.6682365756861104,0.6711761208885507,0.3664968796012447
rwtd_485,2,0.8017239651850225,0.8017239651850225,0.6625415930685606
rwtd_485,3,0.6859897959554666,0.8017239651850225,0.3868985115264216
rwtd_485,4,0.6798980050872385,0.8017239651850225,0.37963967961179107
rwtd_485,5,0.42201295182633125,0.34386444091796875,-0.059231787933606624
rwtd_492,2,0.535830960199236,0.535830960199236,0.1611428566229413
rwtd_492,3,0.5402130122929825,0.5492872800754092,0.16797852752794273
rwtd_492,4,0.5375325729624385,0.5492872800754092,0.1649222255141849
rwtd_492,5,0.5234486380235038,0.535830960199236,0.14706472100530052
rwtd_5,2,0.4781430834665298,0.33022308349609375,-0.04655748486539959
rwtd_5,3,0.7822354254431105,0.8287113371296017,0.5635136259083416
rwtd_5,4,0.420194260782551,0.33022308349609375,0.02503127241333985
rwtd_5,5,0.5369225399723927,0.7177767701262068,0.257342549934676
rwtd_51,2,0.4987815142760115,0.2616529873290937,0.0005298709600625499
rwtd_51,3,0.4945457729055518,0.2845566509537821,0.0036909517931152987
rwtd_51,4,0.49354085758738286,0.289500189997312,0.004467865235357804
rwtd_51,5,0.49354085758738286,0.289500189997312,0.004751647631136351
rwtd_54,2,0.5077253766098913,0.5077253766098913,0.15946596500363067
rwtd_54,3,0.529956933274912,0.5900405015736714,0.2647830803273364
rwtd_54,4,0.5894014529850181,0.5991138233155375,0.28114654737851696
rwtd_54,5,0.478188460881415,0.49914353702249686,0.1835573091355842
rwtd_56,2,0.411436337417624,0.40063631560868,0.029203214801903188
rwtd_56,3,0.4094688811087307,0.40063631560868,0.02729028976672409
rwtd_56,4,0.40059341473222376,0.40063631560868,0.026783942012606525
rwtd_56,5,0.4021295588531921,0.40237116070320267,0.02826790968776765
rwtd_58,2,0.5621223880851103,0.5621223880851103,0.2116463629024592
rwtd_58,3,0.5587178302254785,0.5621223880851103,0.20781416755488524
rwtd_58,4,0.5603848651091594,0.5621223880851103,0.2095501877502055
rwtd_58,5,0.49767145879908203,0.27220594334737214,0.0016909541750471104
rwtd_59,2,0.40374117449500585,0.40374117449500585,0.03133762130437734
rwtd_59,3,0.44303638052812755,0.5193155978513188,0.1414401468868416
rwtd_59,4,0.4921479439446702,0.49355668084774895,0.11101676029726557
rwtd_59,5,0.5220521636319226,0.5239191837485109,0.1447497079172479
rwtd_60,2,0.701772626947086,0.701772626947086,0.42955378378194475
rwtd_60,3,0.6990753480283767,0.701772626947086,0.42793522718695076
rwtd_60,4,0.47626555825170835,0.33036442289968987,-0.033965469821397365
rwtd_60,5,0.671156493185145,0.7114428264563835,0.3990824280823744
rwtd_63,2,0.4973849357742288,0.32721710205078125,-0.007294374441172245
rwtd_63,3,0.4931782512187318,0.32721710205078125,-0.018386104260087955
rwtd_63,4,0.4917914846235404,0.32721710205078125,-0.021840231518645222
rwtd_63,5,0.49258375954234795,0.32721710205078125,-0.01957939189048
rwtd_67,2,0.4432296034108716,0.4232025146484375,0.10021558308006198
rwtd_67,3,0.3120626557385062,0.4232025146484375,0.0045736430736193654
rwtd_67,4,0.30552853410470543,0.4232025146484375,0.0016996470390460451
rwtd_67,5,0.4201534770590276,0.4232025146484375,0.06602615315663939
rwtd_69,2,0.6007895518296509,0.6007895518296509,0.26522592448017895
rwtd_69,3,0.6740646056882084,0.7985570779476885,0.4556725117646053
rwtd_69,4,0.5514079615596412,0.6007895518296509,0.23834844654652984
rwtd_69,5,0.6161216446889597,0.7399475847864343,0.38175014894804293
rwtd_70,2,0.4988831845124063,0.25609588623046875,-0.00034051231334462966
rwtd_70,3,0.4983350758438454,0.2589315830205534,-0.00013867969257057603
rwtd_70,4,0.7440106427838686,0.7457899585449248,0.5028693180229401
rwtd_70,5,0.739130719480636,0.7445673981642039,0.495130049715034
rwtd_71,2,0.4755153751294143,0.3994903564453125,-0.06880886415422727
rwtd_71,3,0.4745333639015052,0.3994903564453125,-0.07126436034197998
rwtd_71,4,0.4462178321107739,0.3994903564453125,-0.11783781032341667
rwtd_71,5,0.7515985485591006,0.8346148504098292,0.4449462225219323
rwtd_73,2,0.4995455044690589,0.26175697831967804,0.0003066301796152609
rwtd_73,3,0.49334604097424917,0.26175697831967804,-0.0010725080487256429
rwtd_73,4,0.49334604097424917,0.25930023193359375,-0.0013332631556126004
rwtd_73,5,0.49240525758306897,0.25930023193359375,-0.0010632735713129605
rwtd_74,2,0.7382334964643483,0.7382334964643483,0.5129574477070077
rwtd_74,3,0.7368223855944527,0.7382334964643483,0.5096027434940581
rwtd_74,4,0.498773321900401,0.28993187510855895,0.0008266165564576238
rwtd_74,5,0.7366143839117073,0.7486554638221705,0.5182549599114036
rwtd_76,2,0.4988572207130325,0.26473236083984375,-0.0008897298779982759
rwtd_76,3,0.49767170940496364,0.26473236083984375,-0.0017379311311814729
rwtd_76,4,0.4982532541007795,0.26473236083984375,-0.0013397462273645139
rwtd_76,5,0.4971123571569794,0.26473236083984375,-0.0020851232352306
rwtd_77,2,0.33611200274131536,0.399566650390625,-0.0032601423869150488
rwtd_77,3,0.33611200274131536,0.399566650390625,-0.006354626298630681
rwtd_77,4,0.318908285472715,0.49949382993437696,0.06318920558567226
rwtd_77,5,0.3279826655961397,0.5041379569685283,0.06941406618443687
rwtd_78,2,0.443080876917438,0.34325408935546875,-0.058365029630609765
rwtd_78,3,0.5878645268411039,0.7060575968222442,0.2519259514513384
rwtd_78,4,0.5824893749830593,0.7060575968222442,0.24932040237243402
rwtd_78,5,0.37386286803630797,0.34325408935546875,0.009645404468462914
rwtd_79,2,0.35700065841074036,0.44039154052734375,-0.026789575607516512
rwtd_79,3,0.3561390534145281,0.44039154052734375,-0.02747203553350226
rwtd_79,4,0.3530273100229422,0.44039154052734375,-0.026932525798952153
rwtd_79,5,0.5272132868352298,0.5320864019025677,0.20085813145328385
rwtd_8,2,0.48273143510883715,0.28212738037109375,-0.012683896502059422
rwtd_8,3,0.48273143510883715,0.28212738037109375,-0.015885379137223453
rwtd_8,4,0.4859473725416623,0.28212738037109375,-0.01360989745742247
rwtd_8,5,0.48524090690562915,0.28212738037109375,-0.013872213770072316
rwtd_84,2,0.6084703320614343,0.6084703320614343,0.2649205058942247
rwtd_84,3,0.6575873438110339,0.7549127494536638,0.404145476147937
rwtd_84,4,0.6575873438110339,0.7549127494536638,0.404145476147937
rwtd_84,5,0.38748625525252833,0.3688316850230642,0.008608598458164174
rwtd_85,2,0.9183812434488756,0.9183812434488756,0.8404091807758006
rwtd_85,3,0.8982605880707992,0.9183812434488756,0.8128257663387003
rwtd_85,4,0.9039814539052207,0.924017635084181,0.8233513772896581
rwtd_85,5,0.49452960935799917,0.3083001003910514,0.011977716063467586
rwtd_86,2,0.49930551097486203,0.33673095703125,0.0005175990490087867
rwtd_86,3,0.3958190550282643,0.33673095703125,-0.014632214287978933
rwtd_86,4,0.3948379859163691,0.33673095703125,-0.014192767174957252
rwtd_86,5,0.5910908829641677,0.5925546173863014,0.27473172674033336
rwtd_88,2,0.49957090582757346,0.3453489923152495,0.0061173354441545575
rwtd_88,3,0.4004763491939535,0.3453489923152495,-0.00755937483759974
rwtd_88,4,0.40171638587813335,0.34020233154296875,-0.01848551464370417
rwtd_88,5,0.4001406816050961,0.34020233154296875,-0.015401416730259134
rwtd_91,2,0.4953377578645266,0.325186158264429,0.020044274478083223
rwtd_91,3,0.4259927271948324,0.325186158264429,0.012440302929496523
rwtd_91,4,0.4137656188867307,0.29079437255859375,-0.004276026310617254
rwtd_91,5,0.4167879952483651,0.325186158264429,0.01785043358402725
rwtd_93,2,0.4728938397057799,0.27574920654296875,0.0005433243141542937
rwtd_93,3,0.43135873685240056,0.39481166538551715,0.01804712121364814
rwtd_93,4,0.43052123564793554,0.3930441644742426,0.01783129088634928
rwtd_93,5,0.43052123564793554,0.38980382169188577,0.024597119543830436
rwtd_95,2,0.4920704066761683,0.28930753055461367,0.003992317966977997
rwtd_95,3,0.4839355766845288,0.28930753055461367,0.0034223002534390858
rwtd_95,4,0.49020086662809403,0.2855904048960258,0.002466121123999631
rwtd_95,5,0.4671347626025779,0.345508444437192,0.011493929994492938
rwtd_96,2,0.47016364624583895,0.2867279052734375,-0.010964471700985806
rwtd_96,3,0.46607182023535976,0.2867279052734375,-0.014783295149054859
rwtd_96,4,0.46480413170637636,0.2929887225599406,-0.010153866734572161
rwtd_96,5,0.479782369092674,0.2867279052734375,-0.01791100948031589
